date,symbol,expiry,open,high,low,close,volume,oi
2025-10-01,GOLDGUINEA,2025-10-31,94299.0,94955.0,93855.0,94517.0,12112,8731
2025-10-01,GOLDGUINEA,2025-11-28,95027.0,95491.0,94510.0,95116.0,7231,9043
2025-10-01,GOLDGUINEA,2025-12-31,95617.0,96120.0,95203.0,95757.0,2887,3394
2025-10-01,GOLDGUINEA,2026-01-30,96863.0,96913.0,96000.0,96522.0,464,634
2025-10-01,GOLDGUINEA,2026-02-27,97321.0,97532.0,96712.0,97345.0,47,36
2025-10-01,GOLDGUINEA,2026-03-31,98091.0,98091.0,98091.0,98091.0,1,1
2025-10-01,GOLDM,2025-10-03,116693.0,118451.0,115800.0,117046.0,753,1195
2025-10-01,GOLDM,2025-11-05,116999.0,117700.0,116306.0,116968.0,61451,38110
2025-10-01,GOLDM,2025-12-05,117753.0,118415.0,117077.0,117646.0,20718,15212
2025-10-01,GOLDM,2026-01-05,118694.0,119324.0,118010.0,118395.0,3996,3096
2025-10-01,GOLDM,2026-02-05,119226.0,119887.0,118714.0,119051.0,617,446
2025-10-01,GOLDM,2026-03-05,120284.0,120747.0,119655.0,120163.0,177,153
2025-10-01,GOLDPETAL,2025-10-31,11780.0,11850.0,11721.0,11795.0,198278,114020
2025-10-01,GOLDPETAL,2025-11-28,11850.0,11930.0,11707.0,11878.0,130404,96178
2025-10-01,GOLDPETAL,2025-12-31,11935.0,11996.0,11879.0,11956.0,63464,53431
2025-10-01,GOLDPETAL,2026-01-30,12045.0,12127.0,11972.0,12058.0,8054,5316
2025-10-01,GOLDPETAL,2026-02-27,12176.0,12190.0,12078.0,12158.0,4911,3467
2025-10-01,GOLDPETAL,2026-03-31,12233.0,12319.0,12156.0,12259.0,1361,1055
2025-10-01,GOLDTEN,2025-10-31,117249.0,117988.0,116690.0,117393.0,15652,10813
2025-10-01,GOLDTEN,2025-11-28,118095.0,118700.0,117415.0,118034.0,9389,8885
2025-10-01,GOLDTEN,2025-12-31,119500.0,119961.0,118309.0,118777.0,4418,7388
2025-10-01,GOLDTEN,2026-01-30,119999.0,120422.0,119206.0,119656.0,631,421
2025-10-01,GOLDTEN,2026-02-27,120757.0,121158.0,120300.0,120745.0,210,111
2025-10-01,GOLDTEN,2026-03-31,121587.0,121778.0,121340.0,121663.0,13,13
2025-10-03,GOLDGUINEA,2025-10-31,94505.0,94944.0,94000.0,94711.0,13887,9443
2025-10-03,GOLDGUINEA,2025-11-28,94868.0,96224.0,94340.0,95324.0,7629,8800
2025-10-03,GOLDGUINEA,2025-12-31,95301.0,96450.0,95017.0,95964.0,3713,4345
2025-10-03,GOLDGUINEA,2026-01-30,96460.0,96850.0,95900.0,96574.0,447,657
2025-10-03,GOLDGUINEA,2026-02-27,94753.0,97402.0,94753.0,97129.0,34,42
2025-10-03,GOLDGUINEA,2026-03-31,97949.0,97949.0,97949.0,97949.0,11,10
2025-10-03,GOLDM,2025-10-03,115969.0,118282.0,115920.0,117139.0,353,909
2025-10-03,GOLDM,2025-11-05,116433.0,117620.0,115900.0,117370.0,51023,38720
2025-10-03,GOLDM,2025-12-05,117209.0,118318.0,116600.0,118094.0,17218,14772
2025-10-03,GOLDM,2026-01-05,117820.0,119000.0,117651.0,118852.0,3339,3057
2025-10-03,GOLDM,2026-02-05,118475.0,119633.0,118284.0,119416.0,636,446
2025-10-03,GOLDM,2026-03-05,119633.0,120470.0,119000.0,120163.0,232,186
2025-10-03,GOLDPETAL,2025-10-31,11789.0,11846.0,11706.0,11827.0,167953,108297
2025-10-03,GOLDPETAL,2025-11-28,11851.0,11919.0,11800.0,11902.0,94235,100315
2025-10-03,GOLDPETAL,2025-12-31,11957.0,12000.0,11841.0,11980.0,40725,55997
2025-10-03,GOLDPETAL,2026-01-30,12037.0,12095.0,11975.0,12062.0,6437,6505
2025-10-03,GOLDPETAL,2026-02-27,12137.0,12199.0,12085.0,12146.0,3309,3879
2025-10-03,GOLDPETAL,2026-03-31,12245.0,12279.0,12180.0,12245.0,1093,1611
2025-10-03,GOLDTEN,2025-10-31,117249.0,117930.0,116445.0,117696.0,11457,10582
2025-10-03,GOLDTEN,2025-11-28,117502.0,118749.0,117012.0,118422.0,9538,9160
2025-10-03,GOLDTEN,2025-12-31,118451.0,119387.0,118100.0,119053.0,6101,5564
2025-10-03,GOLDTEN,2026-01-30,119260.0,120200.0,118999.0,119894.0,638,628
2025-10-03,GOLDTEN,2026-02-27,119900.0,121204.0,119879.0,120795.0,139,152
2025-10-03,GOLDTEN,2026-03-31,120850.0,122455.0,120632.0,121699.0,20,29
2025-10-06,GOLDGUINEA,2025-10-31,95179.0,96595.0,95127.0,96402.0,11807,8527
2025-10-06,GOLDGUINEA,2025-11-28,95820.0,96962.0,95629.0,96817.0,10330,7776
2025-10-06,GOLDGUINEA,2025-12-31,96561.0,97660.0,96363.0,97538.0,3462,4674
2025-10-06,GOLDGUINEA,2026-01-30,97514.0,98320.0,97016.0,98174.0,720,638
2025-10-06,GOLDGUINEA,2026-02-27,98061.0,99305.0,97875.0,99014.0,203,128
2025-10-06,GOLDGUINEA,2026-03-31,98674.0,99000.0,98187.0,98608.0,13,15
2025-10-06,GOLDM,2025-11-05,117979.0,119793.0,117979.0,119524.0,66826,39097
2025-10-06,GOLDM,2025-12-05,118299.0,120547.0,118299.0,120256.0,25247,15582
2025-10-06,GOLDM,2026-01-05,119095.0,121324.0,119095.0,121018.0,5716,3782
2025-10-06,GOLDM,2026-02-05,120496.0,121924.0,120429.0,121716.0,969,532
2025-10-06,GOLDM,2026-03-05,121308.0,122798.0,121110.0,122557.0,436,243
2025-10-06,GOLDM,2026-04-03,,,,120443.0,0,0
2025-10-06,GOLDPETAL,2025-10-31,11880.0,12054.0,11880.0,12039.0,193852,103150
2025-10-06,GOLDPETAL,2025-11-28,11920.0,12134.0,11920.0,12119.0,127926,95702
2025-10-06,GOLDPETAL,2025-12-31,11998.0,12200.0,11998.0,12193.0,66016,58251
2025-10-06,GOLDPETAL,2026-01-30,12115.0,12280.0,12113.0,12271.0,9586,6227
2025-10-06,GOLDPETAL,2026-02-27,12227.0,12368.0,12201.0,12360.0,5623,3897
2025-10-06,GOLDPETAL,2026-03-31,12313.0,12610.0,12313.0,12448.0,2410,2101
2025-10-06,GOLDTEN,2025-10-31,118237.0,120075.0,118237.0,119843.0,16249,11298
2025-10-06,GOLDTEN,2025-11-28,118900.0,120750.0,118500.0,120549.0,13191,7671
2025-10-06,GOLDTEN,2025-12-31,119890.0,121500.0,119300.0,121330.0,7448,4519
2025-10-06,GOLDTEN,2026-01-30,120970.0,122384.0,120947.0,122138.0,1122,663
2025-10-06,GOLDTEN,2026-02-27,121909.0,123205.0,121684.0,122898.0,191,174
2025-10-06,GOLDTEN,2026-03-31,122843.0,124933.0,122838.0,124333.0,43,59
2025-10-07,GOLDGUINEA,2025-10-31,96494.0,97490.0,96353.0,97237.0,13712,9459
2025-10-07,GOLDGUINEA,2025-11-28,96998.0,97799.0,96663.0,97652.0,8271,8146
2025-10-07,GOLDGUINEA,2025-12-31,97778.0,98389.0,97450.0,98311.0,4621,5499
2025-10-07,GOLDGUINEA,2026-01-30,98500.0,99459.0,98167.0,99115.0,787,743
2025-10-07,GOLDGUINEA,2026-02-27,99443.0,99807.0,99000.0,99666.0,213,165
2025-10-07,GOLDGUINEA,2026-03-31,99845.0,100089.0,99792.0,99867.0,18,11
2025-10-07,GOLDM,2025-11-05,119759.0,120495.0,119160.0,120354.0,76339,39533
2025-10-07,GOLDM,2025-12-05,120291.0,121215.0,119856.0,121068.0,28096,17558
2025-10-07,GOLDM,2026-01-05,121330.0,121989.0,120637.0,121865.0,7480,3899
2025-10-07,GOLDM,2026-02-05,122041.0,122646.0,121334.0,122545.0,1235,722
2025-10-07,GOLDM,2026-03-05,122954.0,123550.0,122300.0,123397.0,324,304
2025-10-07,GOLDM,2026-04-03,123284.0,124118.0,123200.0,123574.0,10,10
2025-10-07,GOLDPETAL,2025-10-31,12049.0,12140.0,12002.0,12127.0,257022,112337
2025-10-07,GOLDPETAL,2025-11-28,12135.0,12218.0,12091.0,12204.0,141765,105744
2025-10-07,GOLDPETAL,2025-12-31,12208.0,12294.0,12172.0,12282.0,83531,62583
2025-10-07,GOLDPETAL,2026-01-30,12290.0,12376.0,12265.0,12369.0,7417,5708
2025-10-07,GOLDPETAL,2026-02-27,12400.0,12475.0,12335.0,12469.0,5785,4047
2025-10-07,GOLDPETAL,2026-03-31,12126.0,12568.0,12126.0,12551.0,1832,2620
2025-10-07,GOLDTEN,2025-10-31,120079.0,120838.0,119541.0,120632.0,17944,11853
2025-10-07,GOLDTEN,2025-11-28,120783.0,121500.0,120204.0,121360.0,11595,7927
2025-10-07,GOLDTEN,2025-12-31,121581.0,122200.0,120950.0,122053.0,6859,4389
2025-10-07,GOLDTEN,2026-01-30,122408.0,123050.0,121792.0,122903.0,818,713
2025-10-07,GOLDTEN,2026-02-27,123379.0,124300.0,122583.0,123808.0,467,206
2025-10-07,GOLDTEN,2026-03-31,124248.0,124649.0,123628.0,124044.0,63,105
2025-10-08,GOLDGUINEA,2025-10-31,97699.0,99925.0,97555.0,99377.0,14483,10045
2025-10-08,GOLDGUINEA,2025-11-28,97491.0,99943.0,97491.0,99804.0,9086,8808
2025-10-08,GOLDGUINEA,2025-12-31,99002.0,100500.0,98689.0,99762.0,5801,5864
2025-10-08,GOLDGUINEA,2026-01-30,99847.0,101397.0,99351.0,101010.0,1175,886
2025-10-08,GOLDGUINEA,2026-02-27,100450.0,102007.0,100300.0,101798.0,527,224
2025-10-08,GOLDGUINEA,2026-03-31,100683.0,101984.0,100683.0,101712.0,29,18
2025-10-08,GOLDM,2025-11-05,120759.0,122723.0,120759.0,122542.0,76521,39499
2025-10-08,GOLDM,2025-12-05,121852.0,123474.0,121782.0,123263.0,29517,18072
2025-10-08,GOLDM,2026-01-05,122849.0,124279.0,122585.0,124032.0,9941,5105
2025-10-08,GOLDM,2026-02-05,123401.0,124934.0,123300.0,124762.0,1391,882
2025-10-08,GOLDM,2026-03-05,124380.0,125865.0,124179.0,125702.0,620,387
2025-10-08,GOLDM,2026-04-03,124895.0,126596.0,124895.0,126415.0,58,51
2025-10-08,GOLDPETAL,2025-10-31,12139.0,12373.0,12139.0,12357.0,213528,114674
2025-10-08,GOLDPETAL,2025-11-28,12214.0,12476.0,12214.0,12456.0,157690,113603
2025-10-08,GOLDPETAL,2025-12-31,12225.0,12558.0,12225.0,12542.0,81957,69603
2025-10-08,GOLDPETAL,2026-01-30,12397.0,12650.0,12397.0,12634.0,11361,6598
2025-10-08,GOLDPETAL,2026-02-27,12492.0,12737.0,12492.0,12727.0,8318,5537
2025-10-08,GOLDPETAL,2026-03-31,12552.0,12825.0,12552.0,12813.0,7015,4494
2025-10-08,GOLDTEN,2025-10-31,120699.0,123065.0,120699.0,122888.0,18740,9813
2025-10-08,GOLDTEN,2025-11-28,121860.0,123930.0,121860.0,123702.0,15503,10736
2025-10-08,GOLDTEN,2025-12-31,122276.0,125945.0,122276.0,124505.0,15153,10899
2025-10-08,GOLDTEN,2026-01-30,123195.0,125596.0,123195.0,125225.0,2081,1002
2025-10-08,GOLDTEN,2026-02-27,124076.0,126378.0,124076.0,126124.0,432,271
2025-10-08,GOLDTEN,2026-03-31,125129.0,126974.0,125129.0,126801.0,82,87
2025-10-09,GOLDGUINEA,2025-10-31,99400.0,99900.0,96600.0,97241.0,22511,10633
2025-10-09,GOLDGUINEA,2025-11-28,99502.0,100250.0,96850.0,97585.0,15260,8363
2025-10-09,GOLDGUINEA,2025-12-31,99501.0,100986.0,97540.0,98167.0,8424,5871
2025-10-09,GOLDGUINEA,2026-01-30,100718.0,101527.0,98307.0,99029.0,1349,874
2025-10-09,GOLDGUINEA,2026-02-27,101204.0,102298.0,99500.0,99815.0,528,354
2025-10-09,GOLDGUINEA,2026-03-31,101760.0,103003.0,101000.0,102133.0,28,37
2025-10-09,GOLDM,2025-11-05,122280.0,123108.0,119500.0,119869.0,108115,38141
2025-10-09,GOLDM,2025-12-05,123574.0,123722.0,120158.0,120546.0,44056,21265
2025-10-09,GOLDM,2026-01-05,123900.0,124571.0,121000.0,121310.0,10690,6969
2025-10-09,GOLDM,2026-02-05,124445.0,125200.0,121752.0,122059.0,2293,1200
2025-10-09,GOLDM,2026-03-05,125250.0,126158.0,122643.0,122952.0,622,495
2025-10-09,GOLDM,2026-04-03,125964.0,127088.0,124043.0,124219.0,123,132
2025-10-09,GOLDPETAL,2025-10-31,12326.0,12450.0,12072.0,12125.0,320781,110343
2025-10-09,GOLDPETAL,2025-11-28,12431.0,12525.0,12152.0,12211.0,213811,134640
2025-10-09,GOLDPETAL,2025-12-31,12508.0,12603.0,12232.0,12300.0,126141,88793
2025-10-09,GOLDPETAL,2026-01-30,12599.0,12700.0,12323.0,12383.0,16314,8145
2025-10-09,GOLDPETAL,2026-02-27,12700.0,12795.0,12412.0,12478.0,10617,6244
2025-10-09,GOLDPETAL,2026-03-31,12790.0,12888.0,12504.0,12570.0,6497,6154
2025-10-09,GOLDTEN,2025-10-31,122201.0,123893.0,120000.0,120300.0,23409,11819
2025-10-09,GOLDTEN,2025-11-28,123181.0,124200.0,120622.0,121143.0,20716,14461
2025-10-09,GOLDTEN,2025-12-31,124000.0,125105.0,121610.0,122082.0,11212,13739
2025-10-09,GOLDTEN,2026-01-30,124529.0,125794.0,122415.0,122689.0,1878,1165
2025-10-09,GOLDTEN,2026-02-27,125800.0,126665.0,123322.0,123639.0,429,310
2025-10-09,GOLDTEN,2026-03-31,126463.0,127338.0,124384.0,124624.0,84,103
2025-10-10,GOLDGUINEA,2025-10-31,98489.0,98489.0,96310.0,97708.0,19240,9511
2025-10-10,GOLDGUINEA,2025-11-28,97715.0,98850.0,96702.0,98298.0,11426,8824
2025-10-10,GOLDGUINEA,2025-12-31,98251.0,99500.0,97408.0,98875.0,5176,6435
2025-10-10,GOLDGUINEA,2026-01-30,99131.0,100316.0,98266.0,99701.0,873,883
2025-10-10,GOLDGUINEA,2026-02-27,99985.0,101060.0,99112.0,100662.0,271,430
2025-10-10,GOLDGUINEA,2026-03-31,99773.0,100790.0,99216.0,100386.0,23,36
2025-10-10,GOLDM,2025-11-05,119869.0,121669.0,119300.0,120727.0,102118,37818
2025-10-10,GOLDM,2025-12-05,120853.0,122250.0,120010.0,121355.0,33159,22414
2025-10-10,GOLDM,2026-01-05,121529.0,123073.0,120774.0,122184.0,8110,7457
2025-10-10,GOLDM,2026-02-05,122579.0,123732.0,121388.0,122868.0,1421,1111
2025-10-10,GOLDM,2026-03-05,123546.0,124500.0,122313.0,123637.0,287,486
2025-10-10,GOLDM,2026-04-03,124961.0,125725.0,123774.0,124977.0,140,168
2025-10-10,GOLDPETAL,2025-10-31,12150.0,12260.0,12010.0,12194.0,279239,98747
2025-10-10,GOLDPETAL,2025-11-28,12293.0,12350.0,12072.0,12268.0,180134,133047
2025-10-10,GOLDPETAL,2025-12-31,12314.0,12417.0,12087.0,12348.0,94127,89572
2025-10-10,GOLDPETAL,2026-01-30,12404.0,12505.0,12280.0,12428.0,9950,8424
2025-10-10,GOLDPETAL,2026-02-27,12488.0,12590.0,12367.0,12517.0,5133,6480
2025-10-10,GOLDPETAL,2026-03-31,12516.0,12672.0,12400.0,12592.0,4512,6057
2025-10-10,GOLDTEN,2025-10-31,120689.0,121999.0,118735.0,121071.0,19765,10449
2025-10-10,GOLDTEN,2025-11-28,121000.0,122890.0,120500.0,121946.0,14193,14254
2025-10-10,GOLDTEN,2025-12-31,122000.0,123707.0,121342.0,122906.0,8168,13748
2025-10-10,GOLDTEN,2026-01-30,123115.0,124414.0,122023.0,123601.0,1152,1350
2025-10-10,GOLDTEN,2026-02-27,124039.0,125207.0,122755.0,124500.0,153,329
2025-10-10,GOLDTEN,2026-03-31,124478.0,126003.0,123201.0,125726.0,51,122
2025-10-13,GOLDGUINEA,2025-10-31,98824.0,99993.0,98708.0,99916.0,14053,8943
2025-10-13,GOLDGUINEA,2025-11-28,99224.0,100560.0,99026.0,100418.0,9430,8217
2025-10-13,GOLDGUINEA,2025-12-31,99666.0,101239.0,99533.0,101093.0,5782,5886
2025-10-13,GOLDGUINEA,2026-01-30,100797.0,102001.0,100213.0,101804.0,1031,840
2025-10-13,GOLDGUINEA,2026-02-27,101240.0,102586.0,100951.0,102507.0,562,336
2025-10-13,GOLDGUINEA,2026-03-31,101993.0,103350.0,101402.0,103078.0,284,154
2025-10-13,GOLDM,2025-11-05,121700.0,124149.0,121700.0,123964.0,70600,35268
2025-10-13,GOLDM,2025-12-05,123304.0,124820.0,122760.0,124626.0,31182,19257
2025-10-13,GOLDM,2026-01-05,123954.0,125566.0,122989.0,125384.0,9342,5825
2025-10-13,GOLDM,2026-02-05,124568.0,126055.0,124325.0,125919.0,1405,1054
2025-10-13,GOLDM,2026-03-05,125678.0,126897.0,124785.0,126805.0,500,408
2025-10-13,GOLDM,2026-04-03,126538.0,127863.0,126446.0,127718.0,216,153
2025-10-13,GOLDPETAL,2025-10-31,12289.0,12515.0,12289.0,12499.0,206601,86069
2025-10-13,GOLDPETAL,2025-11-28,12299.0,12580.0,12260.0,12561.0,181896,113603
2025-10-13,GOLDPETAL,2025-12-31,12389.0,12630.0,12389.0,12621.0,86229,83046
2025-10-13,GOLDPETAL,2026-01-30,12469.0,12717.0,12469.0,12684.0,10667,7164
2025-10-13,GOLDPETAL,2026-02-27,12663.0,12790.0,12601.0,12755.0,6898,6324
2025-10-13,GOLDPETAL,2026-03-31,12661.0,12859.0,12625.0,12837.0,4687,5697
2025-10-13,GOLDTEN,2025-10-31,121997.0,124500.0,121929.0,124373.0,16108,8681
2025-10-13,GOLDTEN,2025-11-28,123291.0,125167.0,122743.0,125083.0,15617,11537
2025-10-13,GOLDTEN,2025-12-31,123501.0,125949.0,123501.0,125874.0,12675,7872
2025-10-13,GOLDTEN,2026-01-30,125062.0,126603.0,124285.0,126496.0,1790,1113
2025-10-13,GOLDTEN,2026-02-27,126015.0,127315.0,125308.0,127213.0,338,321
2025-10-13,GOLDTEN,2026-03-31,126550.0,129171.0,126513.0,128283.0,120,149
2025-10-14,GOLDGUINEA,2025-10-31,100374.0,102050.0,99547.0,101618.0,19717,8465
2025-10-14,GOLDGUINEA,2025-11-28,100999.0,102539.0,100050.0,102001.0,15409,8023
2025-10-14,GOLDGUINEA,2025-12-31,101906.0,103203.0,100517.0,102675.0,9100,5798
2025-10-14,GOLDGUINEA,2026-01-30,102823.0,103902.0,101409.0,103501.0,1729,921
2025-10-14,GOLDGUINEA,2026-02-27,103268.0,104955.0,102500.0,104275.0,699,356
2025-10-14,GOLDGUINEA,2026-03-31,103965.0,105584.0,103500.0,104982.0,416,362
2025-10-14,GOLDM,2025-11-05,124348.0,126472.0,123673.0,125753.0,102840,32156
2025-10-14,GOLDM,2025-12-05,124990.0,126940.0,124300.0,126262.0,43276,21134
2025-10-14,GOLDM,2026-01-05,126801.0,127759.0,125101.0,127049.0,13419,7209
2025-10-14,GOLDM,2026-02-05,127212.0,128416.0,125761.0,127642.0,1822,1107
2025-10-14,GOLDM,2026-03-05,128125.0,129315.0,126699.0,128537.0,709,532
2025-10-14,GOLDM,2026-04-03,129299.0,130156.0,127757.0,129460.0,275,148
2025-10-14,GOLDPETAL,2025-10-31,12525.0,12779.0,12450.0,12710.0,306911,92370
2025-10-14,GOLDPETAL,2025-11-28,12600.0,12825.0,12575.0,12763.0,265731,131513
2025-10-14,GOLDPETAL,2025-12-31,12703.0,12900.0,12633.0,12837.0,132184,87574
2025-10-14,GOLDPETAL,2026-01-30,12775.0,12965.0,12716.0,12905.0,15472,7393
2025-10-14,GOLDPETAL,2026-02-27,12809.0,13038.0,12797.0,12980.0,11269,6181
2025-10-14,GOLDPETAL,2026-03-31,12909.0,13105.0,12825.0,13047.0,4868,5816
2025-10-14,GOLDTEN,2025-10-31,125906.0,127149.0,124222.0,126254.0,24983,9329
2025-10-14,GOLDTEN,2025-11-28,125922.0,127400.0,124590.0,126792.0,23853,10360
2025-10-14,GOLDTEN,2025-12-31,126701.0,128149.0,125399.0,127373.0,14563,5532
2025-10-14,GOLDTEN,2026-01-30,128096.0,129010.0,126273.0,128280.0,2486,1264
2025-10-14,GOLDTEN,2026-02-27,128396.0,129790.0,127265.0,129160.0,573,362
2025-10-14,GOLDTEN,2026-03-31,129565.0,130703.0,128000.0,129822.0,259,173
2025-10-15,GOLDGUINEA,2025-10-31,102100.0,102987.0,101875.0,102578.0,11712,8854
2025-10-15,GOLDGUINEA,2025-11-28,102615.0,103584.0,102230.0,102979.0,8711,8573
2025-10-15,GOLDGUINEA,2025-12-31,103790.0,104204.0,102858.0,103602.0,5544,6309
2025-10-15,GOLDGUINEA,2026-01-30,103999.0,104537.0,103550.0,104376.0,906,935
2025-10-15,GOLDGUINEA,2026-02-27,104601.0,105396.0,104398.0,105080.0,349,336
2025-10-15,GOLDGUINEA,2026-03-31,105699.0,106490.0,105200.0,105826.0,268,425
2025-10-15,GOLDM,2025-11-05,125999.0,127150.0,125765.0,126641.0,73228,35350
2025-10-15,GOLDM,2025-12-05,126994.0,127720.0,126299.0,127251.0,31976,23498
2025-10-15,GOLDM,2026-01-05,127750.0,128525.0,127143.0,128016.0,9320,7274
2025-10-15,GOLDM,2026-02-05,128762.0,129099.0,127690.0,128625.0,1044,1217
2025-10-15,GOLDM,2026-03-05,129642.0,129979.0,128538.0,129489.0,582,542
2025-10-15,GOLDM,2026-04-03,130056.0,130952.0,129800.0,130423.0,185,167
2025-10-15,GOLDPETAL,2025-10-31,12774.0,12894.0,12730.0,12803.0,178660,92064
2025-10-15,GOLDPETAL,2025-11-28,12819.0,12929.0,12792.0,12855.0,150123,126972
2025-10-15,GOLDPETAL,2025-12-31,12869.0,12994.0,12866.0,12938.0,84356,88594
2025-10-15,GOLDPETAL,2026-01-30,12968.0,13044.0,12943.0,13022.0,10298,8172
2025-10-15,GOLDPETAL,2026-02-27,13062.0,13123.0,13015.0,13103.0,7206,5950
2025-10-15,GOLDPETAL,2026-03-31,13099.0,13193.0,13099.0,13184.0,3291,5971
2025-10-15,GOLDTEN,2025-10-31,126999.0,127590.0,125750.0,127144.0,15260,9234
2025-10-15,GOLDTEN,2025-11-28,127399.0,128155.0,126888.0,127782.0,14886,10773
2025-10-15,GOLDTEN,2025-12-31,127999.0,128849.0,127586.0,128450.0,7295,5830
2025-10-15,GOLDTEN,2026-01-30,129376.0,129700.0,128354.0,129328.0,1561,1387
2025-10-15,GOLDTEN,2026-02-27,129711.0,130517.0,129293.0,130133.0,319,379
2025-10-15,GOLDTEN,2026-03-31,130600.0,131348.0,130161.0,130999.0,143,217
2025-10-16,GOLDGUINEA,2025-10-31,103251.0,104554.0,102900.0,104376.0,13094,9047
2025-10-16,GOLDGUINEA,2025-11-28,103327.0,106068.0,103300.0,105062.0,13619,8908
2025-10-16,GOLDGUINEA,2025-12-31,103899.0,106666.0,103899.0,105720.0,7407,6918
2025-10-16,GOLDGUINEA,2026-01-30,105068.0,107507.0,104120.0,106515.0,1119,953
2025-10-16,GOLDGUINEA,2026-02-27,105992.0,107951.0,105000.0,107212.0,658,348
2025-10-16,GOLDGUINEA,2026-03-31,106884.0,108781.0,105901.0,108031.0,334,425
2025-10-16,GOLDM,2025-11-05,127199.0,128989.0,126955.0,128735.0,78786,36679
2025-10-16,GOLDM,2025-12-05,127858.0,129994.0,127530.0,129801.0,39878,23212
2025-10-16,GOLDM,2026-01-05,128857.0,130821.0,128329.0,130598.0,12619,6747
2025-10-16,GOLDM,2026-02-05,129557.0,131407.0,128923.0,131206.0,1773,1289
2025-10-16,GOLDM,2026-03-05,130100.0,132399.0,129909.0,132173.0,689,582
2025-10-16,GOLDM,2026-04-03,131214.0,133049.0,130952.0,132926.0,323,225
2025-10-16,GOLDPETAL,2025-10-31,12854.0,13078.0,12845.0,13044.0,205719,87323
2025-10-16,GOLDPETAL,2025-11-28,12901.0,13146.0,12900.0,13110.0,190589,127041
2025-10-16,GOLDPETAL,2025-12-31,12997.0,13203.0,12989.0,13186.0,124855,94292
2025-10-16,GOLDPETAL,2026-01-30,13098.0,13296.0,13051.0,13273.0,16225,7885
2025-10-16,GOLDPETAL,2026-02-27,13200.0,13388.0,13140.0,13357.0,9537,5453
2025-10-16,GOLDPETAL,2026-03-31,13250.0,13487.0,13225.0,13460.0,9059,7947
2025-10-16,GOLDTEN,2025-10-31,127799.0,129499.0,127463.0,129274.0,17867,9365
2025-10-16,GOLDTEN,2025-11-28,128479.0,130900.0,128100.0,130214.0,18694,11196
2025-10-16,GOLDTEN,2025-12-31,128867.0,131099.0,128255.0,131007.0,9841,6174
2025-10-16,GOLDTEN,2026-01-30,130500.0,132229.0,129653.0,131856.0,2888,1453
2025-10-16,GOLDTEN,2026-02-27,131239.0,133573.0,130500.0,132568.0,708,417
2025-10-16,GOLDTEN,2026-03-31,131989.0,133963.0,131361.0,133650.0,323,269
2025-10-17,GOLDGUINEA,2025-10-31,104650.0,106848.0,100111.0,102013.0,26939,6876
2025-10-17,GOLDGUINEA,2025-11-28,105426.0,107400.0,101911.0,102759.0,28678,8947
2025-10-17,GOLDGUINEA,2025-12-31,106000.0,108100.0,102549.0,103605.0,13575,6794
2025-10-17,GOLDGUINEA,2026-01-30,107757.0,108889.0,103320.0,104330.0,2014,951
2025-10-17,GOLDGUINEA,2026-02-27,109011.0,109708.0,103996.0,105280.0,857,349
2025-10-17,GOLDGUINEA,2026-03-31,109576.0,110599.0,104868.0,105859.0,408,506
2025-10-17,GOLDM,2025-11-05,129999.0,131698.0,124873.0,125951.0,149474,34828
2025-10-17,GOLDM,2025-12-05,130900.0,132821.0,125907.0,127012.0,77988,25153
2025-10-17,GOLDM,2026-01-05,131651.0,133350.0,126681.0,127941.0,21848,8106
2025-10-17,GOLDM,2026-02-05,133128.0,134123.0,127270.0,128352.0,4172,1673
2025-10-17,GOLDM,2026-03-05,133968.0,135660.0,128210.0,129632.0,1405,617
2025-10-17,GOLDM,2026-04-03,136400.0,136400.0,129323.0,130592.0,713,309
2025-10-17,GOLDPETAL,2025-10-31,13140.0,13312.0,12653.0,12793.0,450236,83609
2025-10-17,GOLDPETAL,2025-11-28,13192.0,13390.0,12717.0,12876.0,442381,139331
2025-10-17,GOLDPETAL,2025-12-31,13233.0,13581.0,12645.0,12974.0,245579,99617
2025-10-17,GOLDPETAL,2026-01-30,13323.0,13565.0,12875.0,13068.0,32411,10111
2025-10-17,GOLDPETAL,2026-02-27,13467.0,13677.0,12957.0,13160.0,22520,7261
2025-10-17,GOLDPETAL,2026-03-31,13533.0,13750.0,13057.0,13293.0,17452,9080
2025-10-17,GOLDTEN,2025-10-31,129999.0,131916.0,125396.0,126372.0,34246,9279
2025-10-17,GOLDTEN,2025-11-28,131300.0,132892.0,126308.0,127373.0,34301,12011
2025-10-17,GOLDTEN,2025-12-31,131900.0,133778.0,127129.0,128497.0,16987,7498
2025-10-17,GOLDTEN,2026-01-30,133000.0,134758.0,127901.0,129117.0,4624,1532
2025-10-17,GOLDTEN,2026-02-27,134255.0,135652.0,128649.0,129942.0,1126,476
2025-10-17,GOLDTEN,2026-03-31,134926.0,136500.0,130000.0,130726.0,521,302
2025-10-20,GOLDGUINEA,2025-10-31,102998.0,104550.0,101090.0,104337.0,16114,4504
2025-10-20,GOLDGUINEA,2025-11-28,103423.0,105500.0,101820.0,105136.0,21304,9471
2025-10-20,GOLDGUINEA,2025-12-31,104127.0,106400.0,102634.0,105974.0,8017,7280
2025-10-20,GOLDGUINEA,2026-01-30,106097.0,107100.0,103460.0,106743.0,1389,958
2025-10-20,GOLDGUINEA,2026-02-27,106218.0,108438.0,104067.0,107547.0,755,394
2025-10-20,GOLDGUINEA,2026-03-31,107117.0,108707.0,105000.0,108408.0,314,493
2025-10-20,GOLDM,2025-11-05,126573.0,129629.0,125524.0,129493.0,93876,32566
2025-10-20,GOLDM,2025-12-05,128000.0,130715.0,126600.0,130589.0,45485,24859
2025-10-20,GOLDM,2026-01-05,128716.0,131500.0,127491.0,131383.0,11608,7493
2025-10-20,GOLDM,2026-02-05,129489.0,132011.0,128001.0,131821.0,1528,1666
2025-10-20,GOLDM,2026-03-05,130635.0,133000.0,129000.0,132814.0,512,567
2025-10-20,GOLDM,2026-04-03,134286.0,134286.0,130159.0,133986.0,260,319
2025-10-20,GOLDPETAL,2025-10-31,12936.0,13087.0,12678.0,13070.0,272304,64786
2025-10-20,GOLDPETAL,2025-11-28,12995.0,13190.0,12765.0,13172.0,311395,136962
2025-10-20,GOLDPETAL,2025-12-31,13066.0,13276.0,12843.0,13251.0,142459,96751
2025-10-20,GOLDPETAL,2026-01-30,13133.0,13371.0,12928.0,13325.0,19023,10050
2025-10-20,GOLDPETAL,2026-02-27,13273.0,13444.0,13010.0,13404.0,9832,6756
2025-10-20,GOLDPETAL,2026-03-31,13425.0,13490.0,13071.0,13477.0,7380,9160
2025-10-20,GOLDTEN,2025-10-31,127449.0,129987.0,125850.0,129749.0,16409,8306
2025-10-20,GOLDTEN,2025-11-28,128501.0,130999.0,126901.0,130829.0,21978,11450
2025-10-20,GOLDTEN,2025-12-31,129598.0,131700.0,127694.0,131636.0,9042,7015
2025-10-20,GOLDTEN,2026-01-30,129813.0,132600.0,128548.0,132019.0,2305,1429
2025-10-20,GOLDTEN,2026-02-27,131155.0,133216.0,129316.0,132987.0,349,457
2025-10-20,GOLDTEN,2026-03-31,132204.0,134100.0,130002.0,133725.0,233,286
2025-10-21,GOLDGUINEA,2025-10-31,102528.0,103836.0,102327.0,102870.0,1919,4321
2025-10-21,GOLDGUINEA,2025-11-28,104923.0,104924.0,103101.0,103702.0,2860,9306
2025-10-21,GOLDGUINEA,2025-12-31,105712.0,105713.0,103372.0,104593.0,1433,7542
2025-10-21,GOLDGUINEA,2026-01-30,105919.0,105999.0,104451.0,105532.0,248,1052
2025-10-21,GOLDGUINEA,2026-02-27,104566.0,106589.0,104566.0,106278.0,77,391
2025-10-21,GOLDGUINEA,2026-03-31,106001.0,107310.0,106001.0,107196.0,72,501
2025-10-21,GOLDM,2025-11-05,128067.0,128067.0,126091.0,127365.0,11229,32541
2025-10-21,GOLDM,2025-12-05,128567.0,130251.0,127220.0,128296.0,7713,24026
2025-10-21,GOLDM,2026-01-05,130000.0,130956.0,128358.0,129169.0,2202,7868
2025-10-21,GOLDM,2026-02-05,130721.0,130721.0,129101.0,129558.0,428,1749
2025-10-21,GOLDM,2026-03-05,131002.0,131433.0,130471.0,130786.0,96,579
2025-10-21,GOLDM,2026-04-03,131407.0,132175.0,131406.0,131939.0,59,339
2025-10-21,GOLDPETAL,2025-10-31,12888.0,12985.0,12782.0,12903.0,23070,63158
2025-10-21,GOLDPETAL,2025-11-28,13126.0,13148.0,12851.0,12984.0,38935,138224
2025-10-21,GOLDPETAL,2025-12-31,13201.0,13201.0,13011.0,13072.0,19857,99438
2025-10-21,GOLDPETAL,2026-01-30,13251.0,13251.0,13097.0,13166.0,1779,10240
2025-10-21,GOLDPETAL,2026-02-27,13351.0,13351.0,13112.0,13253.0,1011,6874
2025-10-21,GOLDPETAL,2026-03-31,13477.0,13477.0,13223.0,13329.0,1289,8961
2025-10-21,GOLDTEN,2025-10-31,127000.0,129250.0,126814.0,127757.0,2027,7918
2025-10-21,GOLDTEN,2025-11-28,130000.0,130076.0,128025.0,128715.0,4220,11530
2025-10-21,GOLDTEN,2025-12-31,131550.0,131550.0,129136.0,129587.0,2027,7320
2025-10-21,GOLDTEN,2026-01-30,131315.0,131316.0,129500.0,130281.0,407,1480
2025-10-21,GOLDTEN,2026-02-27,130861.0,131785.0,130770.0,131128.0,78,441
2025-10-21,GOLDTEN,2026-03-31,132001.0,132686.0,130755.0,131625.0,59,306
2025-10-22,GOLDGUINEA,2025-10-31,101000.0,101600.0,96500.0,97264.0,8639,3334
2025-10-22,GOLDGUINEA,2025-11-28,103100.0,103100.0,96521.0,97943.0,15238,8584
2025-10-22,GOLDGUINEA,2025-12-31,103187.0,103187.0,97200.0,98662.0,5124,6987
2025-10-22,GOLDGUINEA,2026-01-30,102367.0,102367.0,98621.0,99457.0,813,1036
2025-10-22,GOLDGUINEA,2026-02-27,103500.0,103500.0,99605.0,100214.0,232,386
2025-10-22,GOLDGUINEA,2026-03-31,104501.0,105000.0,100552.0,101085.0,177,518
2025-10-22,GOLDM,2025-11-05,126100.0,126100.0,119753.0,121069.0,69875,29818
2025-10-22,GOLDM,2025-12-05,126680.0,126680.0,120580.0,121801.0,38399,22076
2025-10-22,GOLDM,2026-01-05,128435.0,128435.0,121377.0,122526.0,8455,7048
2025-10-22,GOLDM,2026-02-05,127900.0,127900.0,121785.0,122943.0,1388,1708
2025-10-22,GOLDM,2026-03-05,126863.0,126863.0,123000.0,123999.0,441,527
2025-10-22,GOLDM,2026-04-03,132818.0,132818.0,124026.0,124994.0,236,317
2025-10-22,GOLDPETAL,2025-10-31,13133.0,13133.0,12106.0,12209.0,148862,49535
2025-10-22,GOLDPETAL,2025-11-28,12901.0,13158.0,12188.0,12291.0,211905,122041
2025-10-22,GOLDPETAL,2025-12-31,13001.0,13001.0,12277.0,12372.0,98317,92855
2025-10-22,GOLDPETAL,2026-01-30,13052.0,13052.0,12348.0,12445.0,10080,10309
2025-10-22,GOLDPETAL,2026-02-27,13151.0,13151.0,12438.0,12520.0,6752,6777
2025-10-22,GOLDPETAL,2026-03-31,13201.0,13400.0,12504.0,12600.0,4558,8789
2025-10-22,GOLDTEN,2025-10-31,123999.0,125399.0,120140.0,121208.0,10571,7434
2025-10-22,GOLDTEN,2025-11-28,128000.0,128000.0,120993.0,122099.0,17944,10477
2025-10-22,GOLDTEN,2025-12-31,128500.0,128500.0,121823.0,122805.0,8099,7249
2025-10-22,GOLDTEN,2026-01-30,129037.0,129037.0,122600.0,123555.0,1397,1579
2025-10-22,GOLDTEN,2026-02-27,127402.0,127402.0,123355.0,124372.0,180,442
2025-10-22,GOLDTEN,2026-03-31,127677.0,127677.0,124400.0,125070.0,66,325
2025-10-23,GOLDGUINEA,2025-10-31,97502.0,99900.0,97502.0,99622.0,7860,2772
2025-10-23,GOLDGUINEA,2025-11-28,98169.0,100398.0,98169.0,100021.0,16032,7723
2025-10-23,GOLDGUINEA,2025-12-31,99499.0,101000.0,99011.0,100667.0,4659,6585
2025-10-23,GOLDGUINEA,2026-01-30,100120.0,101770.0,99512.0,101475.0,881,1117
2025-10-23,GOLDGUINEA,2026-02-27,100899.0,102441.0,99960.0,102225.0,403,361
2025-10-23,GOLDGUINEA,2026-03-31,101931.0,103226.0,100899.0,102877.0,164,520
2025-10-23,GOLDM,2025-11-05,121360.0,123770.0,121360.0,123305.0,53574,28100
2025-10-23,GOLDM,2025-12-05,122331.0,124548.0,122331.0,124085.0,33706,23229
2025-10-23,GOLDM,2026-01-05,123052.0,125276.0,123000.0,124862.0,6304,7026
2025-10-23,GOLDM,2026-02-05,123300.0,125678.0,123300.0,125357.0,1550,1757
2025-10-23,GOLDM,2026-03-05,124167.0,126500.0,124167.0,126275.0,368,506
2025-10-23,GOLDM,2026-04-03,126978.0,127556.0,125365.0,127300.0,197,320
2025-10-23,GOLDPETAL,2025-10-31,12228.0,12490.0,12181.0,12447.0,124295,37107
2025-10-23,GOLDPETAL,2025-11-28,12320.0,12566.0,12320.0,12530.0,191194,119673
2025-10-23,GOLDPETAL,2025-12-31,12358.0,12644.0,12339.0,12599.0,83123,91710
2025-10-23,GOLDPETAL,2026-01-30,12519.0,12720.0,12479.0,12679.0,11686,10338
2025-10-23,GOLDPETAL,2026-02-27,12581.0,12798.0,12553.0,12757.0,6373,6641
2025-10-23,GOLDPETAL,2026-03-31,12699.0,12875.0,12600.0,12850.0,4579,8397
2025-10-23,GOLDTEN,2025-10-31,122311.0,123900.0,121585.0,123461.0,8153,6204
2025-10-23,GOLDTEN,2025-11-28,122998.0,124855.0,122001.0,124373.0,13843,11318
2025-10-23,GOLDTEN,2025-12-31,123461.0,125610.0,123412.0,125204.0,5770,7251
2025-10-23,GOLDTEN,2026-01-30,124300.0,126298.0,124083.0,125861.0,1956,1460
2025-10-23,GOLDTEN,2026-02-27,125180.0,126916.0,124800.0,126578.0,276,459
2025-10-23,GOLDTEN,2026-03-31,126400.0,127963.0,125686.0,127585.0,129,325
2025-10-24,GOLDGUINEA,2025-10-31,99359.0,99500.0,97601.0,98585.0,6399,870
2025-10-24,GOLDGUINEA,2025-11-28,99435.0,100094.0,98223.0,99381.0,20733,8642
2025-10-24,GOLDGUINEA,2025-12-31,100327.0,100880.0,98355.0,100090.0,6420,6805
2025-10-24,GOLDGUINEA,2026-01-30,100545.0,101538.0,99320.0,100793.0,1202,1185
2025-10-24,GOLDGUINEA,2026-02-27,101730.0,102139.0,100008.0,101595.0,365,394
2025-10-24,GOLDGUINEA,2026-03-31,102765.0,102886.0,101125.0,102401.0,163,550
2025-10-24,GOLDM,2025-11-05,122956.0,123258.0,120672.0,122549.0,63689,26176
2025-10-24,GOLDM,2025-12-05,123705.0,124199.0,121431.0,123457.0,46817,23790
2025-10-24,GOLDM,2026-01-05,124500.0,125000.0,122261.0,124237.0,8448,7230
2025-10-24,GOLDM,2026-02-05,124803.0,125470.0,122790.0,124708.0,1069,1829
2025-10-24,GOLDM,2026-03-05,125656.0,126293.0,123891.0,125614.0,364,522
2025-10-24,GOLDM,2026-04-03,126898.0,127296.0,124812.0,126424.0,352,375
2025-10-24,GOLDPETAL,2025-10-31,12539.0,12539.0,12225.0,12346.0,118222,11391
2025-10-24,GOLDPETAL,2025-11-28,12500.0,12540.0,12304.0,12458.0,336242,132857
2025-10-24,GOLDPETAL,2025-12-31,12578.0,12602.0,12379.0,12539.0,90438,92012
2025-10-24,GOLDPETAL,2026-01-30,12641.0,12690.0,12464.0,12623.0,16075,11786
2025-10-24,GOLDPETAL,2026-02-27,12719.0,12780.0,12537.0,12710.0,6263,6913
2025-10-24,GOLDPETAL,2026-03-31,12799.0,12850.0,12630.0,12787.0,3698,8602
2025-10-24,GOLDTEN,2025-10-31,123100.0,123370.0,120900.0,122774.0,9022,4215
2025-10-24,GOLDTEN,2025-11-28,123603.0,124450.0,121916.0,123753.0,21317,12054
2025-10-24,GOLDTEN,2025-12-31,124751.0,125339.0,122763.0,124628.0,8193,7979
2025-10-24,GOLDTEN,2026-01-30,125349.0,125998.0,123455.0,125296.0,1551,1604
2025-10-24,GOLDTEN,2026-02-27,126081.0,126617.0,124309.0,126003.0,301,447
2025-10-24,GOLDTEN,2026-03-31,127250.0,127507.0,125247.0,127059.0,207,304
2025-10-27,GOLDGUINEA,2025-10-31,98498.0,98498.0,95780.0,96362.0,1510,99
2025-10-27,GOLDGUINEA,2025-11-28,98224.0,99198.0,97200.0,97660.0,21316,9681
2025-10-27,GOLDGUINEA,2025-12-31,99920.0,99920.0,97891.0,98358.0,5430,7118
2025-10-27,GOLDGUINEA,2026-01-30,100500.0,100589.0,98770.0,99168.0,1178,1364
2025-10-27,GOLDGUINEA,2026-02-27,100877.0,101440.0,99648.0,100042.0,274,459
2025-10-27,GOLDGUINEA,2026-03-31,100771.0,102037.0,100500.0,100906.0,79,561
2025-10-27,GOLDM,2025-11-05,121759.0,121899.0,119270.0,120002.0,69968,25136
2025-10-27,GOLDM,2025-12-05,122475.0,122881.0,120110.0,120941.0,52219,26270
2025-10-27,GOLDM,2026-01-05,123000.0,123688.0,120921.0,121769.0,11029,8625
2025-10-27,GOLDM,2026-02-05,124000.0,124250.0,121636.0,122367.0,1086,1939
2025-10-27,GOLDM,2026-03-05,124666.0,125352.0,122503.0,123262.0,453,613
2025-10-27,GOLDM,2026-04-03,125434.0,125835.0,123454.0,124093.0,286,392
2025-10-27,GOLDPETAL,2025-10-31,12204.0,12311.0,12030.0,12152.0,20194,2689
2025-10-27,GOLDPETAL,2025-11-28,12411.0,12411.0,12099.0,12219.0,323884,149191
2025-10-27,GOLDPETAL,2025-12-31,12502.0,12502.0,12213.0,12298.0,133442,101603
2025-10-27,GOLDPETAL,2026-01-30,12562.0,12574.0,12303.0,12375.0,27725,14395
2025-10-27,GOLDPETAL,2026-02-27,12653.0,12685.0,12400.0,12451.0,8971,7449
2025-10-27,GOLDPETAL,2026-03-31,12724.0,12750.0,12464.0,12529.0,3685,9141
2025-10-27,GOLDTEN,2025-10-31,121678.0,122338.0,119389.0,120267.0,5391,1546
2025-10-27,GOLDTEN,2025-11-28,123050.0,123199.0,120101.0,121255.0,31920,14418
2025-10-27,GOLDTEN,2025-12-31,124344.0,124487.0,121230.0,122118.0,12389,9153
2025-10-27,GOLDTEN,2026-01-30,124111.0,125000.0,122225.0,122972.0,1865,1903
2025-10-27,GOLDTEN,2026-02-27,124886.0,125490.0,123000.0,123744.0,358,493
2025-10-27,GOLDTEN,2026-03-31,126370.0,126370.0,123401.0,124415.0,220,306
2025-10-28,GOLDGUINEA,2025-10-31,95402.0,98570.0,95100.0,97510.0,70,72
2025-10-28,GOLDGUINEA,2025-11-28,97200.0,97200.0,95080.0,96492.0,18132,9374
2025-10-28,GOLDGUINEA,2025-12-31,97100.0,98425.0,95545.0,97175.0,6083,7114
2025-10-28,GOLDGUINEA,2026-01-30,96200.0,99170.0,96200.0,97909.0,1488,1582
2025-10-28,GOLDGUINEA,2026-02-27,98738.0,99700.0,97409.0,98791.0,407,493
2025-10-28,GOLDGUINEA,2026-03-31,100000.0,100283.0,98156.0,99554.0,183,593
2025-10-28,GOLDM,2025-11-05,118900.0,119500.0,116606.0,118699.0,55062,21454
2025-10-28,GOLDM,2025-12-05,119700.0,120000.0,117601.0,119658.0,46222,27548
2025-10-28,GOLDM,2026-01-05,120519.0,120789.0,118400.0,120473.0,9675,8187
2025-10-28,GOLDM,2026-02-05,121000.0,121372.0,118901.0,121053.0,1623,1962
2025-10-28,GOLDM,2026-03-05,121579.0,122314.0,119860.0,122038.0,412,600
2025-10-28,GOLDM,2026-04-03,122777.0,123005.0,120435.0,122668.0,250,414
2025-10-28,GOLDPETAL,2025-10-31,12273.0,12273.0,11812.0,12029.0,2308,1289
2025-10-28,GOLDPETAL,2025-11-28,12235.0,12235.0,11880.0,12074.0,273255,144383
2025-10-28,GOLDPETAL,2025-12-31,12215.0,12215.0,11935.0,12156.0,102966,96091
2025-10-28,GOLDPETAL,2026-01-30,12245.0,12300.0,12005.0,12234.0,26112,16827
2025-10-28,GOLDPETAL,2026-02-27,12649.0,12649.0,12100.0,12320.0,6517,8234
2025-10-28,GOLDPETAL,2026-03-31,12560.0,12560.0,12162.0,12409.0,3375,9305
2025-10-28,GOLDTEN,2025-10-31,121150.0,122480.0,117196.0,121219.0,1036,911
2025-10-28,GOLDTEN,2025-11-28,120100.0,120900.0,117916.0,119925.0,23455,14295
2025-10-28,GOLDTEN,2025-12-31,121050.0,121900.0,118707.0,120744.0,7631,8633
2025-10-28,GOLDTEN,2026-01-30,121500.0,121942.0,119580.0,121619.0,1930,2081
2025-10-28,GOLDTEN,2026-02-27,121536.0,122810.0,120287.0,122463.0,351,530
2025-10-28,GOLDTEN,2026-03-31,122400.0,123539.0,121039.0,123420.0,96,325
2025-10-29,GOLDGUINEA,2025-10-31,96889.0,97998.0,96698.0,97270.0,7,65
2025-10-29,GOLDGUINEA,2025-11-28,96599.0,98189.0,96321.0,97482.0,18573,9192
2025-10-29,GOLDGUINEA,2025-12-31,97199.0,98733.0,97000.0,98033.0,5280,7015
2025-10-29,GOLDGUINEA,2026-01-30,97949.0,99380.0,97717.0,98708.0,1251,1737
2025-10-29,GOLDGUINEA,2026-02-27,98849.0,100656.0,98287.0,99514.0,426,494
2025-10-29,GOLDGUINEA,2026-03-31,99710.0,100988.0,99313.0,100528.0,148,599
2025-10-29,GOLDM,2025-11-05,117031.0,120730.0,117031.0,119424.0,61325,21491
2025-10-29,GOLDM,2025-12-05,119700.0,121670.0,119369.0,120633.0,51481,29572
2025-10-29,GOLDM,2026-01-05,120500.0,122499.0,120233.0,121507.0,8681,8478
2025-10-29,GOLDM,2026-02-05,121284.0,122983.0,120500.0,122030.0,1288,2053
2025-10-29,GOLDM,2026-03-05,121867.0,123907.0,121728.0,122957.0,322,614
2025-10-29,GOLDM,2026-04-03,122919.0,124753.0,122722.0,123718.0,304,462
2025-10-29,GOLDPETAL,2025-10-31,12074.0,12257.0,12057.0,12208.0,148,1186
2025-10-29,GOLDPETAL,2025-11-28,12089.0,12290.0,12055.0,12180.0,297747,145037
2025-10-29,GOLDPETAL,2025-12-31,12165.0,12360.0,12130.0,12261.0,120656,99171
2025-10-29,GOLDPETAL,2026-01-30,12248.0,12432.0,12201.0,12328.0,24744,18373
2025-10-29,GOLDPETAL,2026-02-27,12329.0,12515.0,12280.0,12416.0,7727,8526
2025-10-29,GOLDPETAL,2026-03-31,12411.0,12665.0,12366.0,12501.0,4054,9947
2025-10-29,GOLDTEN,2025-10-31,120200.0,121600.0,119767.0,120536.0,150,869
2025-10-29,GOLDTEN,2025-11-28,120073.0,121912.0,119703.0,120975.0,22630,14344
2025-10-29,GOLDTEN,2025-12-31,120879.0,122810.0,120553.0,121780.0,7609,8772
2025-10-29,GOLDTEN,2026-01-30,121742.0,123570.0,121394.0,122831.0,2894,2553
2025-10-29,GOLDTEN,2026-02-27,122665.0,124273.0,122230.0,123332.0,343,561
2025-10-29,GOLDTEN,2026-03-31,123566.0,125187.0,123355.0,124415.0,91,326
2025-10-30,GOLDGUINEA,2025-10-31,96134.0,98243.0,96134.0,97644.0,16,51
2025-10-30,GOLDGUINEA,2025-11-28,97106.0,98311.0,96000.0,98107.0,21002,8973
2025-10-30,GOLDGUINEA,2025-12-31,97199.0,98800.0,96496.0,98676.0,5290,7144
2025-10-30,GOLDGUINEA,2026-01-30,97319.0,99427.0,97312.0,99298.0,1427,1830
2025-10-30,GOLDGUINEA,2026-02-27,98200.0,100200.0,97515.0,100072.0,456,476
2025-10-30,GOLDGUINEA,2026-03-31,99001.0,100980.0,99001.0,100924.0,147,613
2025-10-30,GOLDM,2025-11-05,117566.0,120499.0,117376.0,120251.0,35582,19197
2025-10-30,GOLDM,2025-12-05,120001.0,121649.0,118700.0,121457.0,78138,31972
2025-10-30,GOLDM,2026-01-05,120772.0,122500.0,119000.0,122354.0,11888,8396
2025-10-30,GOLDM,2026-02-05,120352.0,123016.0,120166.0,122874.0,1346,2115
2025-10-30,GOLDM,2026-03-05,120953.0,123999.0,120953.0,123766.0,470,611
2025-10-30,GOLDM,2026-04-03,122401.0,124640.0,121804.0,124340.0,350,449
2025-10-30,GOLDPETAL,2025-10-31,12052.0,12266.0,12048.0,12181.0,213,293
2025-10-30,GOLDPETAL,2025-11-28,12066.0,12280.0,12001.0,12258.0,331475,143948
2025-10-30,GOLDPETAL,2025-12-31,12173.0,12361.0,12059.0,12338.0,165229,95889
2025-10-30,GOLDPETAL,2026-01-30,12265.0,12428.0,12170.0,12404.0,34132,18689
2025-10-30,GOLDPETAL,2026-02-27,12305.0,12510.0,12240.0,12476.0,8129,8638
2025-10-30,GOLDPETAL,2026-03-31,12461.0,12589.0,12323.0,12564.0,5171,10050
2025-10-30,GOLDTEN,2025-10-31,119285.0,121738.0,119285.0,120761.0,22,92
2025-10-30,GOLDTEN,2025-11-28,120086.0,121900.0,119062.0,121694.0,23866,14531
2025-10-30,GOLDTEN,2025-12-31,120523.0,122730.0,120000.0,122551.0,8276,8982
2025-10-30,GOLDTEN,2026-01-30,121201.0,123425.0,120325.0,123266.0,3507,3132
2025-10-30,GOLDTEN,2026-02-27,121810.0,124324.0,121630.0,124056.0,430,615
2025-10-30,GOLDTEN,2026-03-31,122950.0,125090.0,122603.0,124946.0,95,321
2025-10-31,GOLDGUINEA,2025-10-31,97950.0,99418.0,97795.0,98293.0,32,47
2025-10-31,GOLDGUINEA,2025-11-28,97850.0,98849.0,97500.0,97999.0,15462,9291
2025-10-31,GOLDGUINEA,2025-12-31,99179.0,99350.0,98254.0,98568.0,5275,7408
2025-10-31,GOLDGUINEA,2026-01-30,99898.0,99919.0,98612.0,99135.0,1433,1923
2025-10-31,GOLDGUINEA,2026-02-27,99801.0,100726.0,99600.0,100022.0,321,511
2025-10-31,GOLDGUINEA,2026-03-31,100824.0,101500.0,100497.0,100753.0,95,650
2025-10-31,GOLDM,2025-11-05,119990.0,120995.0,119270.0,119728.0,20026,15361
2025-10-31,GOLDM,2025-12-05,121298.0,122294.0,120600.0,121209.0,69402,34398
2025-10-31,GOLDM,2026-01-05,122228.0,123036.0,121448.0,122075.0,10901,9044
2025-10-31,GOLDM,2026-02-05,122875.0,123609.0,122111.0,122632.0,1787,2382
2025-10-31,GOLDM,2026-03-05,123648.0,124475.0,123078.0,123607.0,367,572
2025-10-31,GOLDM,2026-04-03,124310.0,125230.0,123828.0,124215.0,224,482
2025-10-31,GOLDPETAL,2025-10-31,12228.0,12270.0,12218.0,12265.0,220,157
2025-10-31,GOLDPETAL,2025-11-28,12235.0,12357.0,12200.0,12256.0,246125,147450
2025-10-31,GOLDPETAL,2025-12-31,12310.0,12421.0,12287.0,12338.0,105657,98917
2025-10-31,GOLDPETAL,2026-01-30,12393.0,12493.0,12364.0,12408.0,26033,21050
2025-10-31,GOLDPETAL,2026-02-27,12468.0,12571.0,12446.0,12492.0,7357,8870
2025-10-31,GOLDPETAL,2026-03-31,12561.0,12663.0,12523.0,12567.0,3393,10413
2025-10-31,GOLDTEN,2025-10-31,121104.0,122600.0,120951.0,121684.0,34,34
2025-10-31,GOLDTEN,2025-11-28,121694.0,122499.0,120900.0,121512.0,19928,14335
2025-10-31,GOLDTEN,2025-12-31,122433.0,123321.0,121818.0,122321.0,7569,9244
2025-10-31,GOLDTEN,2026-01-30,122943.0,124072.0,122616.0,123079.0,2283,3157
2025-10-31,GOLDTEN,2026-02-27,123958.0,125000.0,123499.0,124001.0,402,620
2025-10-31,GOLDTEN,2026-03-31,124959.0,125633.0,124474.0,124664.0,93,337
2025-11-03,GOLDGUINEA,2025-11-28,98200.0,98625.0,98000.0,98195.0,11430,9397
2025-11-03,GOLDGUINEA,2025-12-31,98845.0,99175.0,98611.0,98757.0,3701,7578
2025-11-03,GOLDGUINEA,2026-01-30,99212.0,99789.0,99211.0,99424.0,598,1965
2025-11-03,GOLDGUINEA,2026-02-27,100843.0,100843.0,99951.0,100247.0,93,520
2025-11-03,GOLDGUINEA,2026-03-31,101141.0,101270.0,100889.0,101040.0,32,648
2025-11-03,GOLDGUINEA,2026-04-30,101877.0,102650.0,101772.0,102568.0,42,42
2025-11-03,GOLDM,2025-11-05,120390.0,120829.0,119951.0,120130.0,6234,11969
2025-11-03,GOLDM,2025-12-05,121489.0,122100.0,121125.0,121415.0,63899,36068
2025-11-03,GOLDM,2026-01-05,122263.0,122845.0,121950.0,122170.0,8681,10078
2025-11-03,GOLDM,2026-02-05,122843.0,123489.0,122649.0,122802.0,1937,2609
2025-11-03,GOLDM,2026-03-05,123993.0,124450.0,123679.0,123841.0,284,597
2025-11-03,GOLDM,2026-04-03,124592.0,124992.0,124270.0,124509.0,342,502
2025-11-03,GOLDPETAL,2025-11-28,12344.0,12344.0,12261.0,12282.0,191024,152641
2025-11-03,GOLDPETAL,2025-12-31,12339.0,12420.0,12339.0,12359.0,89263,106695
2025-11-03,GOLDPETAL,2026-01-30,12445.0,12493.0,12411.0,12434.0,19201,22160
2025-11-03,GOLDPETAL,2026-02-27,12520.0,12565.0,12500.0,12517.0,6351,8757
2025-11-03,GOLDPETAL,2026-03-31,12599.0,12641.0,12505.0,12607.0,2477,10569
2025-11-03,GOLDPETAL,2026-04-30,12621.0,12827.0,12621.0,12682.0,611,411
2025-11-03,GOLDTEN,2025-11-28,122001.0,122339.0,121450.0,121646.0,12541,14489
2025-11-03,GOLDTEN,2025-12-31,122376.0,123150.0,122350.0,122501.0,6768,9565
2025-11-03,GOLDTEN,2026-01-30,123252.0,123930.0,123148.0,123288.0,1580,3339
2025-11-03,GOLDTEN,2026-02-27,124248.0,124760.0,124010.0,124204.0,191,640
2025-11-03,GOLDTEN,2026-03-31,125337.0,125690.0,125028.0,125173.0,49,331
2025-11-03,GOLDTEN,2026-04-30,126376.0,126423.0,125839.0,126023.0,15,14
2025-11-04,GOLDGUINEA,2025-11-28,97850.0,98080.0,96725.0,97114.0,15073,10669
2025-11-04,GOLDGUINEA,2025-12-31,98243.0,98605.0,97460.0,97798.0,4570,8103
2025-11-04,GOLDGUINEA,2026-01-30,99000.0,99235.0,98140.0,98501.0,986,2223
2025-11-04,GOLDGUINEA,2026-02-27,100149.0,100157.0,98935.0,99367.0,166,538
2025-11-04,GOLDGUINEA,2026-03-31,100532.0,100815.0,99824.0,100266.0,66,670
2025-11-04,GOLDGUINEA,2026-04-30,101529.0,101539.0,100551.0,101186.0,5,45
2025-11-04,GOLDM,2025-11-05,119613.0,120114.0,118311.0,118780.0,1571,1952
2025-11-04,GOLDM,2025-12-05,121126.0,121136.0,119215.0,119830.0,73605,37896
2025-11-04,GOLDM,2026-01-05,121834.0,121834.0,120000.0,120583.0,10152,11139
2025-11-04,GOLDM,2026-02-05,122201.0,122500.0,120800.0,121323.0,2068,2600
2025-11-04,GOLDM,2026-03-05,123305.0,123450.0,121800.0,122332.0,272,644
2025-11-04,GOLDM,2026-04-03,123881.0,124194.0,122475.0,123298.0,244,609
2025-11-04,GOLDPETAL,2025-11-28,12251.0,12260.0,12105.0,12146.0,209068,162701
2025-11-04,GOLDPETAL,2025-12-31,12310.0,12348.0,12191.0,12228.0,115010,116204
2025-11-04,GOLDPETAL,2026-01-30,12383.0,12427.0,12271.0,12306.0,25652,24495
2025-11-04,GOLDPETAL,2026-02-27,12473.0,12497.0,12351.0,12391.0,6963,9544
2025-11-04,GOLDPETAL,2026-03-31,12580.0,12597.0,12444.0,12469.0,3908,10788
2025-11-04,GOLDPETAL,2026-04-30,12682.0,12688.0,12540.0,12558.0,1377,1219
2025-11-04,GOLDTEN,2025-11-28,121113.0,121440.0,119580.0,120142.0,16001,14999
2025-11-04,GOLDTEN,2025-12-31,121929.0,122193.0,120415.0,120990.0,7295,10246
2025-11-04,GOLDTEN,2026-01-30,122576.0,123232.0,121275.0,121804.0,3550,4156
2025-11-04,GOLDTEN,2026-02-27,123145.0,123856.0,122214.0,122768.0,529,717
2025-11-04,GOLDTEN,2026-03-31,124519.0,124724.0,123179.0,123782.0,164,373
2025-11-04,GOLDTEN,2026-04-30,125195.0,125687.0,124218.0,124904.0,18,17
2025-11-05,GOLDGUINEA,2025-11-28,97200.0,97707.0,97100.0,97522.0,5250,10380
2025-11-05,GOLDGUINEA,2025-12-31,98378.0,98378.0,97801.0,98120.0,1753,8153
2025-11-05,GOLDGUINEA,2026-01-30,98411.0,98917.0,98411.0,98751.0,552,2374
2025-11-05,GOLDGUINEA,2026-02-27,99501.0,99874.0,99299.0,99602.0,79,564
2025-11-05,GOLDGUINEA,2026-03-31,100329.0,100578.0,100281.0,100484.0,16,674
2025-11-05,GOLDGUINEA,2026-04-30,101275.0,101276.0,101275.0,101276.0,2,47
2025-11-05,GOLDM,2025-11-05,118679.0,119847.0,118679.0,119598.0,167,461
2025-11-05,GOLDM,2025-12-05,120290.0,120688.0,119730.0,120494.0,25685,37995
2025-11-05,GOLDM,2026-01-05,120601.0,121360.0,120600.0,121225.0,3038,11048
2025-11-05,GOLDM,2026-02-05,121576.0,122070.0,121290.0,121977.0,675,2574
2025-11-05,GOLDM,2026-03-05,122498.0,123030.0,122465.0,123005.0,59,642
2025-11-05,GOLDM,2026-04-03,123312.0,123814.0,123236.0,123750.0,55,598
2025-11-05,GOLDPETAL,2025-11-28,12159.0,12209.0,12120.0,12198.0,75616,157487
2025-11-05,GOLDPETAL,2025-12-31,12287.0,12295.0,12231.0,12276.0,45665,117394
2025-11-05,GOLDPETAL,2026-01-30,12344.0,12365.0,12311.0,12344.0,8987,25514
2025-11-05,GOLDPETAL,2026-02-27,12439.0,12450.0,12390.0,12422.0,2091,9623
2025-11-05,GOLDPETAL,2026-03-31,12519.0,12538.0,12466.0,12521.0,643,10878
2025-11-05,GOLDPETAL,2026-04-30,12601.0,12625.0,12535.0,12599.0,122,1243
2025-11-05,GOLDTEN,2025-11-28,120643.0,120928.0,120192.0,120705.0,6080,15046
2025-11-05,GOLDTEN,2025-12-31,121620.0,121799.0,121050.0,121580.0,2632,10254
2025-11-05,GOLDTEN,2026-01-30,121872.0,122525.0,121164.0,122403.0,898,4019
2025-11-05,GOLDTEN,2026-02-27,122864.0,123496.0,122864.0,123281.0,201,701
2025-11-05,GOLDTEN,2026-03-31,123709.0,124171.0,123323.0,124106.0,27,373
2025-11-05,GOLDTEN,2026-04-30,124700.0,124765.0,124536.0,124667.0,3,18
2025-11-06,GOLDGUINEA,2025-11-28,97312.0,98195.0,97301.0,97593.0,9470,10068
2025-11-06,GOLDGUINEA,2025-12-31,98319.0,98748.0,97970.0,98178.0,4002,7954
2025-11-06,GOLDGUINEA,2026-01-30,98651.0,99400.0,98640.0,98872.0,1132,2463
2025-11-06,GOLDGUINEA,2026-02-27,99987.0,100233.0,99300.0,99698.0,105,570
2025-11-06,GOLDGUINEA,2026-03-31,100572.0,100896.0,100342.0,100566.0,36,670
2025-11-06,GOLDGUINEA,2026-04-30,101102.0,101541.0,101082.0,101347.0,12,40
2025-11-06,GOLDM,2025-12-05,120547.0,121527.0,120132.0,120587.0,53890,39827
2025-11-06,GOLDM,2026-01-05,121311.0,122212.0,120933.0,121390.0,7376,11314
2025-11-06,GOLDM,2026-02-05,122046.0,122960.0,121701.0,122133.0,1507,2623
2025-11-06,GOLDM,2026-03-05,122998.0,123895.0,122700.0,123066.0,234,651
2025-11-06,GOLDM,2026-04-03,123950.0,124580.0,123393.0,123736.0,151,557
2025-11-06,GOLDM,2026-05-05,,,,123775.0,0,0
2025-11-06,GOLDPETAL,2025-11-28,12240.0,12289.0,12180.0,12211.0,131907,157198
2025-11-06,GOLDPETAL,2025-12-31,12290.0,12360.0,12260.0,12287.0,80309,116052
2025-11-06,GOLDPETAL,2026-01-30,12364.0,12424.0,12335.0,12361.0,19899,26348
2025-11-06,GOLDPETAL,2026-02-27,12445.0,12505.0,12415.0,12441.0,6581,9535
2025-11-06,GOLDPETAL,2026-03-31,12523.0,12594.0,12490.0,12536.0,1696,10889
2025-11-06,GOLDPETAL,2026-04-30,12612.0,12678.0,12556.0,12591.0,892,1428
2025-11-06,GOLDTEN,2025-11-28,120799.0,121733.0,120410.0,120858.0,11685,14434
2025-11-06,GOLDTEN,2025-12-31,121677.0,122535.0,121125.0,121706.0,7373,9952
2025-11-06,GOLDTEN,2026-01-30,122404.0,123389.0,122200.0,122527.0,2007,4103
2025-11-06,GOLDTEN,2026-02-27,123519.0,124281.0,123114.0,123418.0,455,683
2025-11-06,GOLDTEN,2026-03-31,124314.0,125089.0,124002.0,124154.0,119,405
2025-11-06,GOLDTEN,2026-04-30,125589.0,125816.0,125000.0,125393.0,16,20
2025-11-07,GOLDGUINEA,2025-11-28,97755.0,98220.0,97601.0,97893.0,8755,9573
2025-11-07,GOLDGUINEA,2025-12-31,98144.0,98794.0,98144.0,98482.0,3591,7738
2025-11-07,GOLDGUINEA,2026-01-30,98999.0,99350.0,98900.0,99070.0,979,2668
2025-11-07,GOLDGUINEA,2026-02-27,99995.0,100195.0,99799.0,99898.0,115,596
2025-11-07,GOLDGUINEA,2026-03-31,100978.0,100978.0,100628.0,100854.0,40,683
2025-11-07,GOLDGUINEA,2026-04-30,101596.0,101711.0,101596.0,101633.0,4,44
2025-11-07,GOLDM,2025-12-05,120751.0,121570.0,120523.0,121056.0,55453,42118
2025-11-07,GOLDM,2026-01-05,121499.0,122342.0,121320.0,121824.0,8581,11471
2025-11-07,GOLDM,2026-02-05,122429.0,123088.0,122078.0,122618.0,1410,2560
2025-11-07,GOLDM,2026-03-05,123398.0,123952.0,123121.0,123408.0,162,643
2025-11-07,GOLDM,2026-04-03,124023.0,124600.0,123876.0,124135.0,165,549
2025-11-07,GOLDM,2026-05-05,124796.0,125471.0,124630.0,124942.0,8,4
2025-11-07,GOLDPETAL,2025-11-28,12245.0,12288.0,12203.0,12245.0,141010,145253
2025-11-07,GOLDPETAL,2025-12-31,12313.0,12431.0,12289.0,12327.0,71797,111435
2025-11-07,GOLDPETAL,2026-01-30,12381.0,12429.0,12365.0,12395.0,16746,26257
2025-11-07,GOLDPETAL,2026-02-27,12461.0,12501.0,12446.0,12469.0,7267,9518
2025-11-07,GOLDPETAL,2026-03-31,12546.0,12580.0,12529.0,12565.0,1420,10947
2025-11-07,GOLDPETAL,2026-04-30,12624.0,12668.0,12600.0,12617.0,810,1727
2025-11-07,GOLDTEN,2025-11-28,121141.0,121753.0,120850.0,121266.0,11440,14186
2025-11-07,GOLDTEN,2025-12-31,121801.0,122571.0,121662.0,122101.0,6792,9669
2025-11-07,GOLDTEN,2026-01-30,122867.0,123487.0,122550.0,122986.0,1476,4122
2025-11-07,GOLDTEN,2026-02-27,123687.0,124299.0,123421.0,123778.0,209,693
2025-11-07,GOLDTEN,2026-03-31,124500.0,125100.0,124132.0,124404.0,41,411
2025-11-07,GOLDTEN,2026-04-30,125340.0,125340.0,125340.0,125340.0,1,21
2025-11-10,GOLDGUINEA,2025-11-28,98347.0,99990.0,98347.0,99813.0,11555,9086
2025-11-10,GOLDGUINEA,2025-12-31,99027.0,100600.0,99026.0,100470.0,7256,7472
2025-11-10,GOLDGUINEA,2026-01-30,99680.0,101265.0,99680.0,101080.0,2758,2696
2025-11-10,GOLDGUINEA,2026-02-27,100732.0,101945.0,100220.0,101770.0,613,596
2025-11-10,GOLDGUINEA,2026-03-31,101637.0,102550.0,100854.0,102472.0,227,631
2025-11-10,GOLDGUINEA,2026-04-30,102068.0,103150.0,101513.0,102982.0,47,32
2025-11-10,GOLDM,2025-12-05,121799.0,124100.0,121799.0,123897.0,64150,39395
2025-11-10,GOLDM,2026-01-05,122498.0,124940.0,122498.0,124694.0,13133,11317
2025-11-10,GOLDM,2026-02-05,123785.0,125778.0,123325.0,125463.0,3437,2639
2025-11-10,GOLDM,2026-03-05,124532.0,126567.0,124487.0,126327.0,732,662
2025-11-10,GOLDM,2026-04-03,125340.0,127252.0,125121.0,126953.0,356,581
2025-11-10,GOLDM,2026-05-05,125500.0,128690.0,125500.0,128019.0,77,54
2025-11-10,GOLDPETAL,2025-11-28,12320.0,12518.0,12320.0,12492.0,192897,135155
2025-11-10,GOLDPETAL,2025-12-31,12385.0,12593.0,12385.0,12574.0,116439,101697
2025-11-10,GOLDPETAL,2026-01-30,12370.0,12665.0,12322.0,12651.0,45118,29156
2025-11-10,GOLDPETAL,2026-02-27,12510.0,12750.0,12510.0,12735.0,13329,9912
2025-11-10,GOLDPETAL,2026-03-31,12593.0,12824.0,12593.0,12802.0,6801,9901
2025-11-10,GOLDPETAL,2026-04-30,12690.0,12914.0,12662.0,12882.0,3825,2566
2025-11-10,GOLDTEN,2025-11-28,122000.0,124359.0,122000.0,124072.0,15680,13062
2025-11-10,GOLDTEN,2025-12-31,122599.0,125100.0,122599.0,124910.0,10630,9725
2025-11-10,GOLDTEN,2026-01-30,123498.0,125965.0,123498.0,125767.0,3462,4037
2025-11-10,GOLDTEN,2026-02-27,125000.0,126843.0,124752.0,126601.0,944,806
2025-11-10,GOLDTEN,2026-03-31,125805.0,127721.0,125066.0,127429.0,268,378
2025-11-10,GOLDTEN,2026-04-30,126478.0,129100.0,126074.0,128374.0,72,51
2025-11-11,GOLDGUINEA,2025-11-28,99999.0,100950.0,99708.0,100113.0,10821,9113
2025-11-11,GOLDGUINEA,2025-12-31,100999.0,101699.0,100431.0,100907.0,6348,7832
2025-11-11,GOLDGUINEA,2026-01-30,101957.0,102320.0,101114.0,101667.0,2266,2971
2025-11-11,GOLDGUINEA,2026-02-27,102487.0,103099.0,101819.0,102348.0,532,594
2025-11-11,GOLDGUINEA,2026-03-31,102900.0,103782.0,102700.0,103240.0,223,660
2025-11-11,GOLDGUINEA,2026-04-30,104326.0,105312.0,103970.0,104271.0,18,37
2025-11-11,GOLDM,2025-12-05,124299.0,125287.0,123401.0,123897.0,58528,39756
2025-11-11,GOLDM,2026-01-05,125250.0,126134.0,124360.0,124842.0,12855,12749
2025-11-11,GOLDM,2026-02-05,126505.0,128300.0,125169.0,125740.0,3881,3839
2025-11-11,GOLDM,2026-03-05,127605.0,129067.0,126203.0,126731.0,552,714
2025-11-11,GOLDM,2026-04-03,128000.0,128626.0,126945.0,127471.0,362,643
2025-11-11,GOLDM,2026-05-05,129419.0,129730.0,128000.0,128424.0,64,77
2025-11-11,GOLDPETAL,2025-11-28,12548.0,12655.0,12475.0,12528.0,205420,136292
2025-11-11,GOLDPETAL,2025-12-31,12621.0,12732.0,12558.0,12625.0,154024,111423
2025-11-11,GOLDPETAL,2026-01-30,12700.0,12813.0,12650.0,12716.0,56415,38961
2025-11-11,GOLDPETAL,2026-02-27,12749.0,12890.0,12742.0,12808.0,10711,10368
2025-11-11,GOLDPETAL,2026-03-31,12894.0,12957.0,12824.0,12878.0,4755,10299
2025-11-11,GOLDPETAL,2026-04-30,12915.0,13047.0,12915.0,12968.0,4367,2320
2025-11-11,GOLDTEN,2025-11-28,124739.0,125425.0,123741.0,124176.0,15721,11829
2025-11-11,GOLDTEN,2025-12-31,125344.0,126369.0,124659.0,125134.0,9299,10420
2025-11-11,GOLDTEN,2026-01-30,126302.0,127428.0,125603.0,126151.0,3790,4741
2025-11-11,GOLDTEN,2026-02-27,128801.0,128801.0,126550.0,126980.0,957,849
2025-11-11,GOLDTEN,2026-03-31,129557.0,129557.0,127500.0,127825.0,281,402
2025-11-11,GOLDTEN,2026-04-30,129438.0,129823.0,128534.0,128688.0,67,69
2025-11-12,GOLDGUINEA,2025-11-28,100367.0,101998.0,99818.0,101870.0,15795,8664
2025-11-12,GOLDGUINEA,2025-12-31,101299.0,102664.0,100600.0,102535.0,10130,7666
2025-11-12,GOLDGUINEA,2026-01-30,101727.0,103390.0,101263.0,103182.0,3910,3227
2025-11-12,GOLDGUINEA,2026-02-27,102602.0,104168.0,102118.0,103941.0,764,638
2025-11-12,GOLDGUINEA,2026-03-31,103517.0,105004.0,102982.0,104722.0,377,687
2025-11-12,GOLDGUINEA,2026-04-30,104202.0,105594.0,103650.0,105506.0,28,55
2025-11-12,GOLDM,2025-12-05,124154.0,126590.0,123620.0,126363.0,76031,38315
2025-11-12,GOLDM,2026-01-05,125107.0,127444.0,124477.0,127235.0,16776,12718
2025-11-12,GOLDM,2026-02-05,126060.0,128263.0,125354.0,128040.0,5283,3518
2025-11-12,GOLDM,2026-03-05,127019.0,129183.0,126400.0,128881.0,803,698
2025-11-12,GOLDM,2026-04-03,127746.0,129999.0,127086.0,129651.0,584,616
2025-11-12,GOLDM,2026-05-05,128711.0,131000.0,127612.0,130810.0,278,117
2025-11-12,GOLDPETAL,2025-11-28,12565.0,12768.0,12500.0,12743.0,213470,122404
2025-11-12,GOLDPETAL,2025-12-31,12658.0,12850.0,12590.0,12831.0,156805,105591
2025-11-12,GOLDPETAL,2026-01-30,12749.0,12942.0,12673.0,12915.0,67200,41504
2025-11-12,GOLDPETAL,2026-02-27,12841.0,13025.0,12771.0,13013.0,16654,11167
2025-11-12,GOLDPETAL,2026-03-31,12889.0,13108.0,12860.0,13090.0,5046,10429
2025-11-12,GOLDPETAL,2026-04-30,13000.0,13196.0,12950.0,13177.0,3261,2467
2025-11-12,GOLDTEN,2025-11-28,124482.0,126950.0,123881.0,126603.0,19395,11558
2025-11-12,GOLDTEN,2025-12-31,125635.0,127662.0,124805.0,127388.0,13099,10276
2025-11-12,GOLDTEN,2026-01-30,126569.0,128653.0,125778.0,128348.0,5862,4821
2025-11-12,GOLDTEN,2026-02-27,127250.0,129499.0,126700.0,129282.0,1272,854
2025-11-12,GOLDTEN,2026-03-31,128105.0,130225.0,127500.0,130016.0,381,401
2025-11-12,GOLDTEN,2026-04-30,128915.0,131175.0,127818.0,131049.0,108,85
2025-11-13,GOLDGUINEA,2025-11-28,101799.0,103186.0,101710.0,102347.0,15637,8423
2025-11-13,GOLDGUINEA,2025-12-31,102448.0,103920.0,102448.0,103116.0,10578,7952
2025-11-13,GOLDGUINEA,2026-01-30,103098.0,104592.0,103030.0,103932.0,3795,3943
2025-11-13,GOLDGUINEA,2026-02-27,103849.0,105293.0,103849.0,104699.0,764,571
2025-11-13,GOLDGUINEA,2026-03-31,104762.0,106090.0,104353.0,105522.0,537,751
2025-11-13,GOLDGUINEA,2026-04-30,105794.0,107421.0,105252.0,106376.0,157,124
2025-11-13,GOLDM,2025-12-05,126541.0,127824.0,126150.0,126668.0,80023,38382
2025-11-13,GOLDM,2026-01-05,127341.0,128750.0,127091.0,127657.0,20559,13589
2025-11-13,GOLDM,2026-02-05,127607.0,129617.0,127607.0,128527.0,6884,4764
2025-11-13,GOLDM,2026-03-05,129114.0,130513.0,128949.0,129501.0,1165,906
2025-11-13,GOLDM,2026-04-03,129993.0,131250.0,129750.0,130285.0,485,665
2025-11-13,GOLDM,2026-05-05,130999.0,132327.0,130895.0,131336.0,113,135
2025-11-13,GOLDPETAL,2025-11-28,12760.0,12922.0,12720.0,12800.0,258041,124075
2025-11-13,GOLDPETAL,2025-12-31,12831.0,12996.0,12817.0,12897.0,197307,109882
2025-11-13,GOLDPETAL,2026-01-30,12908.0,13085.0,12898.0,12993.0,84683,48752
2025-11-13,GOLDPETAL,2026-02-27,13001.0,13169.0,13001.0,13085.0,21315,10465
2025-11-13,GOLDPETAL,2026-03-31,13058.0,13260.0,13058.0,13177.0,10561,11113
2025-11-13,GOLDPETAL,2026-04-30,13189.0,13359.0,13179.0,13280.0,7494,4743
2025-11-13,GOLDTEN,2025-11-28,126761.0,127996.0,126000.0,126902.0,19523,11178
2025-11-13,GOLDTEN,2025-12-31,127640.0,128955.0,127318.0,127894.0,13429,10066
2025-11-13,GOLDTEN,2026-01-30,128499.0,129894.0,128320.0,128877.0,6510,5390
2025-11-13,GOLDTEN,2026-02-27,129550.0,130866.0,129213.0,129896.0,1740,954
2025-11-13,GOLDTEN,2026-03-31,130309.0,131691.0,130135.0,130775.0,505,506
2025-11-13,GOLDTEN,2026-04-30,131254.0,132616.0,130952.0,131594.0,917,68
2025-11-14,GOLDGUINEA,2025-11-28,102899.0,102899.0,99100.0,100113.0,18862,8565
2025-11-14,GOLDGUINEA,2025-12-31,103300.0,103600.0,100044.0,100959.0,12597,9043
2025-11-14,GOLDGUINEA,2026-01-30,104599.0,104599.0,100829.0,101829.0,4071,4713
2025-11-14,GOLDGUINEA,2026-02-27,104841.0,105000.0,101755.0,102581.0,641,641
2025-11-14,GOLDGUINEA,2026-03-31,105643.0,105800.0,102600.0,103502.0,285,808
2025-11-14,GOLDGUINEA,2026-04-30,106174.0,106174.0,103746.0,104474.0,65,159
2025-11-14,GOLDM,2025-12-05,127010.0,127096.0,121767.0,123454.0,107420,38330
2025-11-14,GOLDM,2026-01-05,128099.0,128099.0,122951.0,124611.0,26136,15626
2025-11-14,GOLDM,2026-02-05,128701.0,128949.0,123895.0,125438.0,8615,6649
2025-11-14,GOLDM,2026-03-05,129861.0,129868.0,125021.0,126564.0,1071,1078
2025-11-14,GOLDM,2026-04-03,130517.0,130524.0,126001.0,127465.0,534,767
2025-11-14,GOLDM,2026-05-05,131677.0,131677.0,127396.0,128730.0,224,185
2025-11-14,GOLDPETAL,2025-11-28,12824.0,12851.0,12355.0,12520.0,352797,123833
2025-11-14,GOLDPETAL,2025-12-31,12920.0,12945.0,12462.0,12618.0,258650,127377
2025-11-14,GOLDPETAL,2026-01-30,13022.0,13036.0,12563.0,12713.0,99164,59187
2025-11-14,GOLDPETAL,2026-02-27,13118.0,13131.0,12693.0,12811.0,18195,11688
2025-11-14,GOLDPETAL,2026-03-31,13205.0,13228.0,12782.0,12915.0,8222,12018
2025-11-14,GOLDPETAL,2026-04-30,13318.0,13324.0,12882.0,13021.0,4683,5949
2025-11-14,GOLDTEN,2025-11-28,127595.0,127595.0,122250.0,123784.0,21064,11202
2025-11-14,GOLDTEN,2025-12-31,128399.0,128648.0,123410.0,124958.0,16439,11271
2025-11-14,GOLDTEN,2026-01-30,129179.0,129500.0,124472.0,125918.0,8110,6920
2025-11-14,GOLDTEN,2026-02-27,130223.0,130313.0,125600.0,127010.0,1940,1199
2025-11-14,GOLDTEN,2026-03-31,131114.0,131922.0,126852.0,128120.0,1203,1309
2025-11-14,GOLDTEN,2026-04-30,131930.0,131930.0,127650.0,129097.0,251,164
2025-11-17,GOLDGUINEA,2025-11-28,100212.0,100212.0,98721.0,99664.0,10191,8365
2025-11-17,GOLDGUINEA,2025-12-31,101598.0,101598.0,99577.0,100454.0,7403,9332
2025-11-17,GOLDGUINEA,2026-01-30,101899.0,101899.0,100342.0,101181.0,2007,4986
2025-11-17,GOLDGUINEA,2026-02-27,102251.0,102499.0,101150.0,101990.0,415,697
2025-11-17,GOLDGUINEA,2026-03-31,103126.0,103443.0,102080.0,102828.0,169,831
2025-11-17,GOLDGUINEA,2026-04-30,103882.0,104291.0,102850.0,103603.0,62,165
2025-11-17,GOLDM,2025-12-05,123189.0,123580.0,121961.0,122789.0,66588,37397
2025-11-17,GOLDM,2026-01-05,124219.0,124606.0,123093.0,123878.0,13795,16335
2025-11-17,GOLDM,2026-02-05,125275.0,125411.0,124000.0,124760.0,4926,6939
2025-11-17,GOLDM,2026-03-05,126031.0,126490.0,125042.0,125792.0,496,1063
2025-11-17,GOLDM,2026-04-03,127100.0,127447.0,126022.0,126743.0,315,808
2025-11-17,GOLDM,2026-05-05,128085.0,128590.0,127081.0,127775.0,68,178
2025-11-17,GOLDPETAL,2025-11-28,12519.0,12537.0,12360.0,12468.0,263123,116133
2025-11-17,GOLDPETAL,2025-12-31,12617.0,12630.0,12450.0,12546.0,183820,133040
2025-11-17,GOLDPETAL,2026-01-30,12679.0,12729.0,12537.0,12614.0,78547,63316
2025-11-17,GOLDPETAL,2026-02-27,12833.0,12834.0,12641.0,12718.0,14552,12177
2025-11-17,GOLDPETAL,2026-03-31,12887.0,12898.0,12741.0,12810.0,5826,12333
2025-11-17,GOLDPETAL,2026-04-30,12990.0,13008.0,12840.0,12909.0,1578,6098
2025-11-17,GOLDTEN,2025-11-28,123687.0,123800.0,122266.0,123079.0,11757,11699
2025-11-17,GOLDTEN,2025-12-31,124854.0,124999.0,123421.0,124152.0,9100,11964
2025-11-17,GOLDTEN,2026-01-30,125856.0,126032.0,124400.0,125251.0,4232,7535
2025-11-17,GOLDTEN,2026-02-27,126964.0,126964.0,125456.0,126259.0,776,1306
2025-11-17,GOLDTEN,2026-03-31,127549.0,128049.0,126700.0,127454.0,349,1409
2025-11-17,GOLDTEN,2026-04-30,128750.0,128957.0,127588.0,128424.0,58,156
2025-11-18,GOLDGUINEA,2025-11-28,98124.0,99648.0,98004.0,99467.0,12008,8216
2025-11-18,GOLDGUINEA,2025-12-31,99947.0,100450.0,99026.0,100225.0,7646,9994
2025-11-18,GOLDGUINEA,2026-01-30,100597.0,101186.0,99776.0,100983.0,2209,5324
2025-11-18,GOLDGUINEA,2026-02-27,100883.0,101963.0,100650.0,101816.0,524,717
2025-11-18,GOLDGUINEA,2026-03-31,101828.0,102739.0,101130.0,102587.0,287,834
2025-11-18,GOLDGUINEA,2026-04-30,102567.0,103572.0,102418.0,103400.0,64,193
2025-11-18,GOLDM,2025-12-05,122101.0,122945.0,120700.0,122591.0,75507,36535
2025-11-18,GOLDM,2026-01-05,122219.0,123892.0,121750.0,123545.0,18151,17534
2025-11-18,GOLDM,2026-02-05,123299.0,124743.0,122510.0,124412.0,6301,7490
2025-11-18,GOLDM,2026-03-05,124417.0,125763.0,123579.0,125411.0,626,1148
2025-11-18,GOLDM,2026-04-03,125359.0,126650.0,124704.0,126455.0,341,828
2025-11-18,GOLDM,2026-05-05,126545.0,127909.0,125842.0,127569.0,58,192
2025-11-18,GOLDPETAL,2025-11-28,12368.0,12496.0,12288.0,12446.0,204739,114547
2025-11-18,GOLDPETAL,2025-12-31,12465.0,12564.0,12342.0,12528.0,177648,141727
2025-11-18,GOLDPETAL,2026-01-30,12581.0,12642.0,12404.0,12605.0,55010,69497
2025-11-18,GOLDPETAL,2026-02-27,12602.0,12732.0,12544.0,12701.0,11812,12862
2025-11-18,GOLDPETAL,2026-03-31,12760.0,12833.0,12644.0,12798.0,4365,12568
2025-11-18,GOLDPETAL,2026-04-30,12880.0,12924.0,12740.0,12881.0,2220,6540
2025-11-18,GOLDTEN,2025-11-28,121796.0,123200.0,121086.0,122870.0,13034,11207
2025-11-18,GOLDTEN,2025-12-31,123501.0,124296.0,122058.0,123934.0,14464,12760
2025-11-18,GOLDTEN,2026-01-30,123800.0,125100.0,122962.0,124813.0,5489,7998
2025-11-18,GOLDTEN,2026-02-27,125005.0,126267.0,124168.0,125968.0,1185,1504
2025-11-18,GOLDTEN,2026-03-31,126468.0,127343.0,125288.0,127006.0,482,1571
2025-11-18,GOLDTEN,2026-04-30,126646.0,128227.0,126330.0,128038.0,52,158
2025-11-19,GOLDGUINEA,2025-11-28,99511.0,100689.0,99180.0,99738.0,12004,7686
2025-11-19,GOLDGUINEA,2025-12-31,100599.0,101408.0,100060.0,100526.0,9144,10352
2025-11-19,GOLDGUINEA,2026-01-30,99686.0,102172.0,99686.0,101283.0,2386,5603
2025-11-19,GOLDGUINEA,2026-02-27,102341.0,102900.0,101658.0,102123.0,393,726
2025-11-19,GOLDGUINEA,2026-03-31,102664.0,103785.0,102555.0,102871.0,188,876
2025-11-19,GOLDGUINEA,2026-04-30,103600.0,104552.0,103473.0,103801.0,90,201
2025-11-19,GOLDM,2025-12-05,122734.0,124280.0,122202.0,122904.0,72005,36698
2025-11-19,GOLDM,2026-01-05,123699.0,125272.0,123260.0,123950.0,21865,18478
2025-11-19,GOLDM,2026-02-05,124741.0,126045.0,124020.0,124719.0,7206,8010
2025-11-19,GOLDM,2026-03-05,125633.0,127000.0,125021.0,125746.0,667,1164
2025-11-19,GOLDM,2026-04-03,126692.0,127910.0,125948.0,126605.0,472,871
2025-11-19,GOLDM,2026-05-05,127781.0,128990.0,126906.0,127559.0,251,236
2025-11-19,GOLDPETAL,2025-11-28,12464.0,12606.0,12420.0,12488.0,206108,103495
2025-11-19,GOLDPETAL,2025-12-31,12534.0,12685.0,12506.0,12567.0,228137,152178
2025-11-19,GOLDPETAL,2026-01-30,12618.0,12758.0,12590.0,12649.0,52546,72296
2025-11-19,GOLDPETAL,2026-02-27,12714.0,12848.0,12675.0,12743.0,11365,12459
2025-11-19,GOLDPETAL,2026-03-31,12813.0,12948.0,12778.0,12845.0,4786,12481
2025-11-19,GOLDPETAL,2026-04-30,12903.0,13038.0,12861.0,12949.0,3409,7360
2025-11-19,GOLDTEN,2025-11-28,123136.0,124452.0,122571.0,123205.0,13901,10514
2025-11-19,GOLDTEN,2025-12-31,124005.0,125535.0,123500.0,124282.0,13149,13445
2025-11-19,GOLDTEN,2026-01-30,124501.0,126350.0,124457.0,125127.0,4582,8043
2025-11-19,GOLDTEN,2026-02-27,125968.0,127499.0,125588.0,126249.0,1389,1560
2025-11-19,GOLDTEN,2026-03-31,127304.0,128603.0,126634.0,127229.0,578,1735
2025-11-19,GOLDTEN,2026-04-30,128081.0,129587.0,127501.0,127919.0,125,174
2025-11-20,GOLDGUINEA,2025-11-28,99688.0,100410.0,98819.0,99616.0,11615,6716
2025-11-20,GOLDGUINEA,2025-12-31,100112.0,101200.0,99913.0,100387.0,9088,11380
2025-11-20,GOLDGUINEA,2026-01-30,101151.0,101880.0,100732.0,101134.0,2102,5822
2025-11-20,GOLDGUINEA,2026-02-27,102068.0,102657.0,101600.0,101966.0,486,804
2025-11-20,GOLDGUINEA,2026-03-31,103031.0,103450.0,102613.0,102917.0,110,888
2025-11-20,GOLDGUINEA,2026-04-30,103650.0,104417.0,103370.0,103887.0,49,218
2025-11-20,GOLDM,2025-12-05,122904.0,123579.0,121901.0,122578.0,70110,36461
2025-11-20,GOLDM,2026-01-05,123900.0,124623.0,122940.0,123664.0,19618,19812
2025-11-20,GOLDM,2026-02-05,124755.0,125456.0,123706.0,124452.0,5473,8284
2025-11-20,GOLDM,2026-03-05,125720.0,126360.0,124741.0,125453.0,841,1208
2025-11-20,GOLDM,2026-04-03,126551.0,127250.0,125566.0,126368.0,391,896
2025-11-20,GOLDM,2026-05-05,127553.0,128051.0,126650.0,127014.0,149,289
2025-11-20,GOLDPETAL,2025-11-28,12480.0,12598.0,12402.0,12484.0,195429,84207
2025-11-20,GOLDPETAL,2025-12-31,12549.0,12632.0,12488.0,12561.0,204795,168979
2025-11-20,GOLDPETAL,2026-01-30,12610.0,12714.0,12581.0,12646.0,55959,77679
2025-11-20,GOLDPETAL,2026-02-27,12739.0,12808.0,12673.0,12735.0,10323,13227
2025-11-20,GOLDPETAL,2026-03-31,12840.0,12897.0,12776.0,12828.0,4677,12848
2025-11-20,GOLDPETAL,2026-04-30,12933.0,12983.0,12875.0,12909.0,1471,7537
2025-11-20,GOLDTEN,2025-11-28,123531.0,123913.0,122281.0,122908.0,10818,10204
2025-11-20,GOLDTEN,2025-12-31,124200.0,124938.0,123350.0,124023.0,12163,14491
2025-11-20,GOLDTEN,2026-01-30,124950.0,125770.0,124171.0,124796.0,4454,8334
2025-11-20,GOLDTEN,2026-02-27,126689.0,126923.0,125316.0,125998.0,1013,1617
2025-11-20,GOLDTEN,2026-03-31,127327.0,127898.0,126316.0,126872.0,707,2109
2025-11-20,GOLDTEN,2026-04-30,128141.0,128644.0,127247.0,127596.0,71,187
2025-11-21,GOLDGUINEA,2025-11-28,99628.0,100477.0,98982.0,100082.0,11353,2033
2025-11-21,GOLDGUINEA,2025-12-31,100367.0,101400.0,99612.0,101035.0,15638,12200
2025-11-21,GOLDGUINEA,2026-01-30,101091.0,102161.0,100507.0,101819.0,3271,5722
2025-11-21,GOLDGUINEA,2026-02-27,102287.0,102950.0,101463.0,102694.0,570,883
2025-11-21,GOLDGUINEA,2026-03-31,102989.0,103800.0,102389.0,103563.0,179,895
2025-11-21,GOLDGUINEA,2026-04-30,103549.0,104647.0,103361.0,104340.0,65,197
2025-11-21,GOLDM,2025-12-05,122361.0,124195.0,121500.0,123849.0,76478,32835
2025-11-21,GOLDM,2026-01-05,123487.0,125388.0,122565.0,125057.0,26677,20304
2025-11-21,GOLDM,2026-02-05,124110.0,126242.0,123312.0,125931.0,9156,7688
2025-11-21,GOLDM,2026-03-05,124964.0,127163.0,124380.0,126913.0,952,1114
2025-11-21,GOLDM,2026-04-03,125918.0,127970.0,125247.0,127690.0,430,818
2025-11-21,GOLDM,2026-05-05,126897.0,128693.0,126150.0,128497.0,115,306
2025-11-21,GOLDPETAL,2025-11-28,12454.0,12578.0,12405.0,12550.0,183268,18530
2025-11-21,GOLDPETAL,2025-12-31,12559.0,12670.0,12490.0,12642.0,276502,179715
2025-11-21,GOLDPETAL,2026-01-30,12640.0,12752.0,12569.0,12738.0,94758,73466
2025-11-21,GOLDPETAL,2026-02-27,12729.0,12845.0,12662.0,12827.0,16560,13703
2025-11-21,GOLDPETAL,2026-03-31,12800.0,12932.0,12761.0,12919.0,4339,12623
2025-11-21,GOLDPETAL,2026-04-30,12917.0,13022.0,12860.0,13012.0,2001,7514
2025-11-21,GOLDTEN,2025-11-28,122100.0,124400.0,121885.0,123973.0,13282,8263
2025-11-21,GOLDTEN,2025-12-31,123621.0,125500.0,123022.0,125201.0,19485,14764
2025-11-21,GOLDTEN,2026-01-30,124309.0,126500.0,123775.0,126248.0,7457,7972
2025-11-21,GOLDTEN,2026-02-27,125509.0,127573.0,124957.0,127252.0,1717,1419
2025-11-21,GOLDTEN,2026-03-31,126698.0,128600.0,126000.0,128328.0,662,2242
2025-11-21,GOLDTEN,2026-04-30,127763.0,129464.0,126909.0,129207.0,103,187
2025-11-24,GOLDGUINEA,2025-11-28,99700.0,100398.0,99123.0,100008.0,2082,617
2025-11-24,GOLDGUINEA,2025-12-31,100251.0,101200.0,100000.0,100943.0,10749,13743
2025-11-24,GOLDGUINEA,2026-01-30,101000.0,101836.0,99812.0,101744.0,2629,5964
2025-11-24,GOLDGUINEA,2026-02-27,101228.0,102650.0,101226.0,102553.0,575,1003
2025-11-24,GOLDGUINEA,2026-03-31,102528.0,103867.0,102410.0,103458.0,252,926
2025-11-24,GOLDGUINEA,2026-04-30,103472.0,104446.0,103329.0,104302.0,50,206
2025-11-24,GOLDM,2025-12-05,122600.0,123783.0,122257.0,123614.0,44401,31503
2025-11-24,GOLDM,2026-01-05,124482.0,124955.0,123400.0,124768.0,18661,21836
2025-11-24,GOLDM,2026-02-05,124935.0,125784.0,124414.0,125601.0,6738,8223
2025-11-24,GOLDM,2026-03-05,125949.0,126719.0,125479.0,126562.0,695,1254
2025-11-24,GOLDM,2026-04-03,126891.0,127470.0,126290.0,127327.0,292,823
2025-11-24,GOLDM,2026-05-05,127656.0,128400.0,127197.0,128266.0,99,294
2025-11-24,GOLDPETAL,2025-11-28,12678.0,12678.0,12400.0,12477.0,29271,5054
2025-11-24,GOLDPETAL,2025-12-31,12544.0,12699.0,12500.0,12628.0,194547,192724
2025-11-24,GOLDPETAL,2026-01-30,12696.0,12746.0,12618.0,12727.0,86427,79883
2025-11-24,GOLDPETAL,2026-02-27,12787.0,12850.0,12700.0,12809.0,14347,14823
2025-11-24,GOLDPETAL,2026-03-31,12858.0,12920.0,12810.0,12903.0,2343,12467
2025-11-24,GOLDPETAL,2026-04-30,12955.0,13002.0,12905.0,12997.0,1521,7834
2025-11-24,GOLDTEN,2025-11-28,123388.0,123950.0,121965.0,123726.0,9104,5646
2025-11-24,GOLDTEN,2025-12-31,124366.0,125125.0,123598.0,124938.0,15005,16842
2025-11-24,GOLDTEN,2026-01-30,125505.0,126080.0,124500.0,125923.0,4408,8188
2025-11-24,GOLDTEN,2026-02-27,126121.0,127200.0,125808.0,126920.0,1602,1593
2025-11-24,GOLDTEN,2026-03-31,127424.0,128253.0,126997.0,127924.0,345,2287
2025-11-24,GOLDTEN,2026-04-30,127893.0,129094.0,127893.0,128988.0,134,258
2025-11-25,GOLDGUINEA,2025-11-28,100978.0,101796.0,100711.0,101495.0,158,518
2025-11-25,GOLDGUINEA,2025-12-31,101550.0,101950.0,101112.0,101819.0,15325,12863
2025-11-25,GOLDGUINEA,2026-01-30,102905.0,102905.0,102015.0,102564.0,3751,5632
2025-11-25,GOLDGUINEA,2026-02-27,103358.0,103550.0,102900.0,103408.0,722,982
2025-11-25,GOLDGUINEA,2026-03-31,103980.0,105138.0,103511.0,104202.0,344,982
2025-11-25,GOLDGUINEA,2026-04-30,104855.0,105271.0,104783.0,105114.0,103,216
2025-11-25,GOLDM,2025-12-05,124000.0,125162.0,124000.0,124916.0,55048,28820
2025-11-25,GOLDM,2026-01-05,126000.0,126369.0,125420.0,126130.0,27683,22874
2025-11-25,GOLDM,2026-02-05,125999.0,127360.0,125999.0,127087.0,8925,7784
2025-11-25,GOLDM,2026-03-05,127063.0,128258.0,127063.0,128031.0,828,1248
2025-11-25,GOLDM,2026-04-03,127877.0,128940.0,127877.0,128763.0,383,820
2025-11-25,GOLDM,2026-05-05,128946.0,129974.0,128946.0,129808.0,118,305
2025-11-25,GOLDPETAL,2025-11-28,12583.0,12760.0,12568.0,12664.0,1440,1391
2025-11-25,GOLDPETAL,2025-12-31,12690.0,12779.0,12690.0,12751.0,246269,179193
2025-11-25,GOLDPETAL,2026-01-30,12777.0,12866.0,12755.0,12845.0,85018,77811
2025-11-25,GOLDPETAL,2026-02-27,12870.0,12954.0,12853.0,12937.0,18106,16647
2025-11-25,GOLDPETAL,2026-03-31,12950.0,13037.0,12950.0,13017.0,4777,11845
2025-11-25,GOLDPETAL,2026-04-30,13003.0,13134.0,13003.0,13110.0,3178,7497
2025-11-25,GOLDTEN,2025-11-28,124498.0,125329.0,124292.0,125031.0,6850,2825
2025-11-25,GOLDTEN,2025-12-31,125231.0,126600.0,125231.0,126329.0,22468,18254
2025-11-25,GOLDTEN,2026-01-30,126499.0,127583.0,126412.0,127402.0,6418,8263
2025-11-25,GOLDTEN,2026-02-27,127700.0,128626.0,127383.0,128393.0,1866,1540
2025-11-25,GOLDTEN,2026-03-31,129059.0,129677.0,128663.0,129489.0,593,2348
2025-11-25,GOLDTEN,2026-04-30,129859.0,130543.0,129459.0,130462.0,112,253
2025-11-26,GOLDGUINEA,2025-11-28,101803.0,102043.0,101106.0,101628.0,42,500
2025-11-26,GOLDGUINEA,2025-12-31,102211.0,103589.0,101502.0,102263.0,12238,12597
2025-11-26,GOLDGUINEA,2026-01-30,103054.0,103439.0,102650.0,103048.0,3048,5419
2025-11-26,GOLDGUINEA,2026-02-27,103688.0,104299.0,103512.0,103897.0,880,1131
2025-11-26,GOLDGUINEA,2026-03-31,105108.0,105108.0,104335.0,104718.0,310,1005
2025-11-26,GOLDGUINEA,2026-04-30,105751.0,105751.0,105074.0,105547.0,118,215
2025-11-26,GOLDM,2025-12-05,125302.0,125800.0,124961.0,125674.0,44486,24692
2025-11-26,GOLDM,2026-01-05,126691.0,126949.0,126116.0,126814.0,24824,25239
2025-11-26,GOLDM,2026-02-05,127500.0,127975.0,127055.0,127820.0,9110,8193
2025-11-26,GOLDM,2026-03-05,128676.0,128888.0,128122.0,128768.0,860,1248
2025-11-26,GOLDM,2026-04-03,129310.0,129666.0,128811.0,129567.0,365,851
2025-11-26,GOLDM,2026-05-05,130432.0,130723.0,129916.0,130491.0,128,300
2025-11-26,GOLDPETAL,2025-11-28,12724.0,12774.0,12680.0,12733.0,433,888
2025-11-26,GOLDPETAL,2025-12-31,12830.0,12830.0,12770.0,12815.0,188290,178324
2025-11-26,GOLDPETAL,2026-01-30,12857.0,12924.0,12802.0,12909.0,61496,81428
2025-11-26,GOLDPETAL,2026-02-27,12947.0,13012.0,12947.0,13003.0,18880,17072
2025-11-26,GOLDPETAL,2026-03-31,13050.0,13100.0,13047.0,13087.0,4144,11605
2025-11-26,GOLDPETAL,2026-04-30,13135.0,13225.0,13120.0,13177.0,3850,7919
2025-11-26,GOLDTEN,2025-11-28,125669.0,126784.0,124535.0,125351.0,3479,2058
2025-11-26,GOLDTEN,2025-12-31,126693.0,127134.0,126360.0,126963.0,19811,17845
2025-11-26,GOLDTEN,2026-01-30,127832.0,128535.0,127420.0,128046.0,6648,8725
2025-11-26,GOLDTEN,2026-02-27,128993.0,129217.0,128472.0,129096.0,1652,1619
2025-11-26,GOLDTEN,2026-03-31,129985.0,130181.0,129507.0,130103.0,578,2343
2025-11-26,GOLDTEN,2026-04-30,131128.0,131313.0,130600.0,131173.0,135,297
2025-11-27,GOLDGUINEA,2025-11-28,101200.0,103094.0,101200.0,101700.0,169,244
2025-11-27,GOLDGUINEA,2025-12-31,102000.0,102747.0,101801.0,102212.0,6783,12205
2025-11-27,GOLDGUINEA,2026-01-30,102799.0,103579.0,102665.0,103024.0,2395,5507
2025-11-27,GOLDGUINEA,2026-02-27,103769.0,104205.0,103585.0,103842.0,485,1237
2025-11-27,GOLDGUINEA,2026-03-31,104541.0,104980.0,104300.0,104725.0,345,1010
2025-11-27,GOLDGUINEA,2026-04-30,105300.0,105923.0,105057.0,105699.0,73,219
2025-11-27,GOLDM,2025-12-05,125360.0,125719.0,125087.0,125465.0,26081,22967
2025-11-27,GOLDM,2026-01-05,126387.0,126896.0,126279.0,126694.0,16599,27043
2025-11-27,GOLDM,2026-02-05,127348.0,127869.0,127142.0,127704.0,5702,8908
2025-11-27,GOLDM,2026-03-05,128203.0,128778.0,128160.0,128644.0,398,1227
2025-11-27,GOLDM,2026-04-03,129099.0,129706.0,128967.0,129506.0,265,900
2025-11-27,GOLDM,2026-05-05,130026.0,130499.0,130026.0,130454.0,75,331
2025-11-27,GOLDPETAL,2025-11-28,12701.0,13099.0,12696.0,12776.0,221,602
2025-11-27,GOLDPETAL,2025-12-31,12802.0,12830.0,12712.0,12806.0,108803,178542
2025-11-27,GOLDPETAL,2026-01-30,12859.0,12924.0,12846.0,12901.0,42155,80288
2025-11-27,GOLDPETAL,2026-02-27,12950.0,13020.0,12946.0,12992.0,12017,18259
2025-11-27,GOLDPETAL,2026-03-31,13038.0,13102.0,13038.0,13073.0,2686,11633
2025-11-27,GOLDPETAL,2026-04-30,13162.0,13196.0,13150.0,13173.0,1916,8013
2025-11-27,GOLDTEN,2025-11-28,125592.0,126458.0,125290.0,125672.0,131,725
2025-11-27,GOLDTEN,2025-12-31,126883.0,127099.0,126500.0,126904.0,7911,17376
2025-11-27,GOLDTEN,2026-01-30,127587.0,128160.0,127500.0,127938.0,3389,8754
2025-11-27,GOLDTEN,2026-02-27,129087.0,129200.0,128531.0,128972.0,1318,1714
2025-11-27,GOLDTEN,2026-03-31,129700.0,130210.0,129600.0,129986.0,346,2319
2025-11-27,GOLDTEN,2026-04-30,131025.0,131236.0,130548.0,131034.0,106,302
2025-11-28,GOLDGUINEA,2025-11-28,102089.0,102599.0,101986.0,102252.0,74,166
2025-11-28,GOLDGUINEA,2025-12-31,102699.0,103299.0,102400.0,103220.0,11568,11321
2025-11-28,GOLDGUINEA,2026-01-30,103600.0,104224.0,103191.0,104095.0,5787,5435
2025-11-28,GOLDGUINEA,2026-02-27,104326.0,105930.0,104006.0,105037.0,1802,1549
2025-11-28,GOLDGUINEA,2026-03-31,105250.0,105889.0,104326.0,105787.0,687,917
2025-11-28,GOLDGUINEA,2026-04-30,106748.0,106785.0,105848.0,106702.0,178,213
2025-11-28,GOLDM,2025-12-05,125899.0,127099.0,125625.0,126943.0,50902,14850
2025-11-28,GOLDM,2026-01-05,126860.0,128381.0,126860.0,128304.0,43609,33628
2025-11-28,GOLDM,2026-02-05,128262.0,129579.0,127905.0,129456.0,14047,9119
2025-11-28,GOLDM,2026-03-05,129481.0,130498.0,128900.0,130413.0,1411,1237
2025-11-28,GOLDM,2026-04-03,130049.0,131453.0,129760.0,131380.0,922,1047
2025-11-28,GOLDM,2026-05-05,130950.0,132653.0,130632.0,132495.0,584,510
2025-11-28,GOLDPETAL,2025-11-28,12776.0,12859.0,12755.0,12800.0,418,128
2025-11-28,GOLDPETAL,2025-12-31,12830.0,12950.0,12826.0,12945.0,198983,167078
2025-11-28,GOLDPETAL,2026-01-30,12925.0,13059.0,12889.0,13046.0,115413,75986
2025-11-28,GOLDPETAL,2026-02-27,13042.0,13160.0,13025.0,13149.0,33992,20242
2025-11-28,GOLDPETAL,2026-03-31,13120.0,13249.0,13099.0,13227.0,8953,11264
2025-11-28,GOLDPETAL,2026-04-30,13230.0,13345.0,13191.0,13323.0,6461,7159
2025-11-28,GOLDTEN,2025-11-28,126175.0,126928.0,125100.0,126106.0,120,105
2025-11-28,GOLDTEN,2025-12-31,127105.0,128500.0,127105.0,128415.0,17654,14749
2025-11-28,GOLDTEN,2026-01-30,128503.0,129561.0,128155.0,129485.0,10148,10916
2025-11-28,GOLDTEN,2026-02-27,129500.0,130888.0,129200.0,130659.0,3803,2252
2025-11-28,GOLDTEN,2026-03-31,130500.0,131844.0,130205.0,131617.0,1360,2368
2025-11-28,GOLDTEN,2026-04-30,131539.0,132836.0,131431.0,132715.0,244,256
2025-12-01,GOLDGUINEA,2025-12-31,103500.0,104700.0,103400.0,104405.0,16275,10224
2025-12-01,GOLDGUINEA,2026-01-30,104327.0,105585.0,104326.0,105240.0,7159,5832
2025-12-01,GOLDGUINEA,2026-02-27,105274.0,106523.0,105012.0,106280.0,3752,1954
2025-12-01,GOLDGUINEA,2026-03-31,105844.0,107340.0,105844.0,107098.0,793,944
2025-12-01,GOLDGUINEA,2026-04-30,107769.0,108300.0,106883.0,108014.0,492,250
2025-12-01,GOLDGUINEA,2026-05-29,108836.0,109228.0,108049.0,108650.0,19,7
2025-12-01,GOLDM,2025-12-05,127279.0,128943.0,127279.0,128034.0,25841,13143
2025-12-01,GOLDM,2026-01-05,128399.0,130170.0,128399.0,129554.0,56336,36922
2025-12-01,GOLDM,2026-02-05,130312.0,131327.0,129921.0,130651.0,19543,10557
2025-12-01,GOLDM,2026-03-05,130629.0,132418.0,130629.0,131802.0,1836,1548
2025-12-01,GOLDM,2026-04-03,132294.0,133402.0,131946.0,132740.0,1090,1036
2025-12-01,GOLDM,2026-05-05,133115.0,134417.0,132986.0,133899.0,404,570
2025-12-01,GOLDPETAL,2025-12-31,13000.0,13145.0,12966.0,13101.0,263887,156111
2025-12-01,GOLDPETAL,2026-01-30,13090.0,13250.0,13060.0,13197.0,147229,93129
2025-12-01,GOLDPETAL,2026-02-27,13187.0,13364.0,13175.0,13316.0,59685,32348
2025-12-01,GOLDPETAL,2026-03-31,13250.0,13447.0,13150.0,13414.0,12634,11753
2025-12-01,GOLDPETAL,2026-04-30,13356.0,13550.0,13356.0,13519.0,9424,6437
2025-12-01,GOLDPETAL,2026-05-29,13577.0,13678.0,13504.0,13648.0,3853,1890
2025-12-01,GOLDTEN,2025-12-31,128947.0,130317.0,128885.0,129721.0,22861,13533
2025-12-01,GOLDTEN,2026-01-30,129893.0,131380.0,129725.0,130771.0,13159,10745
2025-12-01,GOLDTEN,2026-02-27,131894.0,132478.0,131047.0,131922.0,5433,3390
2025-12-01,GOLDTEN,2026-03-31,131991.0,133474.0,131200.0,132958.0,1754,2824
2025-12-01,GOLDTEN,2026-04-30,133000.0,135000.0,132813.0,134321.0,371,374
2025-12-01,GOLDTEN,2026-05-29,135599.0,136194.0,133505.0,135686.0,139,77
2025-12-02,GOLDGUINEA,2025-12-31,104100.0,104489.0,103322.0,103850.0,13768,9598
2025-12-02,GOLDGUINEA,2026-01-30,105169.0,105333.0,104321.0,104773.0,6426,6580
2025-12-02,GOLDGUINEA,2026-02-27,106168.0,106420.0,105500.0,105885.0,2214,2405
2025-12-02,GOLDGUINEA,2026-03-31,107045.0,107241.0,106108.0,106766.0,456,1055
2025-12-02,GOLDGUINEA,2026-04-30,107547.0,108180.0,107136.0,107627.0,224,289
2025-12-02,GOLDGUINEA,2026-05-29,109054.0,109999.0,108484.0,109154.0,25,18
2025-12-02,GOLDM,2025-12-05,127538.0,128100.0,126549.0,127142.0,17028,10122
2025-12-02,GOLDM,2026-01-05,129325.0,129600.0,127912.0,128666.0,60448,40249
2025-12-02,GOLDM,2026-02-05,130515.0,130798.0,129079.0,129767.0,18768,13649
2025-12-02,GOLDM,2026-03-05,131499.0,131979.0,130327.0,130988.0,2610,2249
2025-12-02,GOLDM,2026-04-03,132521.0,133199.0,131700.0,132147.0,886,1171
2025-12-02,GOLDM,2026-05-05,133554.0,134370.0,133000.0,133378.0,257,620
2025-12-02,GOLDPETAL,2025-12-31,13068.0,13100.0,12965.0,13015.0,242995,152725
2025-12-02,GOLDPETAL,2026-01-30,13161.0,13204.0,13070.0,13120.0,147660,100434
2025-12-02,GOLDPETAL,2026-02-27,13277.0,13335.0,13209.0,13258.0,47096,39751
2025-12-02,GOLDPETAL,2026-03-31,13381.0,13433.0,13325.0,13367.0,7835,11980
2025-12-02,GOLDPETAL,2026-04-30,13475.0,13538.0,13421.0,13486.0,4992,6740
2025-12-02,GOLDPETAL,2026-05-29,13630.0,13675.0,13552.0,13626.0,1702,2788
2025-12-02,GOLDTEN,2025-12-31,129496.0,129828.0,128252.0,128946.0,18681,13527
2025-12-02,GOLDTEN,2026-01-30,130349.0,130964.0,129334.0,129997.0,10372,9084
2025-12-02,GOLDTEN,2026-02-27,131440.0,132057.0,130519.0,131218.0,5391,3726
2025-12-02,GOLDTEN,2026-03-31,132653.0,133131.0,131661.0,132265.0,2687,3398
2025-12-02,GOLDTEN,2026-04-30,133872.0,134400.0,133000.0,133554.0,550,584
2025-12-02,GOLDTEN,2026-05-29,135640.0,136754.0,134213.0,135466.0,84,92
2025-12-03,GOLDGUINEA,2025-12-31,103980.0,105848.0,103980.0,104405.0,12483,9123
2025-12-03,GOLDGUINEA,2026-01-30,104971.0,105889.0,104971.0,105340.0,5882,6587
2025-12-03,GOLDGUINEA,2026-02-27,106663.0,106820.0,106150.0,106455.0,2092,2484
2025-12-03,GOLDGUINEA,2026-03-31,107923.0,107923.0,106726.0,107314.0,597,1012
2025-12-03,GOLDGUINEA,2026-04-30,108300.0,108869.0,107930.0,108205.0,234,237
2025-12-03,GOLDGUINEA,2026-05-29,109218.0,109685.0,109112.0,109404.0,18,25
2025-12-03,GOLDM,2025-12-05,127900.0,128760.0,127608.0,127974.0,2556,9063
2025-12-03,GOLDM,2026-01-05,128999.0,130155.0,128999.0,129305.0,55815,40879
2025-12-03,GOLDM,2026-02-05,130600.0,131348.0,130125.0,130485.0,19094,13139
2025-12-03,GOLDM,2026-03-05,131800.0,132479.0,131330.0,131669.0,2138,2026
2025-12-03,GOLDM,2026-04-03,133100.0,133625.0,132547.0,132788.0,657,1069
2025-12-03,GOLDM,2026-05-05,134451.0,134676.0,133700.0,134009.0,231,626
2025-12-03,GOLDPETAL,2025-12-31,13059.0,13139.0,13044.0,13082.0,205451,144337
2025-12-03,GOLDPETAL,2026-01-30,13179.0,13247.0,13152.0,13201.0,121452,96961
2025-12-03,GOLDPETAL,2026-02-27,13310.0,13370.0,13298.0,13327.0,37292,38668
2025-12-03,GOLDPETAL,2026-03-31,13427.0,13475.0,13402.0,13439.0,6364,11733
2025-12-03,GOLDPETAL,2026-04-30,13536.0,13599.0,13524.0,13569.0,4516,6951
2025-12-03,GOLDPETAL,2026-05-29,13670.0,13724.0,13651.0,13710.0,2154,2986
2025-12-03,GOLDTEN,2025-12-31,129299.0,130350.0,129200.0,129575.0,15787,13111
2025-12-03,GOLDTEN,2026-01-30,130750.0,131482.0,130340.0,130712.0,7768,9333
2025-12-03,GOLDTEN,2026-02-27,132000.0,132541.0,131465.0,131832.0,3122,3638
2025-12-03,GOLDTEN,2026-03-31,133099.0,133660.0,132577.0,132884.0,1062,3384
2025-12-03,GOLDTEN,2026-04-30,134383.0,134761.0,133900.0,134150.0,250,508
2025-12-03,GOLDTEN,2026-05-29,135854.0,135854.0,134663.0,135591.0,31,81
2025-12-04,GOLDGUINEA,2025-12-31,103993.0,104470.0,103553.0,104197.0,8587,9121
2025-12-04,GOLDGUINEA,2026-01-30,105300.0,105444.0,104762.0,105117.0,4239,6692
2025-12-04,GOLDGUINEA,2026-02-27,106496.0,106581.0,105866.0,106115.0,1549,2757
2025-12-04,GOLDGUINEA,2026-03-31,107246.0,107447.0,106737.0,107059.0,254,1068
2025-12-04,GOLDGUINEA,2026-04-30,108141.0,108423.0,107695.0,107970.0,107,238
2025-12-04,GOLDGUINEA,2026-05-29,109489.0,109489.0,108300.0,109068.0,26,19
2025-12-04,GOLDM,2025-12-05,127974.0,128328.0,126900.0,127668.0,754,1090
2025-12-04,GOLDM,2026-01-05,129251.0,129389.0,128224.0,128894.0,43318,44282
2025-12-04,GOLDM,2026-02-05,130430.0,130550.0,129410.0,130069.0,14246,14900
2025-12-04,GOLDM,2026-03-05,131483.0,131783.0,130651.0,131245.0,2267,2814
2025-12-04,GOLDM,2026-04-03,132866.0,132934.0,131814.0,132318.0,625,1249
2025-12-04,GOLDM,2026-05-05,133977.0,134266.0,133050.0,133583.0,138,669
2025-12-04,GOLDPETAL,2025-12-31,13132.0,13132.0,13009.0,13048.0,147419,150163
2025-12-04,GOLDPETAL,2026-01-30,13178.0,13215.0,13124.0,13162.0,85606,111420
2025-12-04,GOLDPETAL,2026-02-27,13307.0,13341.0,13254.0,13291.0,26109,43695
2025-12-04,GOLDPETAL,2026-03-31,13435.0,13450.0,13373.0,13418.0,5375,12476
2025-12-04,GOLDPETAL,2026-04-30,13545.0,13575.0,13482.0,13541.0,2412,7072
2025-12-04,GOLDPETAL,2026-05-29,13689.0,13714.0,13632.0,13679.0,1520,3424
2025-12-04,GOLDTEN,2025-12-31,129283.0,129648.0,128600.0,129192.0,11781,14072
2025-12-04,GOLDTEN,2026-01-30,130501.0,130794.0,129700.0,130292.0,6520,9587
2025-12-04,GOLDTEN,2026-02-27,131700.0,132687.0,130950.0,131546.0,1953,3916
2025-12-04,GOLDTEN,2026-03-31,133659.0,133659.0,132060.0,132630.0,693,3316
2025-12-04,GOLDTEN,2026-04-30,134376.0,134916.0,133480.0,133955.0,215,591
2025-12-04,GOLDTEN,2026-05-29,134903.0,135360.0,133887.0,134605.0,12,75
2025-12-05,GOLDGUINEA,2025-12-31,104029.0,105070.0,104018.0,104377.0,10629,8600
2025-12-05,GOLDGUINEA,2026-01-30,104999.0,105939.0,104943.0,105336.0,5356,6318
2025-12-05,GOLDGUINEA,2026-02-27,105993.0,106872.0,105950.0,106342.0,1788,2803
2025-12-05,GOLDGUINEA,2026-03-31,106961.0,107765.0,106911.0,107189.0,429,1043
2025-12-05,GOLDGUINEA,2026-04-30,108086.0,108750.0,107906.0,108154.0,167,246
2025-12-05,GOLDGUINEA,2026-05-29,109360.0,109706.0,109130.0,109260.0,15,26
2025-12-05,GOLDM,2025-12-05,127589.0,129181.0,127584.0,128384.0,191,360
2025-12-05,GOLDM,2026-01-05,128785.0,130200.0,128513.0,129206.0,51597,45328
2025-12-05,GOLDM,2026-02-05,129857.0,131459.0,129800.0,130467.0,18580,14645
2025-12-05,GOLDM,2026-03-05,131026.0,132576.0,131026.0,131700.0,3107,2718
2025-12-05,GOLDM,2026-04-03,132142.0,133521.0,132061.0,132746.0,893,1346
2025-12-05,GOLDM,2026-05-05,133492.0,134762.0,133477.0,133966.0,212,678
2025-12-05,GOLDPETAL,2025-12-31,13036.0,13146.0,13026.0,13069.0,191679,131046
2025-12-05,GOLDPETAL,2026-01-30,13152.0,13270.0,13135.0,13190.0,127786,99052
2025-12-05,GOLDPETAL,2026-02-27,13280.0,13369.0,13270.0,13316.0,38334,36478
2025-12-05,GOLDPETAL,2026-03-31,13410.0,13475.0,13394.0,13435.0,9776,11859
2025-12-05,GOLDPETAL,2026-04-30,13529.0,13600.0,13520.0,13555.0,3797,7387
2025-12-05,GOLDPETAL,2026-05-29,13679.0,13754.0,13652.0,13683.0,2160,3388
2025-12-05,GOLDTEN,2025-12-31,129048.0,130450.0,128927.0,129540.0,13476,13554
2025-12-05,GOLDTEN,2026-01-30,130103.0,131570.0,130061.0,130634.0,8232,9383
2025-12-05,GOLDTEN,2026-02-27,131225.0,132650.0,131224.0,131900.0,3064,3870
2025-12-05,GOLDTEN,2026-03-31,132425.0,133700.0,132364.0,132911.0,1111,3083
2025-12-05,GOLDTEN,2026-04-30,133872.0,135441.0,133743.0,134259.0,550,731
2025-12-05,GOLDTEN,2026-05-29,135293.0,137094.0,135007.0,136108.0,27,81
2025-12-08,GOLDGUINEA,2025-12-31,104486.0,104656.0,102800.0,104063.0,8921,8560
2025-12-08,GOLDGUINEA,2026-01-30,105448.0,105651.0,104801.0,105089.0,4598,6631
2025-12-08,GOLDGUINEA,2026-02-27,106444.0,106650.0,105903.0,106237.0,1330,3172
2025-12-08,GOLDGUINEA,2026-03-31,107348.0,107550.0,106880.0,107200.0,227,1090
2025-12-08,GOLDGUINEA,2026-04-30,108361.0,108495.0,107854.0,108122.0,75,255
2025-12-08,GOLDGUINEA,2026-05-29,109346.0,109565.0,109000.0,109188.0,16,36
2025-12-08,GOLDM,2026-01-05,128900.0,129542.0,128301.0,128736.0,34061,45970
2025-12-08,GOLDM,2026-02-05,130167.0,130783.0,129605.0,129960.0,11717,16085
2025-12-08,GOLDM,2026-03-05,131727.0,132000.0,130901.0,131234.0,1795,3346
2025-12-08,GOLDM,2026-04-03,132780.0,133085.0,132045.0,132321.0,550,1353
2025-12-08,GOLDM,2026-05-05,133712.0,134288.0,133331.0,133643.0,127,713
2025-12-08,GOLDM,2026-06-05,134297.0,134595.0,133900.0,134197.0,38,33
2025-12-08,GOLDPETAL,2025-12-31,13066.0,13110.0,13023.0,13050.0,126229,139578
2025-12-08,GOLDPETAL,2026-01-30,13209.0,13226.0,13140.0,13163.0,85009,115778
2025-12-08,GOLDPETAL,2026-02-27,13327.0,13360.0,13272.0,13295.0,36860,48070
2025-12-08,GOLDPETAL,2026-03-31,13413.0,13473.0,13396.0,13428.0,6110,12260
2025-12-08,GOLDPETAL,2026-04-30,13578.0,13600.0,13520.0,13560.0,2054,7635
2025-12-08,GOLDPETAL,2026-05-29,13699.0,13729.0,13666.0,13704.0,1264,3937
2025-12-08,GOLDTEN,2025-12-31,129497.0,129863.0,128696.0,129030.0,11045,14751
2025-12-08,GOLDTEN,2026-01-30,130994.0,130994.0,129762.0,130182.0,5909,9686
2025-12-08,GOLDTEN,2026-02-27,132089.0,132287.0,131150.0,131539.0,1769,4168
2025-12-08,GOLDTEN,2026-03-31,132966.0,133300.0,132232.0,132545.0,757,2990
2025-12-08,GOLDTEN,2026-04-30,134469.0,134731.0,133600.0,133916.0,265,870
2025-12-08,GOLDTEN,2026-05-29,135556.0,136028.0,134774.0,134969.0,111,109
2025-12-09,GOLDGUINEA,2025-12-31,104047.0,104988.0,103560.0,104381.0,11847,8369
2025-12-09,GOLDGUINEA,2026-01-30,105348.0,105570.0,104555.0,105321.0,4486,6562
2025-12-09,GOLDGUINEA,2026-02-27,106765.0,106765.0,105710.0,106358.0,1710,3236
2025-12-09,GOLDGUINEA,2026-03-31,107303.0,107517.0,106710.0,107297.0,414,1129
2025-12-09,GOLDGUINEA,2026-04-30,108211.0,108478.0,107762.0,108411.0,132,300
2025-12-09,GOLDGUINEA,2026-05-29,109476.0,109476.0,109333.0,109405.0,2,37
2025-12-09,GOLDM,2026-01-05,128893.0,129200.0,127833.0,128853.0,41833,46842
2025-12-09,GOLDM,2026-02-05,130063.0,130452.0,129122.0,130138.0,13627,16534
2025-12-09,GOLDM,2026-03-05,131234.0,131719.0,130500.0,131433.0,1833,3358
2025-12-09,GOLDM,2026-04-03,132500.0,132840.0,131642.0,132592.0,407,1377
2025-12-09,GOLDM,2026-05-05,133799.0,134170.0,132850.0,133899.0,149,714
2025-12-09,GOLDM,2026-06-05,133765.0,134650.0,133470.0,134150.0,11,41
2025-12-09,GOLDPETAL,2025-12-31,13065.0,13085.0,12985.0,13065.0,139992,137071
2025-12-09,GOLDPETAL,2026-01-30,13166.0,13196.0,13099.0,13178.0,76546,118554
2025-12-09,GOLDPETAL,2026-02-27,13294.0,13329.0,13240.0,13303.0,27537,49374
2025-12-09,GOLDPETAL,2026-03-31,13462.0,13463.0,13367.0,13423.0,5578,12849
2025-12-09,GOLDPETAL,2026-04-30,13571.0,13580.0,13511.0,13561.0,2572,7865
2025-12-09,GOLDPETAL,2026-05-29,13704.0,13720.0,13621.0,13711.0,997,4183
2025-12-09,GOLDTEN,2025-12-31,129095.0,129549.0,128140.0,129166.0,13320,14904
2025-12-09,GOLDTEN,2026-01-30,130368.0,130637.0,129367.0,130374.0,7618,10341
2025-12-09,GOLDTEN,2026-02-27,131590.0,131994.0,130734.0,131663.0,2668,4489
2025-12-09,GOLDTEN,2026-03-31,132774.0,133006.0,131896.0,132812.0,461,2982
2025-12-09,GOLDTEN,2026-04-30,134000.0,134278.0,133152.0,134101.0,333,916
2025-12-09,GOLDTEN,2026-05-29,134851.0,135800.0,134503.0,135465.0,67,139
2025-12-10,GOLDGUINEA,2025-12-31,104415.0,104548.0,104044.0,104171.0,6923,8468
2025-12-10,GOLDGUINEA,2026-01-30,105319.0,105550.0,105000.0,105118.0,2789,6625
2025-12-10,GOLDGUINEA,2026-02-27,106354.0,106599.0,106100.0,106242.0,1178,3334
2025-12-10,GOLDGUINEA,2026-03-31,107490.0,107800.0,106621.0,107260.0,484,1165
2025-12-10,GOLDGUINEA,2026-04-30,108380.0,108667.0,108143.0,108269.0,87,335
2025-12-10,GOLDGUINEA,2026-05-29,109564.0,110384.0,108773.0,109365.0,17,41
2025-12-10,GOLDM,2026-01-05,129160.0,129163.0,128259.0,128500.0,26343,48142
2025-12-10,GOLDM,2026-02-05,130368.0,130465.0,129600.0,129799.0,9040,17834
2025-12-10,GOLDM,2026-03-05,131633.0,132010.0,130985.0,131174.0,1274,3771
2025-12-10,GOLDM,2026-04-03,132830.0,132872.0,132158.0,132412.0,297,1471
2025-12-10,GOLDM,2026-05-05,134171.0,134198.0,133607.0,133793.0,184,779
2025-12-10,GOLDM,2026-06-05,134648.0,134951.0,134500.0,134609.0,60,81
2025-12-10,GOLDPETAL,2025-12-31,13071.0,13088.0,13030.0,13045.0,87426,142529
2025-12-10,GOLDPETAL,2026-01-30,13211.0,13211.0,13150.0,13165.0,52382,122643
2025-12-10,GOLDPETAL,2026-02-27,13320.0,13341.0,13285.0,13302.0,16680,52827
2025-12-10,GOLDPETAL,2026-03-31,13452.0,13460.0,13410.0,13435.0,2880,12979
2025-12-10,GOLDPETAL,2026-04-30,13572.0,13621.0,13550.0,13570.0,1996,8163
2025-12-10,GOLDPETAL,2026-05-29,13731.0,13731.0,13671.0,13705.0,954,4095
2025-12-10,GOLDTEN,2025-12-31,129272.0,129539.0,128600.0,128795.0,7763,15074
2025-12-10,GOLDTEN,2026-01-30,130497.0,130728.0,129850.0,129977.0,4641,10798
2025-12-10,GOLDTEN,2026-02-27,131924.0,131955.0,131205.0,131338.0,1841,4863
2025-12-10,GOLDTEN,2026-03-31,132999.0,133200.0,132255.0,132519.0,316,2986
2025-12-10,GOLDTEN,2026-04-30,134101.0,134684.0,133697.0,133838.0,161,966
2025-12-10,GOLDTEN,2026-05-29,135465.0,135614.0,134889.0,135037.0,25,140
2025-12-11,GOLDGUINEA,2025-12-31,104327.0,105900.0,104327.0,105706.0,11649,7499
2025-12-11,GOLDGUINEA,2026-01-30,105327.0,106895.0,105315.0,106733.0,7670,6403
2025-12-11,GOLDGUINEA,2026-02-27,106599.0,107901.0,106384.0,107756.0,3271,2974
2025-12-11,GOLDGUINEA,2026-03-31,107566.0,108924.0,107111.0,108764.0,869,1145
2025-12-11,GOLDGUINEA,2026-04-30,108481.0,109918.0,108342.0,109712.0,498,305
2025-12-11,GOLDGUINEA,2026-05-29,109490.0,110799.0,109035.0,110123.0,20,36
2025-12-11,GOLDM,2026-01-05,128999.0,130988.0,128795.0,130905.0,55011,46169
2025-12-11,GOLDM,2026-02-05,130200.0,132500.0,130111.0,132417.0,24228,17835
2025-12-11,GOLDM,2026-03-05,131548.0,133945.0,131500.0,133785.0,5528,3254
2025-12-11,GOLDM,2026-04-03,132859.0,135100.0,132750.0,134981.0,1325,1320
2025-12-11,GOLDM,2026-05-05,134299.0,136542.0,134015.0,136296.0,575,769
2025-12-11,GOLDM,2026-06-05,135054.0,137580.0,135054.0,137426.0,188,99
2025-12-11,GOLDPETAL,2025-12-31,13073.0,13250.0,13065.0,13239.0,174805,121041
2025-12-11,GOLDPETAL,2026-01-30,13229.0,13395.0,13170.0,13379.0,138129,97518
2025-12-11,GOLDPETAL,2026-02-27,13331.0,13518.0,13303.0,13507.0,69947,42902
2025-12-11,GOLDPETAL,2026-03-31,13465.0,13644.0,13439.0,13623.0,13485,11869
2025-12-11,GOLDPETAL,2026-04-30,13603.0,13768.0,13475.0,13739.0,7318,7165
2025-12-11,GOLDPETAL,2026-05-29,13731.0,13895.0,13696.0,13880.0,4310,3837
2025-12-11,GOLDTEN,2025-12-31,129291.0,131290.0,128701.0,131137.0,17646,13249
2025-12-11,GOLDTEN,2026-01-30,130081.0,132603.0,130081.0,132514.0,15328,9636
2025-12-11,GOLDTEN,2026-02-27,132467.0,134254.0,131475.0,133932.0,7889,5029
2025-12-11,GOLDTEN,2026-03-31,132480.0,135364.0,132480.0,135149.0,1513,2961
2025-12-11,GOLDTEN,2026-04-30,134314.0,136750.0,134100.0,136506.0,524,990
2025-12-11,GOLDTEN,2026-05-29,135593.0,137958.0,135269.0,137738.0,134,126
2025-12-12,GOLDGUINEA,2025-12-31,105646.0,107888.0,105253.0,106432.0,19240,7025
2025-12-12,GOLDGUINEA,2026-01-30,106738.0,109027.0,106212.0,107787.0,16401,5964
2025-12-12,GOLDGUINEA,2026-02-27,107799.0,110300.0,107606.0,108966.0,7594,3309
2025-12-12,GOLDGUINEA,2026-03-31,108996.0,111276.0,108580.0,110218.0,1730,1298
2025-12-12,GOLDGUINEA,2026-04-30,109712.0,112342.0,109638.0,111397.0,1105,434
2025-12-12,GOLDGUINEA,2026-05-29,111056.0,113151.0,110932.0,112110.0,42,45
2025-12-12,GOLDM,2026-01-05,130905.0,133282.0,130400.0,131645.0,98046,43295
2025-12-12,GOLDM,2026-02-05,132273.0,135195.0,132252.0,133556.0,51914,18899
2025-12-12,GOLDM,2026-03-05,133785.0,136637.0,133533.0,135145.0,9343,4138
2025-12-12,GOLDM,2026-04-03,134906.0,137946.0,134888.0,136508.0,2880,1528
2025-12-12,GOLDM,2026-05-05,136468.0,139616.0,136293.0,138397.0,844,755
2025-12-12,GOLDM,2026-06-05,137425.0,141022.0,137425.0,139418.0,456,158
2025-12-12,GOLDPETAL,2025-12-31,13230.0,13500.0,13199.0,13325.0,353917,104015
2025-12-12,GOLDPETAL,2026-01-30,13359.0,13650.0,13340.0,13498.0,280424,94689
2025-12-12,GOLDPETAL,2026-02-27,13478.0,13800.0,13467.0,13651.0,137920,51461
2025-12-12,GOLDPETAL,2026-03-31,13594.0,13928.0,13592.0,13793.0,25121,11389
2025-12-12,GOLDPETAL,2026-04-30,13727.0,14068.0,13710.0,13948.0,13431,8496
2025-12-12,GOLDPETAL,2026-05-29,13865.0,14228.0,13865.0,14101.0,9415,5353
2025-12-12,GOLDTEN,2025-12-31,131334.0,133500.0,130681.0,131895.0,28931,10516
2025-12-12,GOLDTEN,2026-01-30,132544.0,135274.0,132322.0,133670.0,28087,10993
2025-12-12,GOLDTEN,2026-02-27,134179.0,136681.0,133800.0,135228.0,14126,5291
2025-12-12,GOLDTEN,2026-03-31,135052.0,139203.0,134990.0,136694.0,4507,2849
2025-12-12,GOLDTEN,2026-04-30,136432.0,139700.0,136311.0,138452.0,1929,1309
2025-12-12,GOLDTEN,2026-05-29,137714.0,141500.0,137519.0,139744.0,438,122
2025-12-15,GOLDGUINEA,2025-12-31,107203.0,107950.0,106922.0,107303.0,11583,6601
2025-12-15,GOLDGUINEA,2026-01-30,108386.0,109399.0,108050.0,108643.0,10297,6462
2025-12-15,GOLDGUINEA,2026-02-27,109954.0,110785.0,109305.0,109932.0,6505,4111
2025-12-15,GOLDGUINEA,2026-03-31,111212.0,111945.0,110800.0,111235.0,1493,1344
2025-12-15,GOLDGUINEA,2026-04-30,111926.0,113369.0,111726.0,112493.0,600,528
2025-12-15,GOLDGUINEA,2026-05-29,113228.0,114695.0,113197.0,114108.0,222,142
2025-12-15,GOLDM,2026-01-05,131500.0,133633.0,131500.0,132491.0,59083,41923
2025-12-15,GOLDM,2026-02-05,133909.0,135476.0,133612.0,134153.0,30475,21006
2025-12-15,GOLDM,2026-03-05,136000.0,137097.0,135382.0,135958.0,5669,5164
2025-12-15,GOLDM,2026-04-03,137237.0,138398.0,136800.0,137330.0,1714,1748
2025-12-15,GOLDM,2026-05-05,139236.0,140100.0,138571.0,139261.0,664,900
2025-12-15,GOLDM,2026-06-05,140499.0,141560.0,140001.0,140596.0,299,164
2025-12-15,GOLDPETAL,2025-12-31,13390.0,13532.0,13365.0,13438.0,220162,100112
2025-12-15,GOLDPETAL,2026-01-30,13460.0,13699.0,13460.0,13591.0,214449,118446
2025-12-15,GOLDPETAL,2026-02-27,13688.0,13867.0,13687.0,13772.0,97918,63230
2025-12-15,GOLDPETAL,2026-03-31,13852.0,14029.0,13823.0,13937.0,19607,13476
2025-12-15,GOLDPETAL,2026-04-30,13974.0,14168.0,13974.0,14095.0,9969,8758
2025-12-15,GOLDPETAL,2026-05-29,14184.0,14350.0,14184.0,14264.0,6309,5297
2025-12-15,GOLDTEN,2025-12-31,132729.0,133859.0,132254.0,132802.0,16317,10708
2025-12-15,GOLDTEN,2026-01-30,133999.0,135626.0,133906.0,134481.0,16587,11480
2025-12-15,GOLDTEN,2026-02-27,135996.0,137241.0,135600.0,136149.0,8568,5561
2025-12-15,GOLDTEN,2026-03-31,137696.0,138608.0,137074.0,137683.0,2403,2677
2025-12-15,GOLDTEN,2026-04-30,139161.0,140159.0,138750.0,139302.0,1095,1558
2025-12-15,GOLDTEN,2026-05-29,141646.0,142250.0,140750.0,141090.0,259,182
2025-12-16,GOLDGUINEA,2025-12-31,107099.0,108944.0,104401.0,107529.0,12902,6341
2025-12-16,GOLDGUINEA,2026-01-30,108462.0,109375.0,107501.0,108909.0,8883,6773
2025-12-16,GOLDGUINEA,2026-02-27,109668.0,110626.0,109132.0,110220.0,3835,4522
2025-12-16,GOLDGUINEA,2026-03-31,110887.0,111887.0,110412.0,111463.0,818,1369
2025-12-16,GOLDGUINEA,2026-04-30,112047.0,113100.0,111665.0,112687.0,391,548
2025-12-16,GOLDGUINEA,2026-05-29,113263.0,114580.0,113263.0,114152.0,143,210
2025-12-16,GOLDM,2026-01-05,132350.0,133399.0,131663.0,132627.0,51610,41552
2025-12-16,GOLDM,2026-02-05,134145.0,135270.0,133314.0,134441.0,27687,20558
2025-12-16,GOLDM,2026-03-05,136957.0,136957.0,135070.0,136173.0,4448,5433
2025-12-16,GOLDM,2026-04-03,136843.0,138330.0,136502.0,137617.0,1364,1885
2025-12-16,GOLDM,2026-05-05,138749.0,140099.0,138495.0,139434.0,380,923
2025-12-16,GOLDM,2026-06-05,140080.0,141599.0,139800.0,141017.0,240,160
2025-12-16,GOLDPETAL,2025-12-31,13413.0,13509.0,13360.0,13449.0,186139,94697
2025-12-16,GOLDPETAL,2026-01-30,13574.0,13671.0,13504.0,13615.0,161240,120677
2025-12-16,GOLDPETAL,2026-02-27,13746.0,13850.0,13704.0,13800.0,79957,68189
2025-12-16,GOLDPETAL,2026-03-31,13901.0,14007.0,13856.0,13964.0,14486,15102
2025-12-16,GOLDPETAL,2026-04-30,14058.0,14168.0,14016.0,14124.0,6921,9490
2025-12-16,GOLDPETAL,2026-05-29,14240.0,14318.0,14200.0,14278.0,3828,5321
2025-12-16,GOLDTEN,2025-12-31,132500.0,133746.0,132000.0,132949.0,13056,10584
2025-12-16,GOLDTEN,2026-01-30,134301.0,135450.0,133672.0,134773.0,13334,11753
2025-12-16,GOLDTEN,2026-02-27,135701.0,137000.0,135316.0,136355.0,5924,6022
2025-12-16,GOLDTEN,2026-03-31,137321.0,138592.0,136898.0,137946.0,1891,2605
2025-12-16,GOLDTEN,2026-04-30,138975.0,140142.0,138511.0,139589.0,693,1830
2025-12-16,GOLDTEN,2026-05-29,140778.0,141925.0,140300.0,141374.0,117,223
2025-12-17,GOLDGUINEA,2025-12-31,108000.0,108234.0,107111.0,107873.0,10984,6889
2025-12-17,GOLDGUINEA,2026-01-30,109191.0,109883.0,108600.0,109260.0,7697,7559
2025-12-17,GOLDGUINEA,2026-02-27,110655.0,110818.0,109949.0,110578.0,3793,4802
2025-12-17,GOLDGUINEA,2026-03-31,111514.0,112787.0,111230.0,111811.0,907,1444
2025-12-17,GOLDGUINEA,2026-04-30,113400.0,113485.0,112661.0,113081.0,487,626
2025-12-17,GOLDGUINEA,2026-05-29,114803.0,114962.0,114206.0,114546.0,96,263
2025-12-17,GOLDM,2026-01-05,132600.0,133490.0,132060.0,133115.0,54875,42442
2025-12-17,GOLDM,2026-02-05,134834.0,135288.0,133382.0,134865.0,30919,22892
2025-12-17,GOLDM,2026-03-05,136784.0,137000.0,135188.0,136554.0,5365,6219
2025-12-17,GOLDM,2026-04-03,139269.0,139269.0,136744.0,137951.0,1376,1980
2025-12-17,GOLDM,2026-05-05,139999.0,140517.0,138700.0,139840.0,336,1000
2025-12-17,GOLDM,2026-06-05,141532.0,141773.0,140072.0,141345.0,259,230
2025-12-17,GOLDPETAL,2025-12-31,13497.0,13528.0,13405.0,13490.0,172399,94558
2025-12-17,GOLDPETAL,2026-01-30,13650.0,13694.0,13580.0,13653.0,170006,126702
2025-12-17,GOLDPETAL,2026-02-27,13826.0,13900.0,13770.0,13828.0,78974,77983
2025-12-17,GOLDPETAL,2026-03-31,13973.0,14085.0,13928.0,13987.0,14753,16013
2025-12-17,GOLDPETAL,2026-04-30,14147.0,14180.0,14101.0,14147.0,6327,9744
2025-12-17,GOLDPETAL,2026-05-29,14337.0,14380.0,14277.0,14349.0,3707,6111
2025-12-17,GOLDTEN,2025-12-31,133419.0,133784.0,132358.0,133373.0,15546,10432
2025-12-17,GOLDTEN,2026-01-30,135200.0,135569.0,133825.0,135089.0,15714,13293
2025-12-17,GOLDTEN,2026-02-27,136839.0,137162.0,135500.0,136743.0,6641,6745
2025-12-17,GOLDTEN,2026-03-31,138444.0,138800.0,137183.0,138285.0,1807,2618
2025-12-17,GOLDTEN,2026-04-30,139800.0,140296.0,138847.0,139903.0,703,2144
2025-12-17,GOLDTEN,2026-05-29,141658.0,141998.0,140810.0,141836.0,196,306
2025-12-18,GOLDGUINEA,2025-12-31,107986.0,108700.0,106588.0,107605.0,11200,6203
2025-12-18,GOLDGUINEA,2026-01-30,109386.0,109534.0,108562.0,109051.0,7984,8142
2025-12-18,GOLDGUINEA,2026-02-27,110953.0,110953.0,110000.0,110474.0,3413,4912
2025-12-18,GOLDGUINEA,2026-03-31,111706.0,112155.0,111263.0,111731.0,420,1446
2025-12-18,GOLDGUINEA,2026-04-30,112841.0,113683.0,112707.0,113164.0,200,676
2025-12-18,GOLDGUINEA,2026-05-29,114546.0,115000.0,114213.0,114746.0,102,320
2025-12-18,GOLDM,2026-01-05,133117.0,133629.0,132090.0,132684.0,50581,43496
2025-12-18,GOLDM,2026-02-05,134765.0,135534.0,133746.0,134484.0,32906,23021
2025-12-18,GOLDM,2026-03-05,136614.0,137081.0,135500.0,136085.0,5857,6166
2025-12-18,GOLDM,2026-04-03,137621.0,138529.0,137000.0,137622.0,1331,2087
2025-12-18,GOLDM,2026-05-05,139702.0,140327.0,139000.0,139425.0,367,975
2025-12-18,GOLDM,2026-06-05,141167.0,142000.0,140377.0,140914.0,134,257
2025-12-18,GOLDPETAL,2025-12-31,13481.0,13528.0,13412.0,13442.0,153653,90580
2025-12-18,GOLDPETAL,2026-01-30,13645.0,13689.0,13581.0,13629.0,167029,121563
2025-12-18,GOLDPETAL,2026-02-27,13822.0,13854.0,13760.0,13800.0,75376,86422
2025-12-18,GOLDPETAL,2026-03-31,13982.0,14025.0,13930.0,13971.0,10208,15390
2025-12-18,GOLDPETAL,2026-04-30,14157.0,14183.0,14091.0,14149.0,5293,10808
2025-12-18,GOLDPETAL,2026-05-29,14345.0,14372.0,14200.0,14334.0,3960,6351
2025-12-18,GOLDTEN,2025-12-31,133313.0,133870.0,132501.0,132955.0,13621,9444
2025-12-18,GOLDTEN,2026-01-30,134874.0,135699.0,134140.0,134803.0,14345,13628
2025-12-18,GOLDTEN,2026-02-27,136743.0,137241.0,135800.0,136415.0,5876,6941
2025-12-18,GOLDTEN,2026-03-31,138295.0,138800.0,137495.0,138036.0,1223,2625
2025-12-18,GOLDTEN,2026-04-30,139870.0,140450.0,139107.0,139737.0,533,2245
2025-12-18,GOLDTEN,2026-05-29,141691.0,142190.0,141002.0,141740.0,230,389
2025-12-19,GOLDGUINEA,2025-12-31,107368.0,107487.0,106804.0,107377.0,8325,6109
2025-12-19,GOLDGUINEA,2026-01-30,108836.0,108950.0,108506.0,108869.0,5331,9081
2025-12-19,GOLDGUINEA,2026-02-27,110868.0,110868.0,109955.0,110245.0,2530,5534
2025-12-19,GOLDGUINEA,2026-03-31,111687.0,111796.0,111200.0,111445.0,434,1671
2025-12-19,GOLDGUINEA,2026-04-30,112926.0,113198.0,112638.0,112947.0,183,719
2025-12-19,GOLDGUINEA,2026-05-29,114590.0,114720.0,114220.0,114600.0,148,393
2025-12-19,GOLDM,2026-01-05,132252.0,132575.0,131803.0,132427.0,41184,44737
2025-12-19,GOLDM,2026-02-05,133921.0,134361.0,133621.0,134202.0,22303,25869
2025-12-19,GOLDM,2026-03-05,135551.0,136092.0,135350.0,135896.0,4086,7197
2025-12-19,GOLDM,2026-04-03,137169.0,137554.0,136900.0,137415.0,740,2291
2025-12-19,GOLDM,2026-05-05,139106.0,139445.0,138800.0,139232.0,192,1029
2025-12-19,GOLDM,2026-06-05,140486.0,140987.0,140108.0,140846.0,74,288
2025-12-19,GOLDPETAL,2025-12-31,13391.0,13449.0,13371.0,13440.0,142273,87108
2025-12-19,GOLDPETAL,2026-01-30,13609.0,13625.0,13566.0,13606.0,123786,140658
2025-12-19,GOLDPETAL,2026-02-27,13769.0,13850.0,13730.0,13767.0,63459,100819
2025-12-19,GOLDPETAL,2026-03-31,13956.0,13967.0,13900.0,13939.0,8877,16956
2025-12-19,GOLDPETAL,2026-04-30,14120.0,14145.0,14080.0,14116.0,3940,11689
2025-12-19,GOLDPETAL,2026-05-29,14324.0,14341.0,14253.0,14308.0,2710,6956
2025-12-19,GOLDTEN,2025-12-31,132625.0,132875.0,132150.0,132780.0,8830,9516
2025-12-19,GOLDTEN,2026-01-30,134445.0,134750.0,134120.0,134609.0,10593,15968
2025-12-19,GOLDTEN,2026-02-27,136001.0,136435.0,135750.0,136237.0,3484,7952
2025-12-19,GOLDTEN,2026-03-31,137708.0,137989.0,137300.0,137753.0,947,2704
2025-12-19,GOLDTEN,2026-04-30,139454.0,139643.0,138821.0,139337.0,510,2470
2025-12-19,GOLDTEN,2026-05-29,140719.0,141756.0,140719.0,141462.0,168,482
2025-12-22,GOLDGUINEA,2025-12-31,107999.0,109185.0,107712.0,108993.0,7941,4541
2025-12-22,GOLDGUINEA,2026-01-30,109249.0,110701.0,109200.0,110571.0,11316,8386
2025-12-22,GOLDGUINEA,2026-02-27,110291.0,111950.0,110291.0,111822.0,6402,5486
2025-12-22,GOLDGUINEA,2026-03-31,111999.0,113140.0,111750.0,113070.0,985,1687
2025-12-22,GOLDGUINEA,2026-04-30,113585.0,114530.0,113215.0,114464.0,636,728
2025-12-22,GOLDGUINEA,2026-05-29,115094.0,116285.0,115000.0,116130.0,366,475
2025-12-22,GOLDM,2026-01-05,132600.0,134688.0,132600.0,134638.0,52738,42508
2025-12-22,GOLDM,2026-02-05,134789.0,136770.0,134789.0,136729.0,42027,26855
2025-12-22,GOLDM,2026-03-05,136639.0,138450.0,136500.0,138399.0,7667,6582
2025-12-22,GOLDM,2026-04-03,138600.0,140000.0,138101.0,139930.0,2102,1993
2025-12-22,GOLDM,2026-05-05,139912.0,142000.0,139852.0,141837.0,685,966
2025-12-22,GOLDM,2026-06-05,141454.0,143567.0,141328.0,143377.0,410,308
2025-12-22,GOLDPETAL,2025-12-31,13461.0,13640.0,13461.0,13632.0,137322,59670
2025-12-22,GOLDPETAL,2026-01-30,13629.0,13834.0,13628.0,13818.0,192028,128586
2025-12-22,GOLDPETAL,2026-02-27,13803.0,13985.0,13798.0,13974.0,120993,92933
2025-12-22,GOLDPETAL,2026-03-31,13979.0,14164.0,13979.0,14144.0,17260,15239
2025-12-22,GOLDPETAL,2026-04-30,14195.0,14379.0,14154.0,14334.0,9724,11669
2025-12-22,GOLDPETAL,2026-05-29,14385.0,14529.0,14358.0,14511.0,8580,8584
2025-12-22,GOLDTEN,2025-12-31,132599.0,135129.0,132599.0,134916.0,13014,7394
2025-12-22,GOLDTEN,2026-01-30,134964.0,136999.0,134947.0,136893.0,23606,15592
2025-12-22,GOLDTEN,2026-02-27,136600.0,138856.0,136600.0,138664.0,9957,7600
2025-12-22,GOLDTEN,2026-03-31,138779.0,140475.0,137753.0,140145.0,3017,2116
2025-12-22,GOLDTEN,2026-04-30,140039.0,142000.0,139688.0,141864.0,922,2674
2025-12-22,GOLDTEN,2026-05-29,142300.0,143872.0,141635.0,143707.0,216,501
2025-12-23,GOLDGUINEA,2025-12-31,109250.0,110498.0,109111.0,109986.0,9679,3681
2025-12-23,GOLDGUINEA,2026-01-30,110930.0,112133.0,110730.0,111718.0,16161,9366
2025-12-23,GOLDGUINEA,2026-02-27,112241.0,113987.0,112132.0,113244.0,8219,6186
2025-12-23,GOLDGUINEA,2026-03-31,113910.0,115200.0,113572.0,114725.0,1470,1708
2025-12-23,GOLDGUINEA,2026-04-30,115512.0,116516.0,115260.0,116240.0,857,893
2025-12-23,GOLDGUINEA,2026-05-29,117197.0,118242.0,116801.0,118140.0,448,666
2025-12-23,GOLDM,2026-01-05,134900.0,136888.0,134698.0,135799.0,54815,39407
2025-12-23,GOLDM,2026-02-05,137300.0,138750.0,136609.0,137855.0,47088,30869
2025-12-23,GOLDM,2026-03-05,139100.0,142550.0,138500.0,139708.0,10085,8472
2025-12-23,GOLDM,2026-04-03,141111.0,141800.0,140200.0,141420.0,2206,2152
2025-12-23,GOLDM,2026-05-05,142589.0,143748.0,142000.0,143259.0,732,1103
2025-12-23,GOLDM,2026-06-05,144738.0,145450.0,143815.0,144879.0,453,351
2025-12-23,GOLDPETAL,2025-12-31,13665.0,13824.0,13637.0,13763.0,148642,49991
2025-12-23,GOLDPETAL,2026-01-30,13836.0,14018.0,13776.0,13960.0,274708,146721
2025-12-23,GOLDPETAL,2026-02-27,13998.0,14350.0,13998.0,14139.0,151338,104325
2025-12-23,GOLDPETAL,2026-03-31,14165.0,14365.0,14165.0,14324.0,30580,16908
2025-12-23,GOLDPETAL,2026-04-30,14360.0,14580.0,14360.0,14505.0,19008,14845
2025-12-23,GOLDPETAL,2026-05-29,14540.0,14737.0,14522.0,14689.0,10282,7555
2025-12-23,GOLDTEN,2025-12-31,136136.0,136684.0,135025.0,136076.0,12042,5861
2025-12-23,GOLDTEN,2026-01-30,137529.0,139993.0,137000.0,138227.0,28731,17770
2025-12-23,GOLDTEN,2026-02-27,139960.0,141850.0,138715.0,139976.0,13862,9224
2025-12-23,GOLDTEN,2026-03-31,141551.0,142100.0,140456.0,141634.0,3675,2116
2025-12-23,GOLDTEN,2026-04-30,144635.0,144635.0,142199.0,143353.0,1239,2958
2025-12-23,GOLDTEN,2026-05-29,145399.0,145951.0,144351.0,145553.0,408,639
2025-12-24,GOLDGUINEA,2025-12-31,110116.0,110687.0,109821.0,110315.0,4133,2870
2025-12-24,GOLDGUINEA,2026-01-30,112165.0,112350.0,111660.0,112051.0,12048,10251
2025-12-24,GOLDGUINEA,2026-02-27,113868.0,113900.0,113155.0,113663.0,5145,6249
2025-12-24,GOLDGUINEA,2026-03-31,115004.0,115392.0,114701.0,115069.0,811,1803
2025-12-24,GOLDGUINEA,2026-04-30,116489.0,116989.0,116330.0,116767.0,550,983
2025-12-24,GOLDGUINEA,2026-05-29,118351.0,118865.0,118149.0,118758.0,386,783
2025-12-24,GOLDM,2026-01-05,136309.0,136500.0,135281.0,136104.0,38763,36631
2025-12-24,GOLDM,2026-02-05,138193.0,138645.0,137300.0,138087.0,34223,31873
2025-12-24,GOLDM,2026-03-05,140219.0,140551.0,139270.0,139973.0,6366,8697
2025-12-24,GOLDM,2026-04-03,142060.0,142243.0,141026.0,141674.0,1408,2174
2025-12-24,GOLDM,2026-05-05,143557.0,144119.0,142948.0,143603.0,419,1057
2025-12-24,GOLDM,2026-06-05,146200.0,146200.0,144700.0,145398.0,257,375
2025-12-24,GOLDPETAL,2025-12-31,13778.0,13848.0,13726.0,13774.0,80446,39786
2025-12-24,GOLDPETAL,2026-01-30,13979.0,14040.0,13931.0,13986.0,206557,158817
2025-12-24,GOLDPETAL,2026-02-27,14165.0,14230.0,14111.0,14185.0,122892,111683
2025-12-24,GOLDPETAL,2026-03-31,14349.0,14420.0,14308.0,14381.0,22027,17937
2025-12-24,GOLDPETAL,2026-04-30,14540.0,14600.0,14512.0,14591.0,13920,16513
2025-12-24,GOLDPETAL,2026-05-29,14725.0,14808.0,14652.0,14790.0,7501,8489
2025-12-24,GOLDTEN,2025-12-31,136671.0,136893.0,135559.0,136388.0,7330,4908
2025-12-24,GOLDTEN,2026-01-30,138400.0,138949.0,137712.0,138443.0,21206,17558
2025-12-24,GOLDTEN,2026-02-27,140561.0,140766.0,139580.0,140243.0,8856,8882
2025-12-24,GOLDTEN,2026-03-31,143050.0,143050.0,141216.0,141930.0,2638,2481
2025-12-24,GOLDTEN,2026-04-30,144500.0,144500.0,143150.0,143880.0,992,2968
2025-12-24,GOLDTEN,2026-05-29,146294.0,146294.0,145215.0,145976.0,282,678
2025-12-26,GOLDGUINEA,2025-12-31,110844.0,112094.0,110609.0,111105.0,5278,962
2025-12-26,GOLDGUINEA,2026-01-30,112500.0,113990.0,112400.0,113809.0,19722,10793
2025-12-26,GOLDGUINEA,2026-02-27,114289.0,115700.0,114013.0,115495.0,9143,6920
2025-12-26,GOLDGUINEA,2026-03-31,115919.0,117300.0,115212.0,117103.0,2694,2281
2025-12-26,GOLDGUINEA,2026-04-30,117219.0,119750.0,116855.0,119441.0,1376,1058
2025-12-26,GOLDGUINEA,2026-05-29,119081.0,122320.0,119001.0,122196.0,935,960
2025-12-26,GOLDM,2026-01-05,136300.0,138300.0,136300.0,137789.0,46771,32419
2025-12-26,GOLDM,2026-02-05,138565.0,140460.0,138565.0,139909.0,49846,32634
2025-12-26,GOLDM,2026-03-05,140585.0,142400.0,140501.0,141967.0,11279,8470
2025-12-26,GOLDM,2026-04-03,142390.0,144400.0,142019.0,143942.0,2866,2138
2025-12-26,GOLDM,2026-05-05,144269.0,146531.0,144196.0,146098.0,1149,1208
2025-12-26,GOLDM,2026-06-05,146001.0,148375.0,145956.0,147988.0,768,418
2025-12-26,GOLDPETAL,2025-12-31,13820.0,14063.0,13820.0,13975.0,75805,10268
2025-12-26,GOLDPETAL,2026-01-30,14040.0,14209.0,14040.0,14178.0,290813,157823
2025-12-26,GOLDPETAL,2026-02-27,14229.0,14416.0,14229.0,14391.0,153404,105302
2025-12-26,GOLDPETAL,2026-03-31,14422.0,14618.0,14410.0,14588.0,53326,28031
2025-12-26,GOLDPETAL,2026-04-30,14624.0,14868.0,14600.0,14836.0,20689,16006
2025-12-26,GOLDPETAL,2026-05-29,14832.0,15105.0,14821.0,15089.0,15915,9994
2025-12-26,GOLDTEN,2025-12-31,136398.0,138319.0,136112.0,137605.0,8291,2275
2025-12-26,GOLDTEN,2026-01-30,138800.0,140713.0,138800.0,140280.0,30400,17727
2025-12-26,GOLDTEN,2026-02-27,142245.0,142600.0,140668.0,142271.0,12896,9166
2025-12-26,GOLDTEN,2026-03-31,142199.0,144900.0,142199.0,144263.0,4644,2872
2025-12-26,GOLDTEN,2026-04-30,144383.0,146555.0,144025.0,146227.0,2156,3064
2025-12-26,GOLDTEN,2026-05-29,146278.0,148900.0,146200.0,148675.0,555,714
2025-12-29,GOLDGUINEA,2025-12-31,111549.0,112012.0,104520.0,107711.0,859,666
2025-12-29,GOLDGUINEA,2026-01-30,113786.0,114690.0,107511.0,110415.0,25657,10983
2025-12-29,GOLDGUINEA,2026-02-27,115102.0,116314.0,112031.0,112226.0,11654,7597
2025-12-29,GOLDGUINEA,2026-03-31,117083.0,118178.0,113638.0,114118.0,3847,2837
2025-12-29,GOLDGUINEA,2026-04-30,118786.0,120789.0,116003.0,116642.0,1520,1101
2025-12-29,GOLDGUINEA,2026-05-29,122000.0,125000.0,118695.0,119349.0,1032,1203
2025-12-29,GOLDM,2026-01-05,137628.0,138269.0,131695.0,132595.0,90640,26539
2025-12-29,GOLDM,2026-02-05,139990.0,140499.0,134350.0,134964.0,84411,39014
2025-12-29,GOLDM,2026-03-05,142272.0,142694.0,136274.0,137206.0,16204,10595
2025-12-29,GOLDM,2026-04-03,144021.0,144662.0,138210.0,138942.0,4329,2846
2025-12-29,GOLDM,2026-05-05,146230.0,147551.0,140700.0,141221.0,1335,1316
2025-12-29,GOLDM,2026-06-05,148218.0,148774.0,141300.0,143014.0,1058,668
2025-12-29,GOLDPETAL,2025-12-31,13930.0,14104.0,13160.0,13470.0,10616,6135
2025-12-29,GOLDPETAL,2026-01-30,14178.0,14325.0,13667.0,13771.0,467766,177745
2025-12-29,GOLDPETAL,2026-02-27,14408.0,14651.0,13831.0,13972.0,237404,134671
2025-12-29,GOLDPETAL,2026-03-31,14615.0,14899.0,14115.0,14192.0,81785,41474
2025-12-29,GOLDPETAL,2026-04-30,14863.0,14988.0,14366.0,14452.0,31313,17577
2025-12-29,GOLDPETAL,2026-05-29,15233.0,15346.0,14631.0,14706.0,23519,12596
2025-12-29,GOLDTEN,2025-12-31,137602.0,138983.0,129349.0,133076.0,3581,901
2025-12-29,GOLDTEN,2026-01-30,140280.0,140867.0,131989.0,135726.0,38837,21889
2025-12-29,GOLDTEN,2026-02-27,142271.0,143046.0,137187.0,137874.0,16915,10989
2025-12-29,GOLDTEN,2026-03-31,144264.0,144987.0,139059.0,139848.0,6388,3940
2025-12-29,GOLDTEN,2026-04-30,146366.0,147098.0,141131.0,141769.0,2484,3485
2025-12-29,GOLDTEN,2026-05-29,149870.0,150547.0,143320.0,144140.0,1410,1370
2025-12-30,GOLDGUINEA,2025-12-31,109889.0,111441.0,109128.0,110915.0,67,60
2025-12-30,GOLDGUINEA,2026-01-30,111501.0,112635.0,110800.0,112544.0,16415,11573
2025-12-30,GOLDGUINEA,2026-02-27,112369.0,114639.0,112369.0,114423.0,6891,8233
2025-12-30,GOLDGUINEA,2026-03-31,114427.0,116500.0,114426.0,116297.0,1755,3089
2025-12-30,GOLDGUINEA,2026-04-30,117808.0,118874.0,116666.0,118634.0,494,1105
2025-12-30,GOLDGUINEA,2026-05-29,120298.0,122032.0,119673.0,121778.0,307,1266
2025-12-30,GOLDM,2026-01-05,133185.0,134880.0,132853.0,133974.0,36733,26041
2025-12-30,GOLDM,2026-02-05,135680.0,137240.0,135319.0,136701.0,56586,44181
2025-12-30,GOLDM,2026-03-05,138593.0,139382.0,137561.0,138992.0,12573,12629
2025-12-30,GOLDM,2026-04-03,139861.0,141606.0,139350.0,141302.0,2846,2783
2025-12-30,GOLDM,2026-05-05,144794.0,144794.0,141726.0,143673.0,763,1397
2025-12-30,GOLDM,2026-06-05,144444.0,145726.0,143484.0,145517.0,698,835
2025-12-30,GOLDPETAL,2025-12-31,13708.0,13737.0,13555.0,13704.0,593,3630
2025-12-30,GOLDPETAL,2026-01-30,13825.0,13996.0,13815.0,13982.0,274855,181369
2025-12-30,GOLDPETAL,2026-02-27,14017.0,14214.0,13997.0,14202.0,125776,140001
2025-12-30,GOLDPETAL,2026-03-31,14343.0,14458.0,14211.0,14446.0,42995,45703
2025-12-30,GOLDPETAL,2026-04-30,14549.0,14700.0,14444.0,14693.0,8891,17631
2025-12-30,GOLDPETAL,2026-05-29,14818.0,14957.0,14691.0,14945.0,7224,12932
2025-12-30,GOLDTEN,2025-12-31,134292.0,136084.0,134261.0,135031.0,63,78
2025-12-30,GOLDTEN,2026-01-30,136387.0,138005.0,136126.0,137602.0,24680,23179
2025-12-30,GOLDTEN,2026-02-27,140989.0,140989.0,138301.0,139816.0,8807,12175
2025-12-30,GOLDTEN,2026-03-31,142260.0,142300.0,140152.0,142159.0,3250,4333
2025-12-30,GOLDTEN,2026-04-30,142665.0,144230.0,142100.0,144104.0,1188,3567
2025-12-30,GOLDTEN,2026-05-29,145264.0,146669.0,144497.0,146460.0,349,1440
2025-12-31,GOLDGUINEA,2025-12-31,110159.0,111200.0,109811.0,110334.0,34,43
2025-12-31,GOLDGUINEA,2026-01-30,111671.0,112988.0,111215.0,112325.0,14206,11691
2025-12-31,GOLDGUINEA,2026-02-27,113813.0,114656.0,113304.0,113936.0,5055,8433
2025-12-31,GOLDGUINEA,2026-03-31,115815.0,116426.0,115200.0,115817.0,1468,3407
2025-12-31,GOLDGUINEA,2026-04-30,117576.0,118922.0,117211.0,118272.0,340,1160
2025-12-31,GOLDGUINEA,2026-05-29,121200.0,121720.0,119988.0,121505.0,296,1290
2025-12-31,GOLDM,2026-01-05,133586.0,133700.0,130000.0,130747.0,28252,21547
2025-12-31,GOLDM,2026-02-05,136526.0,136527.0,134866.0,135454.0,59050,48460
2025-12-31,GOLDM,2026-03-05,138499.0,138500.0,137051.0,137572.0,9162,12999
2025-12-31,GOLDM,2026-04-03,141110.0,141111.0,139228.0,139692.0,2457,3410
2025-12-31,GOLDM,2026-05-05,143008.0,143066.0,141392.0,141842.0,620,1497
2025-12-31,GOLDM,2026-06-05,145584.0,145584.0,143007.0,143561.0,382,966
2025-12-31,GOLDPETAL,2025-12-31,13841.0,14000.0,13627.0,13850.0,1113,3615
2025-12-31,GOLDPETAL,2026-01-30,13992.0,13992.0,13813.0,13933.0,184866,182115
2025-12-31,GOLDPETAL,2026-02-27,14151.0,14169.0,14011.0,14126.0,81085,140880
2025-12-31,GOLDPETAL,2026-03-31,14401.0,14426.0,14292.0,14349.0,39691,53894
2025-12-31,GOLDPETAL,2026-04-30,14647.0,14665.0,14524.0,14598.0,8127,19101
2025-12-31,GOLDPETAL,2026-05-29,14929.0,14995.0,14763.0,14858.0,4866,13794
2025-12-31,GOLDTEN,2025-12-31,136381.0,136381.0,133557.0,134358.0,28,65
2025-12-31,GOLDTEN,2026-01-30,137029.0,137305.0,135918.0,136517.0,18186,23996
2025-12-31,GOLDTEN,2026-02-27,139145.0,139700.0,138078.0,138708.0,6948,12969
2025-12-31,GOLDTEN,2026-03-31,141221.0,141999.0,140056.0,140633.0,2936,4761
2025-12-31,GOLDTEN,2026-04-30,143397.0,143602.0,142100.0,142721.0,778,3678
2025-12-31,GOLDTEN,2026-05-29,145555.0,145805.0,144000.0,144526.0,514,1606
2026-01-01,GOLDGUINEA,2026-01-30,111681.0,112565.0,111562.0,111936.0,5452,12588
2026-01-01,GOLDGUINEA,2026-02-27,114400.0,114400.0,113399.0,113787.0,1827,8792
2026-01-01,GOLDGUINEA,2026-03-31,115827.0,116340.0,115169.0,115667.0,527,3547
2026-01-01,GOLDGUINEA,2026-04-30,118556.0,118669.0,117396.0,117671.0,257,1216
2026-01-01,GOLDGUINEA,2026-05-29,121234.0,121364.0,120000.0,120451.0,203,1388
2026-01-01,GOLDGUINEA,2026-06-30,122320.0,123999.0,122320.0,123190.0,9,7
2026-01-01,GOLDM,2026-01-05,131888.0,133395.0,130554.0,133170.0,7165,19310
2026-01-01,GOLDM,2026-02-05,135687.0,135850.0,135001.0,135771.0,14622,49198
2026-01-01,GOLDM,2026-03-05,137878.0,138200.0,137250.0,137942.0,2035,13482
2026-01-01,GOLDM,2026-04-03,139692.0,140200.0,139400.0,140071.0,547,3518
2026-01-01,GOLDM,2026-05-05,141761.0,142288.0,141670.0,142177.0,266,1584
2026-01-01,GOLDM,2026-06-05,143919.0,143938.0,143168.0,143837.0,62,977
2026-01-01,GOLDPETAL,2026-01-30,13920.0,13955.0,13893.0,13944.0,39561,180592
2026-01-01,GOLDPETAL,2026-02-27,14117.0,14140.0,14104.0,14117.0,25824,145606
2026-01-01,GOLDPETAL,2026-03-31,14345.0,14379.0,14322.0,14336.0,8349,55607
2026-01-01,GOLDPETAL,2026-04-30,14592.0,14613.0,14553.0,14583.0,2116,18944
2026-01-01,GOLDPETAL,2026-05-29,14868.0,14870.0,14805.0,14854.0,1083,13901
2026-01-01,GOLDPETAL,2026-06-30,15156.0,15247.0,15035.0,15091.0,1171,964
2026-01-01,GOLDTEN,2026-01-30,136411.0,136886.0,136140.0,136697.0,5832,23896
2026-01-01,GOLDTEN,2026-02-27,138825.0,139100.0,138400.0,138934.0,1738,13017
2026-01-01,GOLDTEN,2026-03-31,140800.0,141080.0,140150.0,141021.0,607,4860
2026-01-01,GOLDTEN,2026-04-30,142774.0,143722.0,142428.0,143026.0,147,3697
2026-01-01,GOLDTEN,2026-05-29,144611.0,145150.0,144288.0,144988.0,66,1612
2026-01-01,GOLDTEN,2026-06-30,146046.0,147312.0,146046.0,147142.0,10,8
2026-01-02,GOLDGUINEA,2026-01-30,111501.0,112825.0,111150.0,112020.0,12330,12794
2026-01-02,GOLDGUINEA,2026-02-27,113920.0,114787.0,113600.0,114006.0,4893,9135
2026-01-02,GOLDGUINEA,2026-03-31,116645.0,116667.0,115556.0,115969.0,1361,3775
2026-01-02,GOLDGUINEA,2026-04-30,118965.0,119287.0,117600.0,117842.0,268,1274
2026-01-02,GOLDGUINEA,2026-05-29,121594.0,121863.0,120050.0,120453.0,212,1437
2026-01-02,GOLDGUINEA,2026-06-30,123197.0,123898.0,123000.0,123492.0,32,24
2026-01-02,GOLDM,2026-01-05,134597.0,134699.0,133020.0,133497.0,3246,3538
2026-01-02,GOLDM,2026-02-05,136143.0,137037.0,135525.0,135793.0,51877,50799
2026-01-02,GOLDM,2026-03-05,138634.0,139098.0,137401.0,137894.0,8605,15228
2026-01-02,GOLDM,2026-04-03,140797.0,141332.0,139715.0,140050.0,2356,3894
2026-01-02,GOLDM,2026-05-05,143287.0,143542.0,142267.0,142551.0,399,1635
2026-01-02,GOLDM,2026-06-05,144921.0,145163.0,143720.0,143976.0,276,1028
2026-01-02,GOLDPETAL,2026-01-30,13995.0,14070.0,13951.0,13995.0,156246,188922
2026-01-02,GOLDPETAL,2026-02-27,14192.0,14219.0,14141.0,14191.0,88719,146556
2026-01-02,GOLDPETAL,2026-03-31,14378.0,14453.0,14353.0,14410.0,34226,61039
2026-01-02,GOLDPETAL,2026-04-30,14650.0,14750.0,14605.0,14659.0,9726,19873
2026-01-02,GOLDPETAL,2026-05-29,14941.0,14974.0,14870.0,14925.0,4016,14711
2026-01-02,GOLDPETAL,2026-06-30,15180.0,15221.0,15124.0,15157.0,1442,1876
2026-01-02,GOLDTEN,2026-01-30,137141.0,137827.0,136540.0,136777.0,17257,24172
2026-01-02,GOLDTEN,2026-02-27,139521.0,140155.0,138800.0,139199.0,9277,14098
2026-01-02,GOLDTEN,2026-03-31,141225.0,142102.0,140900.0,141228.0,2572,5311
2026-01-02,GOLDTEN,2026-04-30,144419.0,144419.0,143065.0,143436.0,621,3821
2026-01-02,GOLDTEN,2026-05-29,147467.0,147467.0,145000.0,145228.0,181,1642
2026-01-02,GOLDTEN,2026-06-30,148842.0,149098.0,147417.0,148185.0,36,28
2026-01-05,GOLDGUINEA,2026-01-30,112499.0,113727.0,112499.0,113146.0,12721,11619
2026-01-05,GOLDGUINEA,2026-02-27,114709.0,115450.0,114444.0,114998.0,6806,8655
2026-01-05,GOLDGUINEA,2026-03-31,117407.0,117458.0,115900.0,116761.0,2036,3753
2026-01-05,GOLDGUINEA,2026-04-30,119483.0,119483.0,118200.0,118544.0,422,1348
2026-01-05,GOLDGUINEA,2026-05-29,121213.0,121578.0,120813.0,121204.0,271,1472
2026-01-05,GOLDGUINEA,2026-06-30,123611.0,125129.0,123600.0,124031.0,69,41
2026-01-05,GOLDM,2026-01-05,135590.0,137497.0,133864.0,135641.0,1488,2323
2026-01-05,GOLDM,2026-02-05,136144.0,138222.0,136144.0,138056.0,63167,49009
2026-01-05,GOLDM,2026-03-05,139480.0,140175.0,138652.0,140065.0,11621,15110
2026-01-05,GOLDM,2026-04-03,142119.0,142287.0,140816.0,142106.0,3805,4104
2026-01-05,GOLDM,2026-05-05,144170.0,144450.0,143151.0,144310.0,760,1658
2026-01-05,GOLDM,2026-06-05,145899.0,146349.0,144732.0,145884.0,587,1215
2026-01-05,GOLDPETAL,2026-01-30,14049.0,14250.0,14049.0,14143.0,181316,169527
2026-01-05,GOLDPETAL,2026-02-27,14215.0,14402.0,14215.0,14327.0,111359,140222
2026-01-05,GOLDPETAL,2026-03-31,14500.0,14656.0,14477.0,14524.0,42742,61149
2026-01-05,GOLDPETAL,2026-04-30,14714.0,14855.0,14714.0,14786.0,11441,18842
2026-01-05,GOLDPETAL,2026-05-29,15001.0,15095.0,14986.0,15060.0,5818,14707
2026-01-05,GOLDPETAL,2026-06-30,15322.0,15457.0,15272.0,15349.0,3679,3923
2026-01-05,GOLDTEN,2026-01-30,138340.0,138787.0,137502.0,138619.0,20496,21480
2026-01-05,GOLDTEN,2026-02-27,139699.0,141800.0,139699.0,141008.0,11113,13170
2026-01-05,GOLDTEN,2026-03-31,143100.0,144121.0,141864.0,143166.0,4500,4913
2026-01-05,GOLDTEN,2026-04-30,144436.0,145500.0,143600.0,145278.0,1573,3782
2026-01-05,GOLDTEN,2026-05-29,146499.0,147300.0,146071.0,147090.0,416,1645
2026-01-05,GOLDTEN,2026-06-30,149318.0,150289.0,148871.0,149621.0,94,86
2026-01-06,GOLDGUINEA,2026-01-30,113250.0,113650.0,112970.0,113478.0,9895,11741
2026-01-06,GOLDGUINEA,2026-02-27,115249.0,115450.0,114854.0,115400.0,6487,8831
2026-01-06,GOLDGUINEA,2026-03-31,117260.0,117435.0,116825.0,117351.0,2322,3756
2026-01-06,GOLDGUINEA,2026-04-30,118899.0,119284.0,118574.0,119147.0,430,1390
2026-01-06,GOLDGUINEA,2026-05-29,121360.0,121775.0,121100.0,121430.0,237,1421
2026-01-06,GOLDGUINEA,2026-06-30,123999.0,124637.0,123546.0,124466.0,65,82
2026-01-06,GOLDM,2026-02-05,138793.0,139070.0,137911.0,139005.0,53718,48322
2026-01-06,GOLDM,2026-03-05,140304.0,141244.0,140050.0,141038.0,10913,16110
2026-01-06,GOLDM,2026-04-03,142499.0,143290.0,142123.0,143168.0,3355,4265
2026-01-06,GOLDM,2026-05-05,145270.0,145500.0,144251.0,145327.0,1050,1849
2026-01-06,GOLDM,2026-06-05,146509.0,147000.0,145851.0,146861.0,525,1348
2026-01-06,GOLDM,2026-07-03,148563.0,149177.0,148042.0,148838.0,38,26
2026-01-06,GOLDPETAL,2026-01-30,14171.0,14202.0,14120.0,14183.0,150608,168716
2026-01-06,GOLDPETAL,2026-02-27,14366.0,14399.0,14327.0,14392.0,95985,137450
2026-01-06,GOLDPETAL,2026-03-31,14579.0,14681.0,14402.0,14616.0,69957,59892
2026-01-06,GOLDPETAL,2026-04-30,14812.0,14875.0,14792.0,14860.0,11939,18889
2026-01-06,GOLDPETAL,2026-05-29,15115.0,15139.0,15012.0,15116.0,6660,14592
2026-01-06,GOLDPETAL,2026-06-30,15387.0,15400.0,15321.0,15394.0,4032,5281
2026-01-06,GOLDTEN,2026-01-30,138775.0,139650.0,138775.0,139595.0,17761,21853
2026-01-06,GOLDTEN,2026-02-27,141200.0,142001.0,141111.0,141948.0,10746,13106
2026-01-06,GOLDTEN,2026-03-31,143771.0,144100.0,142450.0,144002.0,4305,4685
2026-01-06,GOLDTEN,2026-04-30,145436.0,146299.0,144727.0,146209.0,1391,3825
2026-01-06,GOLDTEN,2026-05-29,147196.0,148181.0,146708.0,147998.0,387,1616
2026-01-06,GOLDTEN,2026-06-30,150049.0,150999.0,149723.0,150408.0,151,136
2026-01-07,GOLDGUINEA,2026-01-30,113121.0,113470.0,112800.0,113078.0,8501,12000
2026-01-07,GOLDGUINEA,2026-02-27,115063.0,115480.0,114656.0,115001.0,5171,9580
2026-01-07,GOLDGUINEA,2026-03-31,117692.0,117692.0,116641.0,116987.0,1803,4105
2026-01-07,GOLDGUINEA,2026-04-30,119336.0,119336.0,118623.0,119033.0,503,1487
2026-01-07,GOLDGUINEA,2026-05-29,121177.0,121334.0,120704.0,120949.0,164,1420
2026-01-07,GOLDGUINEA,2026-06-30,123730.0,124140.0,123005.0,123340.0,121,144
2026-01-07,GOLDM,2026-02-05,138947.0,138991.0,137360.0,137977.0,52606,49889
2026-01-07,GOLDM,2026-03-05,140793.0,141000.0,139552.0,140153.0,9986,16615
2026-01-07,GOLDM,2026-04-03,142999.0,143177.0,141800.0,142293.0,2948,5155
2026-01-07,GOLDM,2026-05-05,145000.0,145485.0,144100.0,144621.0,602,1964
2026-01-07,GOLDM,2026-06-05,146416.0,146950.0,145624.0,146337.0,295,1387
2026-01-07,GOLDM,2026-07-03,148597.0,149049.0,147601.0,148160.0,62,73
2026-01-07,GOLDPETAL,2026-01-30,14175.0,14183.0,14045.0,14113.0,188028,177216
2026-01-07,GOLDPETAL,2026-02-27,14383.0,14392.0,14300.0,14344.0,106547,140817
2026-01-07,GOLDPETAL,2026-03-31,14619.0,14677.0,14517.0,14568.0,51259,69874
2026-01-07,GOLDPETAL,2026-04-30,14855.0,14862.0,14763.0,14818.0,12117,19643
2026-01-07,GOLDPETAL,2026-05-29,15108.0,15115.0,15024.0,15089.0,3683,15126
2026-01-07,GOLDPETAL,2026-06-30,15385.0,15415.0,15177.0,15337.0,3993,5524
2026-01-07,GOLDTEN,2026-01-30,139498.0,139950.0,138200.0,138799.0,16792,22582
2026-01-07,GOLDTEN,2026-02-27,141799.0,142036.0,140880.0,141408.0,9793,14331
2026-01-07,GOLDTEN,2026-03-31,144002.0,144097.0,142975.0,143645.0,3646,5495
2026-01-07,GOLDTEN,2026-04-30,145875.0,146250.0,145154.0,145723.0,1278,3982
2026-01-07,GOLDTEN,2026-05-29,147686.0,148155.0,146830.0,147642.0,349,1661
2026-01-07,GOLDTEN,2026-06-30,151356.0,151356.0,148449.0,149913.0,192,218
2026-01-08,GOLDGUINEA,2026-01-30,113199.0,113199.0,111800.0,112666.0,10168,11640
2026-01-08,GOLDGUINEA,2026-02-27,114765.0,115098.0,113800.0,114555.0,7054,10290
2026-01-08,GOLDGUINEA,2026-03-31,116963.0,117240.0,115612.0,116641.0,2055,4339
2026-01-08,GOLDGUINEA,2026-04-30,118638.0,118945.0,117700.0,118605.0,500,1526
2026-01-08,GOLDGUINEA,2026-05-29,120912.0,121100.0,119852.0,120901.0,155,1386
2026-01-08,GOLDGUINEA,2026-06-30,123003.0,123333.0,122230.0,123136.0,51,163
2026-01-08,GOLDM,2026-02-05,137829.0,137888.0,136400.0,137683.0,48682,49423
2026-01-08,GOLDM,2026-03-05,141000.0,141000.0,138524.0,139767.0,12538,17781
2026-01-08,GOLDM,2026-04-03,142001.0,142198.0,140730.0,141932.0,2924,5536
2026-01-08,GOLDM,2026-05-05,144411.0,144412.0,143006.0,144210.0,577,1974
2026-01-08,GOLDM,2026-06-05,145980.0,146195.0,144780.0,145974.0,289,1461
2026-01-08,GOLDM,2026-07-03,147825.0,148244.0,146541.0,148130.0,55,86
2026-01-08,GOLDPETAL,2026-01-30,14101.0,14108.0,13955.0,14054.0,159489,178850
2026-01-08,GOLDPETAL,2026-02-27,14346.0,14347.0,14201.0,14300.0,111867,144621
2026-01-08,GOLDPETAL,2026-03-31,14584.0,14584.0,14434.0,14535.0,53145,75376
2026-01-08,GOLDPETAL,2026-04-30,14811.0,14811.0,14680.0,14767.0,10340,19287
2026-01-08,GOLDPETAL,2026-05-29,15085.0,15092.0,14953.0,15032.0,4017,15331
2026-01-08,GOLDPETAL,2026-06-30,15349.0,15349.0,15222.0,15309.0,1916,6061
2026-01-08,GOLDTEN,2026-01-30,138897.0,138897.0,137196.0,138275.0,15398,22113
2026-01-08,GOLDTEN,2026-02-27,141543.0,141544.0,139873.0,140927.0,11309,14895
2026-01-08,GOLDTEN,2026-03-31,143423.0,143551.0,142104.0,143276.0,3178,5787
2026-01-08,GOLDTEN,2026-04-30,145531.0,145715.0,144220.0,145305.0,999,3936
2026-01-08,GOLDTEN,2026-05-29,147473.0,147489.0,145908.0,147367.0,358,1776
2026-01-08,GOLDTEN,2026-06-30,145680.0,149885.0,145680.0,149620.0,89,239
2026-01-09,GOLDGUINEA,2026-01-30,112673.0,113392.0,112400.0,112956.0,8531,10958
2026-01-09,GOLDGUINEA,2026-02-27,114621.0,115250.0,114500.0,114911.0,5865,9705
2026-01-09,GOLDGUINEA,2026-03-31,116712.0,117180.0,116506.0,116990.0,1769,4277
2026-01-09,GOLDGUINEA,2026-04-30,118612.0,119200.0,118126.0,118868.0,419,1461
2026-01-09,GOLDGUINEA,2026-05-29,120997.0,121489.0,120838.0,120901.0,227,1425
2026-01-09,GOLDGUINEA,2026-06-30,123366.0,123774.0,123216.0,123548.0,83,220
2026-01-09,GOLDM,2026-02-05,137991.0,139420.0,137700.0,138697.0,54960,49197
2026-01-09,GOLDM,2026-03-05,139981.0,141373.0,139767.0,140744.0,11475,18382
2026-01-09,GOLDM,2026-04-03,141932.0,143500.0,141932.0,142964.0,3804,4819
2026-01-09,GOLDM,2026-05-05,144135.0,145650.0,144052.0,145188.0,770,1919
2026-01-09,GOLDM,2026-06-05,145842.0,147458.0,145828.0,146913.0,276,1435
2026-01-09,GOLDM,2026-07-03,148172.0,149500.0,148172.0,149357.0,64,94
2026-01-09,GOLDPETAL,2026-01-30,14041.0,14165.0,14040.0,14113.0,158415,166865
2026-01-09,GOLDPETAL,2026-02-27,14327.0,14392.0,14299.0,14350.0,109584,134098
2026-01-09,GOLDPETAL,2026-03-31,14555.0,14620.0,14531.0,14590.0,57260,68596
2026-01-09,GOLDPETAL,2026-04-30,14785.0,14854.0,14763.0,14827.0,10498,19025
2026-01-09,GOLDPETAL,2026-05-29,15051.0,15118.0,15020.0,15078.0,5273,16256
2026-01-09,GOLDPETAL,2026-06-30,15317.0,15368.0,15298.0,15339.0,2243,6421
2026-01-09,GOLDTEN,2026-01-30,138361.0,139580.0,138345.0,139030.0,17480,21385
2026-01-09,GOLDTEN,2026-02-27,140927.0,142345.0,140863.0,141547.0,12929,13414
2026-01-09,GOLDTEN,2026-03-31,143371.0,144490.0,143169.0,143845.0,4283,5005
2026-01-09,GOLDTEN,2026-04-30,145313.0,146500.0,145280.0,145974.0,1322,3665
2026-01-09,GOLDTEN,2026-05-29,147667.0,148694.0,147110.0,148207.0,475,1711
2026-01-09,GOLDTEN,2026-06-30,149926.0,151094.0,149682.0,150324.0,170,236
2026-01-12,GOLDGUINEA,2026-01-30,113600.0,114800.0,113600.0,114732.0,14101,9215
2026-01-12,GOLDGUINEA,2026-02-27,115600.0,116798.0,115500.0,116698.0,12662,7965
2026-01-12,GOLDGUINEA,2026-03-31,118099.0,118773.0,117400.0,118716.0,5332,3889
2026-01-12,GOLDGUINEA,2026-04-30,120056.0,120757.0,119212.0,120698.0,1016,1382
2026-01-12,GOLDGUINEA,2026-05-29,122635.0,122635.0,121275.0,122421.0,602,1368
2026-01-12,GOLDGUINEA,2026-06-30,124250.0,124856.0,123934.0,124757.0,249,256
2026-01-12,GOLDM,2026-02-05,139279.0,142150.0,139279.0,141748.0,69818,46991
2026-01-12,GOLDM,2026-03-05,141531.0,144217.0,141531.0,144020.0,18289,18500
2026-01-12,GOLDM,2026-04-03,144498.0,146510.0,144000.0,146365.0,7950,5123
2026-01-12,GOLDM,2026-05-05,146000.0,148849.0,146000.0,148730.0,1769,2212
2026-01-12,GOLDM,2026-06-05,148779.0,150400.0,148000.0,150284.0,923,1490
2026-01-12,GOLDM,2026-07-03,150850.0,152437.0,150400.0,152286.0,362,226
2026-01-12,GOLDPETAL,2026-01-30,14199.0,14380.0,14186.0,14369.0,234271,136668
2026-01-12,GOLDPETAL,2026-02-27,14393.0,14635.0,14393.0,14616.0,246404,119085
2026-01-12,GOLDPETAL,2026-03-31,14664.0,14898.0,14664.0,14874.0,111714,64227
2026-01-12,GOLDPETAL,2026-04-30,14905.0,15105.0,14879.0,15095.0,23052,17427
2026-01-12,GOLDPETAL,2026-05-29,15149.0,15350.0,15112.0,15332.0,14239,12677
2026-01-12,GOLDPETAL,2026-06-30,15438.0,15618.0,15375.0,15591.0,9131,6372
2026-01-12,GOLDTEN,2026-01-30,139499.0,142765.0,139499.0,142440.0,27378,15354
2026-01-12,GOLDTEN,2026-02-27,142379.0,144976.0,142379.0,144707.0,20978,11392
2026-01-12,GOLDTEN,2026-03-31,144554.0,148160.0,144554.0,147181.0,10363,5496
2026-01-12,GOLDTEN,2026-04-30,147489.0,149520.0,147106.0,149446.0,2935,3516
2026-01-12,GOLDTEN,2026-05-29,148989.0,151739.0,148989.0,151461.0,1381,1747
2026-01-12,GOLDTEN,2026-06-30,151494.0,154499.0,150147.0,153591.0,495,355
2026-01-13,GOLDGUINEA,2026-01-30,114516.0,115550.0,114515.0,115247.0,11305,8170
2026-01-13,GOLDGUINEA,2026-02-27,116013.0,117500.0,116012.0,117183.0,9728,8323
2026-01-13,GOLDGUINEA,2026-03-31,118800.0,119503.0,118125.0,119211.0,4063,4238
2026-01-13,GOLDGUINEA,2026-04-30,120698.0,121546.0,120360.0,121360.0,982,1432
2026-01-13,GOLDGUINEA,2026-05-29,122790.0,123490.0,122205.0,123309.0,384,1327
2026-01-13,GOLDGUINEA,2026-06-30,124532.0,125757.0,124448.0,125355.0,153,282
2026-01-13,GOLDM,2026-02-05,141877.0,142580.0,141004.0,141947.0,62509,45517
2026-01-13,GOLDM,2026-03-05,143954.0,144866.0,143136.0,144212.0,17460,18903
2026-01-13,GOLDM,2026-04-03,146324.0,147160.0,145395.0,146542.0,6293,5787
2026-01-13,GOLDM,2026-05-05,148457.0,149400.0,147821.0,148862.0,1507,2296
2026-01-13,GOLDM,2026-06-05,150215.0,150900.0,149329.0,150348.0,689,1463
2026-01-13,GOLDM,2026-07-03,152099.0,152929.0,151550.0,152381.0,225,257
2026-01-13,GOLDPETAL,2026-01-30,14371.0,14475.0,14302.0,14420.0,223363,125514
2026-01-13,GOLDPETAL,2026-02-27,14621.0,14737.0,14553.0,14681.0,257800,126700
2026-01-13,GOLDPETAL,2026-03-31,14862.0,14988.0,14800.0,14905.0,149499,76088
2026-01-13,GOLDPETAL,2026-04-30,15078.0,15209.0,15024.0,15153.0,22662,17153
2026-01-13,GOLDPETAL,2026-05-29,15308.0,15448.0,15293.0,15396.0,10179,13320
2026-01-13,GOLDPETAL,2026-06-30,15618.0,15700.0,15560.0,15656.0,7329,7571
2026-01-13,GOLDTEN,2026-01-30,142399.0,143250.0,141600.0,142531.0,20764,16015
2026-01-13,GOLDTEN,2026-02-27,144320.0,145865.0,144112.0,145239.0,19333,12531
2026-01-13,GOLDTEN,2026-03-31,147320.0,148116.0,146447.0,147645.0,7749,6261
2026-01-13,GOLDTEN,2026-04-30,149921.0,150300.0,148700.0,149772.0,2089,3683
2026-01-13,GOLDTEN,2026-05-29,151306.0,152451.0,150788.0,151713.0,994,1936
2026-01-13,GOLDTEN,2026-06-30,153310.0,154360.0,152788.0,153553.0,300,377
2026-01-14,GOLDGUINEA,2026-01-30,115687.0,116500.0,115412.0,116273.0,11078,8347
2026-01-14,GOLDGUINEA,2026-02-27,117694.0,118377.0,117511.0,118274.0,9717,9449
2026-01-14,GOLDGUINEA,2026-03-31,119893.0,120429.0,119325.0,120312.0,4469,4594
2026-01-14,GOLDGUINEA,2026-04-30,121706.0,122549.0,121250.0,122455.0,1002,1401
2026-01-14,GOLDGUINEA,2026-05-29,123861.0,124486.0,123461.0,124379.0,534,1326
2026-01-14,GOLDGUINEA,2026-06-30,125800.0,126600.0,125800.0,126450.0,332,381
2026-01-14,GOLDM,2026-02-05,142600.0,143350.0,142156.0,142820.0,58358,45743
2026-01-14,GOLDM,2026-03-05,144668.0,145560.0,144600.0,145198.0,14772,20021
2026-01-14,GOLDM,2026-04-03,146948.0,147800.0,146850.0,147461.0,7313,6775
2026-01-14,GOLDM,2026-05-05,149417.0,150182.0,149268.0,149954.0,1784,2560
2026-01-14,GOLDM,2026-06-05,151228.0,151882.0,150700.0,151478.0,635,1484
2026-01-14,GOLDM,2026-07-03,153256.0,153907.0,153018.0,153488.0,211,309
2026-01-14,GOLDPETAL,2026-01-30,14498.0,14578.0,14444.0,14535.0,156451,118944
2026-01-14,GOLDPETAL,2026-02-27,14749.0,14838.0,14702.0,14808.0,198322,139672
2026-01-14,GOLDPETAL,2026-03-31,14971.0,15098.0,14950.0,15052.0,100791,83710
2026-01-14,GOLDPETAL,2026-04-30,15199.0,15314.0,15190.0,15294.0,16984,17249
2026-01-14,GOLDPETAL,2026-05-29,15457.0,15547.0,15436.0,15535.0,10353,13677
2026-01-14,GOLDPETAL,2026-06-30,15699.0,15828.0,15670.0,15812.0,8309,8145
2026-01-14,GOLDTEN,2026-01-30,142985.0,143979.0,142770.0,143383.0,19837,15396
2026-01-14,GOLDTEN,2026-02-27,145878.0,146740.0,145534.0,146356.0,17645,14061
2026-01-14,GOLDTEN,2026-03-31,148326.0,148987.0,147964.0,148707.0,7904,7008
2026-01-14,GOLDTEN,2026-04-30,150097.0,151199.0,150016.0,150897.0,2247,3883
2026-01-14,GOLDTEN,2026-05-29,152650.0,153170.0,150211.0,152659.0,915,1972
2026-01-14,GOLDTEN,2026-06-30,154342.0,155250.0,154154.0,154798.0,363,407
2026-01-15,GOLDGUINEA,2026-01-30,116399.0,116887.0,115153.0,116248.0,7651,8545
2026-01-15,GOLDGUINEA,2026-02-27,118305.0,118600.0,117311.0,118365.0,6952,9599
2026-01-15,GOLDGUINEA,2026-03-31,120769.0,120769.0,119450.0,120534.0,3902,4872
2026-01-15,GOLDGUINEA,2026-04-30,123189.0,123336.0,121621.0,122590.0,705,1429
2026-01-15,GOLDGUINEA,2026-05-29,124137.0,124663.0,123511.0,124275.0,343,1364
2026-01-15,GOLDGUINEA,2026-06-30,126603.0,126999.0,125521.0,126313.0,173,423
2026-01-15,GOLDM,2026-02-05,142321.0,144444.0,141656.0,142850.0,33021,46291
2026-01-15,GOLDM,2026-03-05,144403.0,145632.0,144048.0,145283.0,8672,20196
2026-01-15,GOLDM,2026-04-03,147372.0,147699.0,146300.0,147634.0,3356,7008
2026-01-15,GOLDM,2026-05-05,149906.0,150179.0,148828.0,150085.0,864,2604
2026-01-15,GOLDM,2026-06-05,151251.0,151720.0,150280.0,151648.0,289,1515
2026-01-15,GOLDM,2026-07-03,153499.0,153775.0,152300.0,153576.0,127,320
2026-01-15,GOLDPETAL,2026-01-30,14498.0,14580.0,14455.0,14542.0,99911,119320
2026-01-15,GOLDPETAL,2026-02-27,14815.0,14850.0,14733.0,14822.0,107024,140996
2026-01-15,GOLDPETAL,2026-03-31,15054.0,15099.0,14970.0,15073.0,60020,86111
2026-01-15,GOLDPETAL,2026-04-30,15325.0,15332.0,15203.0,15309.0,11907,17436
2026-01-15,GOLDPETAL,2026-05-29,15555.0,15578.0,15468.0,15550.0,5056,14074
2026-01-15,GOLDPETAL,2026-06-30,15814.0,15842.0,15764.0,15826.0,4565,8666
2026-01-15,GOLDTEN,2026-01-30,142302.0,143593.0,142223.0,143406.0,9766,15441
2026-01-15,GOLDTEN,2026-02-27,146421.0,146606.0,145345.0,146437.0,8247,14652
2026-01-15,GOLDTEN,2026-03-31,149148.0,149300.0,146707.0,148853.0,4222,7432
2026-01-15,GOLDTEN,2026-04-30,151802.0,151802.0,149904.0,151049.0,1011,3904
2026-01-15,GOLDTEN,2026-05-29,152659.0,153100.0,151719.0,153001.0,456,2071
2026-01-15,GOLDTEN,2026-06-30,155147.0,155237.0,153388.0,155099.0,177,421
2026-01-16,GOLDGUINEA,2026-01-30,116307.0,116713.0,115504.0,115808.0,9188,8644
2026-01-16,GOLDGUINEA,2026-02-27,118201.0,118450.0,117900.0,118195.0,5670,9947
2026-01-16,GOLDGUINEA,2026-03-31,120302.0,120650.0,119750.0,120444.0,2246,5062
2026-01-16,GOLDGUINEA,2026-04-30,121955.0,123500.0,121365.0,122567.0,592,1356
2026-01-16,GOLDGUINEA,2026-05-29,124282.0,124565.0,123631.0,124314.0,173,1376
2026-01-16,GOLDGUINEA,2026-06-30,126257.0,126739.0,126062.0,126336.0,230,424
2026-01-16,GOLDM,2026-02-05,142415.0,142950.0,141184.0,142272.0,57406,44524
2026-01-16,GOLDM,2026-03-05,145005.0,145379.0,143900.0,144878.0,16304,22311
2026-01-16,GOLDM,2026-04-03,147299.0,147751.0,146503.0,147410.0,4786,7277
2026-01-16,GOLDM,2026-05-05,150605.0,150605.0,149001.0,149931.0,1110,2779
2026-01-16,GOLDM,2026-06-05,150983.0,151895.0,150751.0,151517.0,400,1559
2026-01-16,GOLDM,2026-07-03,152895.0,153851.0,152895.0,153515.0,150,326
2026-01-16,GOLDPETAL,2026-01-30,14508.0,14544.0,14472.0,14491.0,136794,121176
2026-01-16,GOLDPETAL,2026-02-27,14794.0,14837.0,14770.0,14807.0,117939,149572
2026-01-16,GOLDPETAL,2026-03-31,15048.0,15090.0,15006.0,15069.0,73727,94957
2026-01-16,GOLDPETAL,2026-04-30,15285.0,15338.0,15253.0,15306.0,11939,17755
2026-01-16,GOLDPETAL,2026-05-29,15487.0,15569.0,15487.0,15552.0,4558,14242
2026-01-16,GOLDPETAL,2026-06-30,15800.0,15848.0,15755.0,15807.0,4832,10089
2026-01-16,GOLDTEN,2026-01-30,143131.0,143595.0,142000.0,142913.0,14854,15926
2026-01-16,GOLDTEN,2026-02-27,146142.0,146690.0,145401.0,146145.0,12534,15919
2026-01-16,GOLDTEN,2026-03-31,148574.0,148990.0,148000.0,148711.0,5461,8025
2026-01-16,GOLDTEN,2026-04-30,150701.0,151350.0,150288.0,150928.0,1311,3917
2026-01-16,GOLDTEN,2026-05-29,152154.0,153500.0,152153.0,152987.0,763,2270
2026-01-16,GOLDTEN,2026-06-30,154910.0,155745.0,154777.0,155387.0,266,481
2026-01-19,GOLDGUINEA,2026-01-30,116555.0,118487.0,116455.0,117953.0,8711,7685
2026-01-19,GOLDGUINEA,2026-02-27,118700.0,120949.0,118700.0,120623.0,11935,10335
2026-01-19,GOLDGUINEA,2026-03-31,120948.0,123605.0,120948.0,123356.0,6093,5426
2026-01-19,GOLDGUINEA,2026-04-30,124310.0,126080.0,122852.0,125749.0,1811,1559
2026-01-19,GOLDGUINEA,2026-05-29,125052.0,127510.0,124000.0,127267.0,1242,1505
2026-01-19,GOLDGUINEA,2026-06-30,127599.0,130000.0,126958.0,129162.0,961,734
2026-01-19,GOLDM,2026-02-05,142680.0,145379.0,142680.0,145227.0,53123,41102
2026-01-19,GOLDM,2026-03-05,145500.0,148510.0,145499.0,148306.0,21150,22694
2026-01-19,GOLDM,2026-04-03,148399.0,151245.0,148399.0,150998.0,8556,7894
2026-01-19,GOLDM,2026-05-05,150980.0,153600.0,150923.0,153290.0,3005,2950
2026-01-19,GOLDM,2026-06-05,152699.0,155381.0,152356.0,155042.0,1135,1518
2026-01-19,GOLDM,2026-07-03,155051.0,157500.0,155005.0,157198.0,376,383
2026-01-19,GOLDPETAL,2026-01-30,14546.0,14799.0,14546.0,14790.0,168429,86549
2026-01-19,GOLDPETAL,2026-02-27,14849.0,15149.0,14849.0,15128.0,241777,138944
2026-01-19,GOLDPETAL,2026-03-31,15099.0,15450.0,15099.0,15424.0,157554,114672
2026-01-19,GOLDPETAL,2026-04-30,15348.0,15698.0,15348.0,15665.0,30431,19071
2026-01-19,GOLDPETAL,2026-05-29,15599.0,15924.0,15580.0,15890.0,17845,14620
2026-01-19,GOLDPETAL,2026-06-30,15848.0,16168.0,15848.0,16131.0,14425,11473
2026-01-19,GOLDTEN,2026-01-30,143879.0,145499.0,143300.0,145420.0,14978,15500
2026-01-19,GOLDTEN,2026-02-27,147364.0,149490.0,146600.0,149312.0,19897,15781
2026-01-19,GOLDTEN,2026-03-31,149997.0,152056.0,149312.0,151909.0,11475,7551
2026-01-19,GOLDTEN,2026-04-30,151200.0,155155.0,151200.0,154276.0,4996,3957
2026-01-19,GOLDTEN,2026-05-29,154299.0,157000.0,153841.0,156351.0,2533,1948
2026-01-19,GOLDTEN,2026-06-30,156655.0,159967.0,156123.0,159213.0,666,562
2026-01-20,GOLDGUINEA,2026-01-30,117601.0,124944.0,117511.0,122957.0,20995,7380
2026-01-20,GOLDGUINEA,2026-02-27,120501.0,127699.0,120400.0,126353.0,32828,10625
2026-01-20,GOLDGUINEA,2026-03-31,123757.0,130757.0,123200.0,129879.0,19171,6395
2026-01-20,GOLDGUINEA,2026-04-30,126080.0,133291.0,125500.0,132962.0,4432,1652
2026-01-20,GOLDGUINEA,2026-05-29,127980.0,134903.0,127410.0,134518.0,3024,1709
2026-01-20,GOLDGUINEA,2026-06-30,129490.0,136900.0,128995.0,136331.0,1822,745
2026-01-20,GOLDM,2026-02-05,145389.0,152545.0,144811.0,150484.0,129862,38793
2026-01-20,GOLDM,2026-03-05,148024.0,155850.0,146666.0,153819.0,50737,26839
2026-01-20,GOLDM,2026-04-03,151483.0,159500.0,151012.0,157611.0,21187,8441
2026-01-20,GOLDM,2026-05-05,152858.0,162368.0,152858.0,160711.0,6874,3559
2026-01-20,GOLDM,2026-06-05,155775.0,163809.0,155020.0,162523.0,3348,1973
2026-01-20,GOLDM,2026-07-03,157098.0,166000.0,157098.0,165348.0,936,464
2026-01-20,GOLDPETAL,2026-01-30,14800.0,15648.0,14760.0,15406.0,367153,85835
2026-01-20,GOLDPETAL,2026-02-27,15149.0,15977.0,15130.0,15835.0,630102,159375
2026-01-20,GOLDPETAL,2026-03-31,15435.0,16349.0,15380.0,16239.0,415595,138465
2026-01-20,GOLDPETAL,2026-04-30,15670.0,16604.0,15665.0,16535.0,80636,20992
2026-01-20,GOLDPETAL,2026-05-29,15929.0,16843.0,15810.0,16784.0,47695,16033
2026-01-20,GOLDPETAL,2026-06-30,16156.0,17098.0,16132.0,17057.0,41605,13546
2026-01-20,GOLDTEN,2026-01-30,145569.0,154145.0,145420.0,151113.0,35670,14466
2026-01-20,GOLDTEN,2026-02-27,149629.0,157050.0,148989.0,155120.0,53350,18498
2026-01-20,GOLDTEN,2026-03-31,152066.0,160486.0,151874.0,159131.0,25572,9171
2026-01-20,GOLDTEN,2026-04-30,154679.0,163489.0,154155.0,162131.0,8630,3957
2026-01-20,GOLDTEN,2026-05-29,156773.0,165500.0,155776.0,164947.0,7135,2959
2026-01-20,GOLDTEN,2026-06-30,158946.0,169311.0,158886.0,168469.0,2364,866
2026-01-21,GOLDGUINEA,2026-01-30,123800.0,133529.0,123800.0,129020.0,32008,6332
2026-01-21,GOLDGUINEA,2026-02-27,127099.0,137700.0,127099.0,133386.0,57579,12772
2026-01-21,GOLDGUINEA,2026-03-31,131552.0,141500.0,130817.0,138956.0,22945,6425
2026-01-21,GOLDGUINEA,2026-04-30,134789.0,144928.0,133862.0,143541.0,7271,1983
2026-01-21,GOLDGUINEA,2026-05-29,136213.0,146624.0,135844.0,144474.0,3296,2008
2026-01-21,GOLDGUINEA,2026-06-30,138331.0,148600.0,137881.0,146283.0,1793,836
2026-01-21,GOLDM,2026-02-05,151400.0,158780.0,151400.0,153341.0,194833,42210
2026-01-21,GOLDM,2026-03-05,154419.0,161974.0,154419.0,156624.0,79155,32390
2026-01-21,GOLDM,2026-04-03,158414.0,166506.0,158414.0,160574.0,27938,10254
2026-01-21,GOLDM,2026-05-05,162110.0,170300.0,162000.0,164624.0,7779,4121
2026-01-21,GOLDM,2026-06-05,163719.0,172274.0,163719.0,166846.0,5346,2314
2026-01-21,GOLDM,2026-07-03,167416.0,175648.0,167416.0,169706.0,1347,593
2026-01-21,GOLDPETAL,2026-01-30,15574.0,16792.0,15401.0,16058.0,473278,72927
2026-01-21,GOLDPETAL,2026-02-27,16025.0,17260.0,15944.0,16705.0,1033569,173400
2026-01-21,GOLDPETAL,2026-03-31,16398.0,17700.0,16339.0,17409.0,516357,130156
2026-01-21,GOLDPETAL,2026-04-30,16707.0,18023.0,16639.0,17898.0,98853,26378
2026-01-21,GOLDPETAL,2026-05-29,16949.0,18294.0,16868.0,18122.0,43534,14815
2026-01-21,GOLDPETAL,2026-06-30,17258.0,18592.0,17182.0,18422.0,29173,12789
2026-01-21,GOLDTEN,2026-01-30,152034.0,159500.0,152034.0,154588.0,45764,15142
2026-01-21,GOLDTEN,2026-02-27,156999.0,164400.0,156300.0,160763.0,74191,21774
2026-01-21,GOLDTEN,2026-03-31,159515.0,170100.0,159515.0,166489.0,33010,10766
2026-01-21,GOLDTEN,2026-04-30,163500.0,175097.0,163474.0,170677.0,10799,4289
2026-01-21,GOLDTEN,2026-05-29,166997.0,177900.0,166997.0,173253.0,7564,3518
2026-01-21,GOLDTEN,2026-06-30,170904.0,180538.0,170138.0,176616.0,2737,1037
2026-01-22,GOLDGUINEA,2026-01-30,128401.0,130844.0,124178.0,129968.0,16987,6092
2026-01-22,GOLDGUINEA,2026-02-27,133831.0,134500.0,127000.0,134163.0,39746,14781
2026-01-22,GOLDGUINEA,2026-03-31,139901.0,140374.0,133137.0,138883.0,15469,7620
2026-01-22,GOLDGUINEA,2026-04-30,143540.0,144795.0,137222.0,143018.0,4939,2654
2026-01-22,GOLDGUINEA,2026-05-29,144150.0,146000.0,136111.0,144610.0,2028,2079
2026-01-22,GOLDGUINEA,2026-06-30,144166.0,148900.0,141001.0,147421.0,948,881
2026-01-22,GOLDM,2026-02-05,152347.0,157274.0,148741.0,156533.0,148931,39495
2026-01-22,GOLDM,2026-03-05,155301.0,160712.0,152000.0,160158.0,58358,35752
2026-01-22,GOLDM,2026-04-03,158801.0,165214.0,156000.0,164661.0,21624,11148
2026-01-22,GOLDM,2026-05-05,163731.0,169486.0,160002.0,168879.0,5258,4674
2026-01-22,GOLDM,2026-06-05,165050.0,171721.0,162280.0,171053.0,2963,2483
2026-01-22,GOLDM,2026-07-03,168659.0,174500.0,165600.0,174132.0,820,727
2026-01-22,GOLDPETAL,2026-01-30,16051.0,16300.0,15179.0,16247.0,314327,69441
2026-01-22,GOLDPETAL,2026-02-27,16671.0,16900.0,15800.0,16820.0,685619,192411
2026-01-22,GOLDPETAL,2026-03-31,17359.0,17495.0,16600.0,17351.0,304453,145763
2026-01-22,GOLDPETAL,2026-04-30,17880.0,18000.0,17127.0,17773.0,70070,34191
2026-01-22,GOLDPETAL,2026-05-29,17999.0,18300.0,17400.0,18057.0,24903,15234
2026-01-22,GOLDPETAL,2026-06-30,18389.0,18580.0,17634.0,18381.0,21227,14027
2026-01-22,GOLDTEN,2026-01-30,152804.0,157500.0,149951.0,156818.0,27615,15754
2026-01-22,GOLDTEN,2026-02-27,159499.0,162450.0,156000.0,161742.0,56073,24897
2026-01-22,GOLDTEN,2026-03-31,166489.0,167750.0,161800.0,167245.0,21620,13362
2026-01-22,GOLDTEN,2026-04-30,170000.0,172000.0,165800.0,171449.0,7381,4947
2026-01-22,GOLDTEN,2026-05-29,173254.0,175200.0,168951.0,174750.0,6170,3234
2026-01-22,GOLDTEN,2026-06-30,174142.0,178490.0,171375.0,177965.0,1290,977
2026-01-23,GOLDGUINEA,2026-01-30,131001.0,133799.0,130190.0,130906.0,12053,5574
2026-01-23,GOLDGUINEA,2026-02-27,134600.0,138000.0,134145.0,135194.0,30957,16776
2026-01-23,GOLDGUINEA,2026-03-31,139513.0,142987.0,138922.0,140138.0,11524,8160
2026-01-23,GOLDGUINEA,2026-04-30,144440.0,147287.0,141840.0,143923.0,3966,2504
2026-01-23,GOLDGUINEA,2026-05-29,147117.0,148757.0,144700.0,146527.0,1438,1906
2026-01-23,GOLDGUINEA,2026-06-30,149899.0,151799.0,147596.0,150797.0,953,997
2026-01-23,GOLDM,2026-02-05,158143.0,159527.0,155631.0,156672.0,119586,39495
2026-01-23,GOLDM,2026-03-05,160952.0,163435.0,159556.0,161179.0,55636,39052
2026-01-23,GOLDM,2026-04-03,165997.0,167885.0,164326.0,166038.0,19066,12374
2026-01-23,GOLDM,2026-05-05,170332.0,171995.0,168900.0,170461.0,4602,5064
2026-01-23,GOLDM,2026-06-05,172200.0,174353.0,171122.0,173338.0,2274,2539
2026-01-23,GOLDM,2026-07-03,175896.0,177636.0,174501.0,176669.0,766,805
2026-01-23,GOLDPETAL,2026-01-30,16337.0,16901.0,16169.0,16393.0,211589,69233
2026-01-23,GOLDPETAL,2026-02-27,16846.0,17324.0,16800.0,16906.0,532813,249419
2026-01-23,GOLDPETAL,2026-03-31,17449.0,17848.0,17340.0,17523.0,240628,157910
2026-01-23,GOLDPETAL,2026-04-30,17868.0,18300.0,17832.0,18018.0,52462,36147
2026-01-23,GOLDPETAL,2026-05-29,18189.0,18580.0,18178.0,18398.0,18620,17155
2026-01-23,GOLDPETAL,2026-06-30,18559.0,18932.0,18513.0,18815.0,13776,14934
2026-01-23,GOLDTEN,2026-01-30,159887.0,160000.0,156322.0,157207.0,22739,15120
2026-01-23,GOLDTEN,2026-02-27,162589.0,165900.0,161900.0,163137.0,44112,25872
2026-01-23,GOLDTEN,2026-03-31,167777.0,171787.0,167050.0,168625.0,16021,13565
2026-01-23,GOLDTEN,2026-04-30,173099.0,176592.0,171311.0,173251.0,5601,4940
2026-01-23,GOLDTEN,2026-05-29,176276.0,178694.0,174999.0,178127.0,3349,3285
2026-01-23,GOLDTEN,2026-06-30,182443.0,182920.0,178020.0,181079.0,1475,1119
2026-01-27,GOLDGUINEA,2026-01-30,132745.0,134698.0,128021.0,130024.0,7946,3548
2026-01-27,GOLDGUINEA,2026-02-27,136899.0,139194.0,135285.0,135653.0,34701,23009
2026-01-27,GOLDGUINEA,2026-03-31,141949.0,144300.0,140700.0,141593.0,12693,10025
2026-01-27,GOLDGUINEA,2026-04-30,145858.0,148000.0,143939.0,145971.0,3548,2637
2026-01-27,GOLDGUINEA,2026-05-29,146800.0,150293.0,146630.0,149819.0,1446,1996
2026-01-27,GOLDGUINEA,2026-06-30,153310.0,155320.0,151938.0,154216.0,1473,1498
2026-01-27,GOLDM,2026-02-05,157478.0,159899.0,157478.0,158744.0,76864,35341
2026-01-27,GOLDM,2026-03-05,162999.0,166000.0,159999.0,164204.0,51799,46357
2026-01-27,GOLDM,2026-04-03,166710.0,170395.0,166710.0,168324.0,19759,14153
2026-01-27,GOLDM,2026-05-05,173534.0,175574.0,172573.0,173721.0,5543,6082
2026-01-27,GOLDM,2026-06-05,176486.0,179273.0,176000.0,178173.0,2849,2581
2026-01-27,GOLDM,2026-07-03,179849.0,183720.0,179501.0,183027.0,885,856
2026-01-27,GOLDPETAL,2026-01-30,16500.0,16873.0,15966.0,16139.0,137403,37652
2026-01-27,GOLDPETAL,2026-02-27,17099.0,17413.0,16906.0,16961.0,481400,304643
2026-01-27,GOLDPETAL,2026-03-31,17759.0,18048.0,17400.0,17612.0,181067,163997
2026-01-27,GOLDPETAL,2026-04-30,18278.0,18557.0,18012.0,18096.0,69088,52647
2026-01-27,GOLDPETAL,2026-05-29,18554.0,18939.0,18524.0,18739.0,22799,20900
2026-01-27,GOLDPETAL,2026-06-30,18999.0,19379.0,18915.0,19257.0,23535,19815
2026-01-27,GOLDTEN,2026-01-30,159206.0,160900.0,157564.0,160201.0,17951,14502
2026-01-27,GOLDTEN,2026-02-27,164499.0,167499.0,164453.0,166335.0,45789,30389
2026-01-27,GOLDTEN,2026-03-31,169699.0,172500.0,169699.0,171754.0,16769,14738
2026-01-27,GOLDTEN,2026-04-30,174531.0,178339.0,174531.0,177576.0,6308,5690
2026-01-27,GOLDTEN,2026-05-29,179407.0,184233.0,178600.0,183810.0,4033,3994
2026-01-27,GOLDTEN,2026-06-30,183181.0,188701.0,182761.0,188042.0,1461,1214
2026-01-28,GOLDGUINEA,2026-01-30,132221.0,141700.0,122500.0,139185.0,2420,2395
2026-01-28,GOLDGUINEA,2026-02-27,136799.0,141000.0,134950.0,139976.0,44199,19966
2026-01-28,GOLDGUINEA,2026-03-31,143800.0,145800.0,142061.0,144923.0,15035,10032
2026-01-28,GOLDGUINEA,2026-04-30,150251.0,152522.0,145531.0,150624.0,5105,2879
2026-01-28,GOLDGUINEA,2026-05-29,153452.0,157632.0,150600.0,154843.0,1832,1894
2026-01-28,GOLDGUINEA,2026-06-30,158597.0,158842.0,155217.0,158554.0,1630,1563
2026-01-28,GOLDM,2026-02-05,159296.0,167800.0,159296.0,167092.0,116857,30810
2026-01-28,GOLDM,2026-03-05,164899.0,173800.0,164899.0,171984.0,92280,50777
2026-01-28,GOLDM,2026-04-03,170402.0,178423.0,170000.0,177483.0,30650,13734
2026-01-28,GOLDM,2026-05-05,176666.0,184106.0,175721.0,183211.0,8065,6555
2026-01-28,GOLDM,2026-06-05,182630.0,188500.0,181601.0,186902.0,5832,2990
2026-01-28,GOLDM,2026-07-03,188495.0,192500.0,186457.0,191576.0,2319,1500
2026-01-28,GOLDPETAL,2026-01-30,16407.0,17229.0,15655.0,17104.0,15901,28863
2026-01-28,GOLDPETAL,2026-02-27,17050.0,17600.0,16453.0,17555.0,651464,257843
2026-01-28,GOLDPETAL,2026-03-31,17798.0,18255.0,17550.0,18148.0,287744,141158
2026-01-28,GOLDPETAL,2026-04-30,18320.0,18896.0,17594.0,18769.0,87752,52890
2026-01-28,GOLDPETAL,2026-05-29,18887.0,19699.0,18547.0,19400.0,37582,20886
2026-01-28,GOLDPETAL,2026-06-30,19400.0,20100.0,19221.0,19970.0,35265,25122
2026-01-28,GOLDTEN,2026-01-30,163506.0,169695.0,156856.0,168149.0,4100,12570
2026-01-28,GOLDTEN,2026-02-27,167099.0,175250.0,167099.0,174329.0,70303,31842
2026-01-28,GOLDTEN,2026-03-31,172900.0,180800.0,172769.0,179848.0,24434,14390
2026-01-28,GOLDTEN,2026-04-30,179351.0,187000.0,178505.0,186053.0,11299,6354
2026-01-28,GOLDTEN,2026-05-29,188999.0,194500.0,185510.0,191934.0,6732,4317
2026-01-28,GOLDTEN,2026-06-30,192859.0,198996.0,190500.0,197128.0,3101,1945
2026-01-29,GOLDGUINEA,2026-01-30,143360.0,149998.0,143360.0,147262.0,38,970
2026-01-29,GOLDGUINEA,2026-02-27,141300.0,152573.0,138120.0,148867.0,89588,19027
2026-01-29,GOLDGUINEA,2026-03-31,148000.0,157966.0,143699.0,154538.0,31950,9335
2026-01-29,GOLDGUINEA,2026-04-30,153169.0,164699.0,150300.0,160410.0,13581,3518
2026-01-29,GOLDGUINEA,2026-05-29,158526.0,171529.0,156001.0,166737.0,5479,2225
2026-01-29,GOLDGUINEA,2026-06-30,162862.0,172823.0,159454.0,171318.0,3157,1698
2026-01-29,GOLDM,2026-02-05,168000.0,182130.0,165218.0,170954.0,266480,30090
2026-01-29,GOLDM,2026-03-05,174048.0,187462.0,170000.0,180132.0,208498,55867
2026-01-29,GOLDM,2026-04-03,182807.0,193456.0,175449.0,185779.0,58793,14460
2026-01-29,GOLDM,2026-05-05,188016.0,199699.0,180000.0,191892.0,13979,7080
2026-01-29,GOLDM,2026-06-05,192031.0,203723.0,181984.0,195306.0,8160,3107
2026-01-29,GOLDM,2026-07-03,197000.0,208817.0,174339.0,198661.0,3766,1516
2026-01-29,GOLDPETAL,2026-01-30,17617.0,18602.0,17350.0,18383.0,778,11498
2026-01-29,GOLDPETAL,2026-02-27,17699.0,19134.0,17699.0,18746.0,1295152,254253
2026-01-29,GOLDPETAL,2026-03-31,18340.0,19781.0,18340.0,19357.0,680230,156700
2026-01-29,GOLDPETAL,2026-04-30,19179.0,20458.0,19000.0,20006.0,196016,53432
2026-01-29,GOLDPETAL,2026-05-29,19612.0,21146.0,19383.0,20730.0,79082,23676
2026-01-29,GOLDPETAL,2026-06-30,20200.0,21767.0,20100.0,21360.0,62461,26393
2026-01-29,GOLDTEN,2026-01-30,173193.0,183282.0,153016.0,179089.0,259,3825
2026-01-29,GOLDTEN,2026-02-27,175500.0,190018.0,170531.0,184425.0,136416,32630
2026-01-29,GOLDTEN,2026-03-31,183848.0,196034.0,179010.0,190926.0,46585,15190
2026-01-29,GOLDTEN,2026-04-30,190488.0,202797.0,184000.0,196884.0,19506,6503
2026-01-29,GOLDTEN,2026-05-29,196792.0,209208.0,185951.0,202040.0,11157,3860
2026-01-29,GOLDTEN,2026-06-30,203041.0,214869.0,181422.0,205516.0,5216,2159
2026-01-30,GOLDGUINEA,2026-01-30,142845.0,145749.0,138427.0,140280.0,26,932
2026-01-30,GOLDGUINEA,2026-02-27,147500.0,149000.0,131003.0,131003.0,78139,19266
2026-01-30,GOLDGUINEA,2026-03-31,151561.0,154413.0,135994.0,135994.0,22983,9857
2026-01-30,GOLDGUINEA,2026-04-30,158410.0,160452.0,141161.0,141161.0,7777,4056
2026-01-30,GOLDGUINEA,2026-05-29,164997.0,166500.0,146729.0,146729.0,3879,2115
2026-01-30,GOLDGUINEA,2026-06-30,170583.0,171500.0,150760.0,150760.0,1937,1722
2026-01-30,GOLDM,2026-02-05,168990.0,170954.0,150440.0,150440.0,133568,24761
2026-01-30,GOLDM,2026-03-05,175259.0,179000.0,153113.0,153113.0,179807,59206
2026-01-30,GOLDM,2026-04-03,181999.0,185189.0,152339.0,153119.0,48766,14178
2026-01-30,GOLDM,2026-05-05,187936.0,191152.0,157352.0,158670.0,10206,7372
2026-01-30,GOLDM,2026-06-05,192404.0,194800.0,171870.0,171870.0,4821,2909
2026-01-30,GOLDM,2026-07-03,195691.0,198998.0,174822.0,178398.0,1413,1469
2026-01-30,GOLDPETAL,2026-01-30,18566.0,18566.0,17281.0,17632.0,236,1199
2026-01-30,GOLDPETAL,2026-02-27,18641.0,18695.0,16497.0,16497.0,1208185,287557
2026-01-30,GOLDPETAL,2026-03-31,19096.0,19483.0,17035.0,17035.0,499339,163293
2026-01-30,GOLDPETAL,2026-04-30,19875.0,20050.0,17606.0,17606.0,144003,60298
2026-01-30,GOLDPETAL,2026-05-29,20350.0,20789.0,18243.0,18243.0,64902,26194
2026-01-30,GOLDPETAL,2026-06-30,21362.0,21362.0,18797.0,18797.0,46073,30349
2026-01-30,GOLDTEN,2026-01-30,177588.0,178300.0,170800.0,175309.0,47,425
2026-01-30,GOLDTEN,2026-02-27,182600.0,185000.0,162294.0,162294.0,108531,33352
2026-01-30,GOLDTEN,2026-03-31,186545.0,191441.0,168015.0,168015.0,32597,16097
2026-01-30,GOLDTEN,2026-04-30,193105.0,198000.0,173258.0,173258.0,13163,7232
2026-01-30,GOLDTEN,2026-05-29,200555.0,202905.0,177796.0,177796.0,6506,3815
2026-01-30,GOLDTEN,2026-06-30,203999.0,207999.0,180855.0,180855.0,2902,2402
2026-02-02,GOLDGUINEA,2026-02-27,116441.0,123000.0,108816.0,118307.0,67467,13253
2026-02-02,GOLDGUINEA,2026-03-31,120059.0,126000.0,112618.0,120182.0,26190,7034
2026-02-02,GOLDGUINEA,2026-04-30,124610.0,129790.0,116896.0,122489.0,10254,2997
2026-02-02,GOLDGUINEA,2026-05-29,129519.0,132095.0,121507.0,125278.0,2483,1663
2026-02-02,GOLDGUINEA,2026-06-30,133077.0,135767.0,124845.0,128173.0,1242,1306
2026-02-02,GOLDGUINEA,2026-07-31,135493.0,137113.0,131582.0,135322.0,7,4
2026-02-02,GOLDM,2026-02-05,139868.0,146800.0,129685.0,141101.0,37306,19649
2026-02-02,GOLDM,2026-03-05,143828.0,147800.0,131607.0,141669.0,202123,49913
2026-02-02,GOLDM,2026-04-03,146356.0,150489.0,134442.0,143762.0,62387,9827
2026-02-02,GOLDM,2026-05-05,147357.0,152699.0,136801.0,145543.0,8676,3905
2026-02-02,GOLDM,2026-06-05,151710.0,154600.0,142326.0,147600.0,5536,1551
2026-02-02,GOLDM,2026-07-03,157473.0,157627.0,147733.0,150201.0,1525,905
2026-02-02,GOLDPETAL,2026-02-27,14565.0,15475.0,13662.0,14718.0,1159545,190668
2026-02-02,GOLDPETAL,2026-03-31,15502.0,15750.0,14107.0,15004.0,528886,86690
2026-02-02,GOLDPETAL,2026-04-30,15550.0,16214.0,14581.0,15353.0,155529,45341
2026-02-02,GOLDPETAL,2026-05-29,16448.0,16602.0,15108.0,15650.0,43739,15370
2026-02-02,GOLDPETAL,2026-06-30,16593.0,16918.0,15567.0,16023.0,27690,21593
2026-02-02,GOLDPETAL,2026-07-31,17237.0,17576.0,15996.0,16494.0,3016,1082
2026-02-02,GOLDTEN,2026-02-27,147688.0,151000.0,134397.0,144296.0,96895,21421
2026-02-02,GOLDTEN,2026-03-31,152500.0,153820.0,139134.0,146524.0,42309,10074
2026-02-02,GOLDTEN,2026-04-30,162393.0,162393.0,143476.0,149686.0,11569,5484
2026-02-02,GOLDTEN,2026-05-29,160177.0,160177.0,147234.0,152777.0,5009,2254
2026-02-02,GOLDTEN,2026-06-30,160497.0,162957.0,149767.0,155726.0,2141,1402
2026-02-02,GOLDTEN,2026-07-31,183650.0,183650.0,160930.0,161796.0,78,59
2026-02-03,GOLDGUINEA,2026-02-27,120000.0,127500.0,120000.0,126840.0,42273,14156
2026-02-03,GOLDGUINEA,2026-03-31,123591.0,130994.0,122035.0,129132.0,12811,7604
2026-02-03,GOLDGUINEA,2026-04-30,124970.0,132800.0,124905.0,131854.0,4792,3316
2026-02-03,GOLDGUINEA,2026-05-29,127654.0,135799.0,127565.0,133460.0,1578,1728
2026-02-03,GOLDGUINEA,2026-06-30,131716.0,137854.0,131365.0,136511.0,807,1377
2026-02-03,GOLDGUINEA,2026-07-31,137093.0,142120.0,135110.0,140328.0,60,32
2026-02-03,GOLDM,2026-02-05,143389.0,152256.0,142671.0,151033.0,5841,19250
2026-02-03,GOLDM,2026-03-05,144700.0,153103.0,144011.0,151862.0,110933,47495
2026-02-03,GOLDM,2026-04-03,146300.0,155949.0,146300.0,154220.0,29286,9927
2026-02-03,GOLDM,2026-05-05,149599.0,158200.0,149584.0,156591.0,4619,3553
2026-02-03,GOLDM,2026-06-05,152028.0,160000.0,152028.0,158433.0,2563,1799
2026-02-03,GOLDM,2026-07-03,154707.0,162810.0,154707.0,161306.0,622,996
2026-02-03,GOLDPETAL,2026-02-27,15050.0,15890.0,14900.0,15795.0,538537,198109
2026-02-03,GOLDPETAL,2026-03-31,15299.0,16200.0,15299.0,16084.0,232546,94476
2026-02-03,GOLDPETAL,2026-04-30,15550.0,16599.0,15550.0,16405.0,68589,49029
2026-02-03,GOLDPETAL,2026-05-29,16076.0,17050.0,16035.0,16752.0,22887,16902
2026-02-03,GOLDPETAL,2026-06-30,16346.0,17397.0,16335.0,17093.0,16995,22679
2026-02-03,GOLDPETAL,2026-07-31,16977.0,17647.0,16843.0,17511.0,3020,1963
2026-02-03,GOLDTEN,2026-02-27,146681.0,156800.0,146681.0,155897.0,48497,23086
2026-02-03,GOLDTEN,2026-03-31,148900.0,159356.0,148900.0,158819.0,21813,11122
2026-02-03,GOLDTEN,2026-04-30,153800.0,162999.0,153301.0,162032.0,7278,5887
2026-02-03,GOLDTEN,2026-05-29,156653.0,166500.0,156653.0,165385.0,2638,2455
2026-02-03,GOLDTEN,2026-06-30,160242.0,169741.0,160242.0,168833.0,1387,1633
2026-02-03,GOLDTEN,2026-07-31,165686.0,173218.0,164302.0,171840.0,191,119
2026-02-04,GOLDGUINEA,2026-02-27,127750.0,133433.0,124111.0,126200.0,35138,15523
2026-02-04,GOLDGUINEA,2026-03-31,130040.0,136000.0,126253.0,128131.0,16023,8720
2026-02-04,GOLDGUINEA,2026-04-30,134132.0,138068.0,128758.0,130639.0,5723,3687
2026-02-04,GOLDGUINEA,2026-05-29,135222.0,139999.0,131096.0,132721.0,1592,1723
2026-02-04,GOLDGUINEA,2026-06-30,138511.0,143738.0,134325.0,135528.0,897,1499
2026-02-04,GOLDGUINEA,2026-07-31,144030.0,146130.0,138244.0,142266.0,27,39
2026-02-04,GOLDM,2026-02-05,155201.0,158720.0,149000.0,149543.0,1570,3892
2026-02-04,GOLDM,2026-03-05,152849.0,158664.0,149009.0,150832.0,100767,47765
2026-02-04,GOLDM,2026-04-03,156300.0,161777.0,151556.0,153197.0,26483,10444
2026-02-04,GOLDM,2026-05-05,160184.0,164999.0,154193.0,155840.0,4157,3430
2026-02-04,GOLDM,2026-06-05,162442.0,166000.0,156351.0,158139.0,2247,1720
2026-02-04,GOLDM,2026-07-03,166099.0,167977.0,159347.0,160332.0,718,945
2026-02-04,GOLDPETAL,2026-02-27,15999.0,16520.0,15450.0,15710.0,621731,208745
2026-02-04,GOLDPETAL,2026-03-31,16170.0,16875.0,15800.0,15981.0,252684,105668
2026-02-04,GOLDPETAL,2026-04-30,16500.0,17206.0,16075.0,16294.0,90314,57566
2026-02-04,GOLDPETAL,2026-05-29,17063.0,17748.0,16408.0,16612.0,21686,17813
2026-02-04,GOLDPETAL,2026-06-30,17399.0,17847.0,16755.0,16913.0,18359,23392
2026-02-04,GOLDPETAL,2026-07-31,17900.0,18245.0,17007.0,17277.0,5722,2481
2026-02-04,GOLDTEN,2026-02-27,157270.0,163000.0,152168.0,155962.0,57498,26188
2026-02-04,GOLDTEN,2026-03-31,159711.0,168348.0,155759.0,158328.0,25596,13000
2026-02-04,GOLDTEN,2026-04-30,166783.0,171700.0,159114.0,161105.0,10591,7355
2026-02-04,GOLDTEN,2026-05-29,170346.0,173099.0,162550.0,164795.0,2933,2760
2026-02-04,GOLDTEN,2026-06-30,173508.0,177933.0,165839.0,167521.0,1692,1784
2026-02-04,GOLDTEN,2026-07-31,176990.0,180448.0,166999.0,170125.0,187,117
2026-02-05,GOLDGUINEA,2026-02-27,123201.0,126500.0,121671.0,125512.0,26534,15434
2026-02-05,GOLDGUINEA,2026-03-31,125448.0,128651.0,120450.0,127278.0,11064,8843
2026-02-05,GOLDGUINEA,2026-04-30,128321.0,130950.0,123710.0,129905.0,3505,3786
2026-02-05,GOLDGUINEA,2026-05-29,129363.0,133406.0,126001.0,132708.0,1033,1668
2026-02-05,GOLDGUINEA,2026-06-30,132676.0,136442.0,131463.0,135353.0,589,1562
2026-02-05,GOLDGUINEA,2026-07-31,137999.0,138127.0,135619.0,136820.0,17,48
2026-02-05,GOLDM,2026-02-05,148500.0,150942.0,146900.0,149733.0,1773,2835
2026-02-05,GOLDM,2026-03-05,148074.0,151855.0,146308.0,150316.0,86747,45628
2026-02-05,GOLDM,2026-04-03,151000.0,154340.0,148602.0,152168.0,22221,10573
2026-02-05,GOLDM,2026-05-05,152752.0,156696.0,151165.0,153915.0,2300,3459
2026-02-05,GOLDM,2026-06-05,155243.0,158898.0,153395.0,156307.0,991,1747
2026-02-05,GOLDM,2026-07-03,155523.0,161200.0,155523.0,158926.0,320,949
2026-02-05,GOLDPETAL,2026-02-27,15510.0,15787.0,14780.0,15638.0,490437,205085
2026-02-05,GOLDPETAL,2026-03-31,15903.0,16033.0,15201.0,15887.0,218618,103301
2026-02-05,GOLDPETAL,2026-04-30,16151.0,16317.0,15317.0,16189.0,66515,61587
2026-02-05,GOLDPETAL,2026-05-29,16451.0,16686.0,15633.0,16556.0,20778,18464
2026-02-05,GOLDPETAL,2026-06-30,16742.0,16962.0,15899.0,16865.0,16324,22890
2026-02-05,GOLDPETAL,2026-07-31,16764.0,17312.0,16682.0,17107.0,2023,2807
2026-02-05,GOLDTEN,2026-02-27,154800.0,155949.0,146605.0,153847.0,38203,26298
2026-02-05,GOLDTEN,2026-03-31,154007.0,158344.0,149893.0,155955.0,18365,13255
2026-02-05,GOLDTEN,2026-04-30,158000.0,161057.0,153168.0,158449.0,5944,7529
2026-02-05,GOLDTEN,2026-05-29,160151.0,164369.0,155055.0,161712.0,1853,2871
2026-02-05,GOLDTEN,2026-06-30,162496.0,166950.0,160987.0,164981.0,744,1730
2026-02-05,GOLDTEN,2026-07-31,165500.0,170149.0,165300.0,166671.0,86,129
2026-02-06,GOLDGUINEA,2026-02-27,125495.0,127957.0,122513.0,127717.0,21171,15181
2026-02-06,GOLDGUINEA,2026-03-31,126279.0,129908.0,124100.0,129323.0,8022,8608
2026-02-06,GOLDGUINEA,2026-04-30,127501.0,131630.0,127500.0,131206.0,2923,3730
2026-02-06,GOLDGUINEA,2026-05-29,131000.0,133950.0,130202.0,133240.0,1055,1843
2026-02-06,GOLDGUINEA,2026-06-30,133000.0,136667.0,133000.0,136129.0,403,1603
2026-02-06,GOLDGUINEA,2026-07-31,135534.0,139846.0,135534.0,138935.0,26,59
2026-02-06,GOLDM,2026-03-05,148889.0,154202.0,148000.0,153931.0,66768,44738
2026-02-06,GOLDM,2026-04-03,151130.0,156099.0,149811.0,155751.0,17645,10543
2026-02-06,GOLDM,2026-05-05,153233.0,157598.0,151800.0,157320.0,1566,3475
2026-02-06,GOLDM,2026-06-05,155731.0,159189.0,153778.0,158901.0,1038,1795
2026-02-06,GOLDM,2026-07-03,157421.0,161355.0,156000.0,161199.0,251,953
2026-02-06,GOLDM,2026-08-05,158992.0,163108.0,158992.0,162071.0,19,7
2026-02-06,GOLDPETAL,2026-02-27,15604.0,15975.0,15285.0,15948.0,353345,202388
2026-02-06,GOLDPETAL,2026-03-31,15745.0,16189.0,15500.0,16158.0,142951,101696
2026-02-06,GOLDPETAL,2026-04-30,16087.0,16429.0,15881.0,16405.0,58222,61218
2026-02-06,GOLDPETAL,2026-05-29,16365.0,16746.0,16231.0,16653.0,14072,18625
2026-02-06,GOLDPETAL,2026-06-30,16601.0,17069.0,16557.0,16955.0,10615,23759
2026-02-06,GOLDPETAL,2026-07-31,16992.0,17300.0,16800.0,17217.0,1371,3044
2026-02-06,GOLDTEN,2026-02-27,152401.0,157824.0,151532.0,157335.0,31359,25770
2026-02-06,GOLDTEN,2026-03-31,154705.0,160200.0,153300.0,159521.0,14363,12895
2026-02-06,GOLDTEN,2026-04-30,158449.0,162898.0,156264.0,162227.0,5013,7495
2026-02-06,GOLDTEN,2026-05-29,161008.0,165284.0,159083.0,164617.0,1320,2900
2026-02-06,GOLDTEN,2026-06-30,163039.0,167500.0,162405.0,166845.0,888,1812
2026-02-06,GOLDTEN,2026-07-31,169434.0,169827.0,165106.0,168991.0,93,139
2026-02-09,GOLDGUINEA,2026-02-27,128600.0,130989.0,128194.0,129610.0,16728,15045
2026-02-09,GOLDGUINEA,2026-03-31,130311.0,132183.0,130311.0,131907.0,7749,8876
2026-02-09,GOLDGUINEA,2026-04-30,132753.0,134281.0,132252.0,133901.0,2736,3876
2026-02-09,GOLDGUINEA,2026-05-29,134999.0,136000.0,134300.0,135685.0,781,1868
2026-02-09,GOLDGUINEA,2026-06-30,138000.0,138837.0,136810.0,138544.0,399,1593
2026-02-09,GOLDGUINEA,2026-07-31,140896.0,141704.0,138754.0,140612.0,113,93
2026-02-09,GOLDM,2026-03-05,154825.0,157151.0,154224.0,156332.0,48985,43851
2026-02-09,GOLDM,2026-04-03,156500.0,159150.0,155301.0,158341.0,12163,10388
2026-02-09,GOLDM,2026-05-05,158999.0,160877.0,158289.0,160127.0,1730,3467
2026-02-09,GOLDM,2026-06-05,161480.0,162805.0,160051.0,162015.0,1021,1796
2026-02-09,GOLDM,2026-07-03,163752.0,165044.0,162500.0,164427.0,287,931
2026-02-09,GOLDM,2026-08-05,165316.0,165763.0,164644.0,165274.0,8,10
2026-02-09,GOLDPETAL,2026-02-27,15954.0,16370.0,15800.0,16163.0,280850,204063
2026-02-09,GOLDPETAL,2026-03-31,16210.0,16554.0,16139.0,16496.0,115891,103813
2026-02-09,GOLDPETAL,2026-04-30,16439.0,16776.0,16404.0,16731.0,47027,60682
2026-02-09,GOLDPETAL,2026-05-29,16666.0,17050.0,16666.0,16993.0,11593,18844
2026-02-09,GOLDPETAL,2026-06-30,16995.0,17338.0,16995.0,17273.0,8154,24273
2026-02-09,GOLDPETAL,2026-07-31,17504.0,17570.0,17277.0,17513.0,2073,3256
2026-02-09,GOLDTEN,2026-02-27,158634.0,160278.0,158000.0,159571.0,25225,26660
2026-02-09,GOLDTEN,2026-03-31,160594.0,163778.0,160263.0,162161.0,13352,13022
2026-02-09,GOLDTEN,2026-04-30,163111.0,166064.0,162683.0,164689.0,5465,7329
2026-02-09,GOLDTEN,2026-05-29,166111.0,167910.0,165116.0,166881.0,1264,2877
2026-02-09,GOLDTEN,2026-06-30,169108.0,170516.0,167271.0,169249.0,693,1668
2026-02-09,GOLDTEN,2026-07-31,171000.0,171995.0,169661.0,171569.0,101,130
2026-02-10,GOLDGUINEA,2026-02-27,129299.0,129900.0,127201.0,128464.0,14552,15099
2026-02-10,GOLDGUINEA,2026-03-31,130974.0,131999.0,128511.0,130581.0,6963,9017
2026-02-10,GOLDGUINEA,2026-04-30,133699.0,133894.0,131510.0,132467.0,1990,4012
2026-02-10,GOLDGUINEA,2026-05-29,136072.0,136072.0,133419.0,134866.0,449,1832
2026-02-10,GOLDGUINEA,2026-06-30,138599.0,138648.0,136770.0,137627.0,243,1605
2026-02-10,GOLDGUINEA,2026-07-31,139762.0,140250.0,139050.0,139836.0,34,112
2026-02-10,GOLDM,2026-03-05,155990.0,156995.0,154610.0,154920.0,41033,44481
2026-02-10,GOLDM,2026-04-03,157947.0,158969.0,156621.0,156942.0,12019,11120
2026-02-10,GOLDM,2026-05-05,159207.0,160726.0,158501.0,158814.0,1378,3598
2026-02-10,GOLDM,2026-06-05,158102.0,162695.0,158102.0,160782.0,664,1833
2026-02-10,GOLDM,2026-07-03,163500.0,164990.0,162987.0,163336.0,152,940
2026-02-10,GOLDM,2026-08-05,165000.0,165485.0,164550.0,164991.0,8,9
2026-02-10,GOLDPETAL,2026-02-27,16129.0,16248.0,15960.0,16056.0,237790,204011
2026-02-10,GOLDPETAL,2026-03-31,16401.0,16500.0,16272.0,16329.0,113009,108978
2026-02-10,GOLDPETAL,2026-04-30,16635.0,16741.0,16520.0,16586.0,38475,64195
2026-02-10,GOLDPETAL,2026-05-29,16915.0,17034.0,16790.0,16882.0,10590,19621
2026-02-10,GOLDPETAL,2026-06-30,17200.0,17300.0,17021.0,17161.0,7855,24491
2026-02-10,GOLDPETAL,2026-07-31,17548.0,17548.0,17313.0,17399.0,1355,3494
2026-02-10,GOLDTEN,2026-02-27,158650.0,159971.0,157500.0,157951.0,23130,28578
2026-02-10,GOLDTEN,2026-03-31,161543.0,162616.0,160050.0,160517.0,10278,13516
2026-02-10,GOLDTEN,2026-04-30,164074.0,165000.0,162301.0,163085.0,4807,7755
2026-02-10,GOLDTEN,2026-05-29,166634.0,167312.0,165213.0,165740.0,822,2914
2026-02-10,GOLDTEN,2026-06-30,168107.0,169814.0,167959.0,168575.0,372,1701
2026-02-10,GOLDTEN,2026-07-31,170003.0,171818.0,169854.0,171063.0,55,121
2026-02-11,GOLDGUINEA,2026-02-27,129700.0,130342.0,128601.0,129227.0,13228,14705
2026-02-11,GOLDGUINEA,2026-03-31,129600.0,132180.0,129600.0,131503.0,5879,8979
2026-02-11,GOLDGUINEA,2026-04-30,133446.0,133900.0,132762.0,133509.0,1810,3994
2026-02-11,GOLDGUINEA,2026-05-29,135488.0,135999.0,135001.0,135662.0,673,1824
2026-02-11,GOLDGUINEA,2026-06-30,138524.0,138599.0,137250.0,138018.0,480,1724
2026-02-11,GOLDGUINEA,2026-07-31,140200.0,141269.0,139001.0,140022.0,87,132
2026-02-11,GOLDM,2026-03-05,155900.0,157879.0,155500.0,156585.0,50339,44836
2026-02-11,GOLDM,2026-04-03,158999.0,160160.0,157566.0,158851.0,15920,11452
2026-02-11,GOLDM,2026-05-05,160014.0,161701.0,159450.0,160627.0,2117,3674
2026-02-11,GOLDM,2026-06-05,162183.0,163814.0,161505.0,162532.0,898,1953
2026-02-11,GOLDM,2026-07-03,164434.0,165999.0,163853.0,165044.0,222,933
2026-02-11,GOLDM,2026-08-05,166237.0,167244.0,166237.0,166803.0,8,10
2026-02-11,GOLDPETAL,2026-02-27,16097.0,16295.0,16097.0,16178.0,209702,202044
2026-02-11,GOLDPETAL,2026-03-31,16436.0,16541.0,16372.0,16456.0,103706,107283
2026-02-11,GOLDPETAL,2026-04-30,16678.0,16788.0,16610.0,16721.0,48473,67762
2026-02-11,GOLDPETAL,2026-05-29,16966.0,17074.0,16902.0,16995.0,12128,20024
2026-02-11,GOLDPETAL,2026-06-30,17228.0,17300.0,17165.0,17218.0,8514,25505
2026-02-11,GOLDPETAL,2026-07-31,17482.0,17558.0,17400.0,17439.0,2263,4298
2026-02-11,GOLDTEN,2026-02-27,158532.0,160350.0,158323.0,159234.0,22219,28176
2026-02-11,GOLDTEN,2026-03-31,161931.0,162999.0,161015.0,162098.0,11971,13739
2026-02-11,GOLDTEN,2026-04-30,164248.0,165480.0,163629.0,164618.0,3952,7810
2026-02-11,GOLDTEN,2026-05-29,166910.0,168244.0,166000.0,167109.0,1138,2849
2026-02-11,GOLDTEN,2026-06-30,169639.0,170773.0,168851.0,170148.0,667,1870
2026-02-11,GOLDTEN,2026-07-31,171900.0,172990.0,171118.0,172210.0,86,121
2026-02-12,GOLDGUINEA,2026-02-27,129200.0,129427.0,124000.0,124977.0,17011,15374
2026-02-12,GOLDGUINEA,2026-03-31,132485.0,132485.0,126527.0,127496.0,8674,9586
2026-02-12,GOLDGUINEA,2026-04-30,133109.0,133650.0,128232.0,129603.0,2672,4342
2026-02-12,GOLDGUINEA,2026-05-29,134811.0,135907.0,130795.0,131846.0,789,1840
2026-02-12,GOLDGUINEA,2026-06-30,137250.0,138148.0,133543.0,134629.0,350,1736
2026-02-12,GOLDGUINEA,2026-07-31,139741.0,140219.0,135788.0,136378.0,91,139
2026-02-12,GOLDM,2026-03-05,156201.0,156625.0,149028.0,150688.0,54661,46625
2026-02-12,GOLDM,2026-04-03,158603.0,158840.0,152105.0,152907.0,18181,12031
2026-02-12,GOLDM,2026-05-05,160180.0,160555.0,154135.0,154826.0,2870,3915
2026-02-12,GOLDM,2026-06-05,161953.0,162619.0,156766.0,157378.0,1097,1968
2026-02-12,GOLDM,2026-07-03,164225.0,165000.0,159208.0,159860.0,270,934
2026-02-12,GOLDM,2026-08-05,166895.0,166899.0,162133.0,164566.0,13,16
2026-02-12,GOLDPETAL,2026-02-27,16235.0,16240.0,15526.0,15678.0,253869,204049
2026-02-12,GOLDPETAL,2026-03-31,16405.0,16479.0,15877.0,15971.0,141186,112481
2026-02-12,GOLDPETAL,2026-04-30,16762.0,16798.0,16150.0,16214.0,53901,69889
2026-02-12,GOLDPETAL,2026-05-29,17075.0,17076.0,16436.0,16496.0,15681,21583
2026-02-12,GOLDPETAL,2026-06-30,17261.0,17265.0,16702.0,16780.0,8726,25921
2026-02-12,GOLDPETAL,2026-07-31,17442.0,17494.0,16916.0,17029.0,1941,4424
2026-02-12,GOLDTEN,2026-02-27,159079.0,159480.0,153031.0,153663.0,26316,29825
2026-02-12,GOLDTEN,2026-03-31,161661.0,162550.0,156000.0,156525.0,14299,15253
2026-02-12,GOLDTEN,2026-04-30,164101.0,164839.0,158788.0,159350.0,5016,8192
2026-02-12,GOLDTEN,2026-05-29,166751.0,167316.0,161386.0,161920.0,1430,2794
2026-02-12,GOLDTEN,2026-06-30,169336.0,170220.0,164250.0,164847.0,660,1876
2026-02-12,GOLDTEN,2026-07-31,172072.0,172962.0,167044.0,167577.0,133,132
2026-02-13,GOLDGUINEA,2026-02-27,125999.0,127215.0,125001.0,126894.0,14963,14615
2026-02-13,GOLDGUINEA,2026-03-31,129299.0,129300.0,127350.0,128885.0,7650,9504
2026-02-13,GOLDGUINEA,2026-04-30,130510.0,131619.0,129500.0,131005.0,2065,4385
2026-02-13,GOLDGUINEA,2026-05-29,132914.0,133449.0,131614.0,132977.0,697,1820
2026-02-13,GOLDGUINEA,2026-06-30,136279.0,136412.0,133201.0,134711.0,378,1824
2026-02-13,GOLDGUINEA,2026-07-31,137910.0,138598.0,135951.0,136924.0,73,149
2026-02-13,GOLDM,2026-03-05,152588.0,154200.0,151266.0,153871.0,46178,43471
2026-02-13,GOLDM,2026-04-03,154738.0,156299.0,153320.0,155928.0,12777,12209
2026-02-13,GOLDM,2026-05-05,156991.0,158071.0,155082.0,157638.0,1984,4113
2026-02-13,GOLDM,2026-06-05,159000.0,160435.0,157424.0,160031.0,819,1980
2026-02-13,GOLDM,2026-07-03,161915.0,162500.0,159752.0,162163.0,182,979
2026-02-13,GOLDM,2026-08-05,163953.0,164535.0,162890.0,163322.0,15,24
2026-02-13,GOLDPETAL,2026-02-27,15779.0,15935.0,15670.0,15898.0,201700,192490
2026-02-13,GOLDPETAL,2026-03-31,16116.0,16190.0,15932.0,16153.0,100954,111480
2026-02-13,GOLDPETAL,2026-04-30,16340.0,16420.0,16180.0,16392.0,36990,70847
2026-02-13,GOLDPETAL,2026-05-29,16632.0,16723.0,16450.0,16640.0,9828,21530
2026-02-13,GOLDPETAL,2026-06-30,16942.0,16966.0,16680.0,16853.0,7366,26017
2026-02-13,GOLDPETAL,2026-07-31,17144.0,17238.0,16819.0,17093.0,1749,4496
2026-02-13,GOLDTEN,2026-02-27,154871.0,156490.0,153889.0,156122.0,20497,29234
2026-02-13,GOLDTEN,2026-03-31,158353.0,159000.0,156773.0,158761.0,9892,15044
2026-02-13,GOLDTEN,2026-04-30,161038.0,161839.0,159317.0,161116.0,3687,8257
2026-02-13,GOLDTEN,2026-05-29,164149.0,164428.0,162279.0,164214.0,1040,2801
2026-02-13,GOLDTEN,2026-06-30,167316.0,167850.0,165269.0,167352.0,623,2096
2026-02-13,GOLDTEN,2026-07-31,169113.0,170070.0,167616.0,169725.0,60,149
2026-02-16,GOLDGUINEA,2026-02-27,125742.0,126665.0,125200.0,126083.0,7714,14574
2026-02-16,GOLDGUINEA,2026-03-31,127886.0,128800.0,127465.0,128111.0,4116,9591
2026-02-16,GOLDGUINEA,2026-04-30,130511.0,130922.0,129555.0,129901.0,1268,4637
2026-02-16,GOLDGUINEA,2026-05-29,132139.0,133154.0,131555.0,132033.0,432,1865
2026-02-16,GOLDGUINEA,2026-06-30,134400.0,135700.0,133469.0,134443.0,192,1799
2026-02-16,GOLDGUINEA,2026-07-31,136102.0,136982.0,135302.0,136514.0,31,151
2026-02-16,GOLDM,2026-03-05,153200.0,153680.0,152092.0,152877.0,24888,42284
2026-02-16,GOLDM,2026-04-03,154315.0,155647.0,154010.0,154769.0,8122,12648
2026-02-16,GOLDM,2026-05-05,156816.0,157387.0,155853.0,156484.0,905,4209
2026-02-16,GOLDM,2026-06-05,160459.0,160459.0,158107.0,158687.0,388,1997
2026-02-16,GOLDM,2026-07-03,160801.0,161731.0,160392.0,161066.0,118,965
2026-02-16,GOLDM,2026-08-05,164045.0,164045.0,162949.0,163287.0,15,25
2026-02-16,GOLDPETAL,2026-02-27,15898.0,15898.0,15736.0,15828.0,117464,187322
2026-02-16,GOLDPETAL,2026-03-31,16136.0,16148.0,16000.0,16067.0,55667,118102
2026-02-16,GOLDPETAL,2026-04-30,16266.0,16413.0,16236.0,16321.0,22374,73040
2026-02-16,GOLDPETAL,2026-05-29,16517.0,16625.0,16494.0,16557.0,7433,22438
2026-02-16,GOLDPETAL,2026-06-30,16719.0,16870.0,16718.0,16837.0,4280,26390
2026-02-16,GOLDPETAL,2026-07-31,17032.0,17159.0,16953.0,17042.0,710,4517
2026-02-16,GOLDTEN,2026-02-27,154561.0,155900.0,154401.0,155220.0,11237,29429
2026-02-16,GOLDTEN,2026-03-31,157173.0,158441.0,157000.0,157615.0,7663,15715
2026-02-16,GOLDTEN,2026-04-30,160100.0,160901.0,159510.0,159845.0,2305,8682
2026-02-16,GOLDTEN,2026-05-29,163122.0,163899.0,162649.0,162930.0,590,2867
2026-02-16,GOLDTEN,2026-06-30,166021.0,166830.0,165700.0,165862.0,347,2203
2026-02-16,GOLDTEN,2026-07-31,168396.0,169226.0,168055.0,168510.0,39,152
2026-02-17,GOLDGUINEA,2026-02-27,125501.0,125656.0,123600.0,123958.0,11443,14188
2026-02-17,GOLDGUINEA,2026-03-31,127806.0,127807.0,125001.0,125174.0,7292,10353
2026-02-17,GOLDGUINEA,2026-04-30,129096.0,129428.0,126555.0,126737.0,2353,4692
2026-02-17,GOLDGUINEA,2026-05-29,131190.0,131694.0,128588.0,128905.0,791,1917
2026-02-17,GOLDGUINEA,2026-06-30,133481.0,133883.0,130410.0,130943.0,377,1801
2026-02-17,GOLDGUINEA,2026-07-31,135149.0,135836.0,132578.0,132915.0,66,165
2026-02-17,GOLDM,2026-03-05,151900.0,152309.0,148678.0,149491.0,47633,40270
2026-02-17,GOLDM,2026-04-03,154253.0,154253.0,150800.0,151417.0,16409,13029
2026-02-17,GOLDM,2026-05-05,155568.0,155829.0,152500.0,153061.0,2109,4392
2026-02-17,GOLDM,2026-06-05,157651.0,158048.0,154500.0,155069.0,1540,2074
2026-02-17,GOLDM,2026-07-03,160066.0,160066.0,156900.0,157249.0,222,1013
2026-02-17,GOLDM,2026-08-05,162106.0,162106.0,160650.0,161693.0,7,22
2026-02-17,GOLDPETAL,2026-02-27,15780.0,15780.0,15441.0,15473.0,201076,179483
2026-02-17,GOLDPETAL,2026-03-31,16004.0,16024.0,15666.0,15704.0,133632,125760
2026-02-17,GOLDPETAL,2026-04-30,16275.0,16275.0,15888.0,15916.0,49394,73580
2026-02-17,GOLDPETAL,2026-05-29,16495.0,16515.0,16133.0,16156.0,17728,22664
2026-02-17,GOLDPETAL,2026-06-30,16746.0,16772.0,16337.0,16371.0,10369,26640
2026-02-17,GOLDPETAL,2026-07-31,16955.0,17038.0,16551.0,16592.0,1869,4616
2026-02-17,GOLDTEN,2026-02-27,154529.0,154724.0,151080.0,151517.0,22093,28587
2026-02-17,GOLDTEN,2026-03-31,156500.0,157122.0,153500.0,153764.0,16978,17807
2026-02-17,GOLDTEN,2026-04-30,159500.0,159500.0,155858.0,156121.0,4615,9106
2026-02-17,GOLDTEN,2026-05-29,160511.0,162600.0,158468.0,158778.0,1901,3007
2026-02-17,GOLDTEN,2026-06-30,165380.0,165380.0,161001.0,161299.0,1138,2413
2026-02-17,GOLDTEN,2026-07-31,167705.0,167705.0,163500.0,163799.0,187,182
2026-02-18,GOLDGUINEA,2026-02-27,124748.0,127500.0,124550.0,127314.0,11805,12748
2026-02-18,GOLDGUINEA,2026-03-31,125674.0,128929.0,125674.0,128658.0,7829,9727
2026-02-18,GOLDGUINEA,2026-04-30,127829.0,130326.0,127611.0,129884.0,2122,4738
2026-02-18,GOLDGUINEA,2026-05-29,129860.0,132155.0,129592.0,131576.0,567,1993
2026-02-18,GOLDGUINEA,2026-06-30,132228.0,134100.0,131500.0,133729.0,182,1804
2026-02-18,GOLDGUINEA,2026-07-31,134006.0,135855.0,133199.0,135453.0,71,168
2026-02-18,GOLDM,2026-03-05,150104.0,154066.0,150104.0,153595.0,37498,39413
2026-02-18,GOLDM,2026-04-03,152300.0,156449.0,152300.0,155770.0,14310,13719
2026-02-18,GOLDM,2026-05-05,154250.0,157890.0,154000.0,157329.0,1738,4605
2026-02-18,GOLDM,2026-06-05,156619.0,159674.0,155951.0,159242.0,1024,2159
2026-02-18,GOLDM,2026-07-03,158550.0,161597.0,158000.0,161239.0,179,1004
2026-02-18,GOLDM,2026-08-05,161862.0,163642.0,160084.0,163076.0,66,67
2026-02-18,GOLDPETAL,2026-02-27,15525.0,15930.0,15513.0,15897.0,174387,159208
2026-02-18,GOLDPETAL,2026-03-31,15749.0,16170.0,15749.0,16147.0,113504,130518
2026-02-18,GOLDPETAL,2026-04-30,15968.0,16359.0,15963.0,16323.0,39442,73293
2026-02-18,GOLDPETAL,2026-05-29,16221.0,16553.0,16221.0,16520.0,12861,22957
2026-02-18,GOLDPETAL,2026-06-30,16446.0,16810.0,16446.0,16742.0,7873,26257
2026-02-18,GOLDPETAL,2026-07-31,16703.0,16951.0,16650.0,16923.0,1806,4912
2026-02-18,GOLDTEN,2026-02-27,152624.0,155900.0,152336.0,155424.0,16808,27379
2026-02-18,GOLDTEN,2026-03-31,154618.0,158000.0,154068.0,157712.0,13337,17960
2026-02-18,GOLDTEN,2026-04-30,157300.0,159612.0,156837.0,159040.0,4542,9676
2026-02-18,GOLDTEN,2026-05-29,160203.0,161996.0,159377.0,161259.0,1780,3089
2026-02-18,GOLDTEN,2026-06-30,162664.0,164108.0,161743.0,163570.0,818,2455
2026-02-18,GOLDTEN,2026-07-31,165021.0,166657.0,163723.0,165475.0,163,238
2026-02-19,GOLDGUINEA,2026-02-27,126699.0,127721.0,125618.0,126124.0,14025,12721
2026-02-19,GOLDGUINEA,2026-03-31,127999.0,129800.0,127758.0,128141.0,9113,10812
2026-02-19,GOLDGUINEA,2026-04-30,129361.0,131279.0,128668.0,129830.0,3388,4789
2026-02-19,GOLDGUINEA,2026-05-29,130643.0,133187.0,130466.0,131555.0,1011,1989
2026-02-19,GOLDGUINEA,2026-06-30,133168.0,135396.0,133168.0,133921.0,447,1891
2026-02-19,GOLDGUINEA,2026-07-31,134756.0,136999.0,134756.0,135586.0,60,167
2026-02-19,GOLDM,2026-03-05,153413.0,155000.0,152327.0,153008.0,47912,40068
2026-02-19,GOLDM,2026-04-03,154651.0,157240.0,154575.0,154962.0,18967,15312
2026-02-19,GOLDM,2026-05-05,156774.0,158510.0,156000.0,156662.0,3313,5577
2026-02-19,GOLDM,2026-06-05,158880.0,160300.0,157663.0,158389.0,1095,2437
2026-02-19,GOLDM,2026-07-03,160881.0,162444.0,159816.0,160648.0,238,1024
2026-02-19,GOLDM,2026-08-05,163500.0,164215.0,161723.0,162764.0,54,76
2026-02-19,GOLDPETAL,2026-02-27,15850.0,16013.0,15765.0,15830.0,190809,148384
2026-02-19,GOLDPETAL,2026-03-31,16126.0,16270.0,16005.0,16053.0,161365,148765
2026-02-19,GOLDPETAL,2026-04-30,16275.0,16492.0,16223.0,16290.0,50321,75723
2026-02-19,GOLDPETAL,2026-05-29,16478.0,16704.0,16424.0,16504.0,16004,24109
2026-02-19,GOLDPETAL,2026-06-30,16691.0,17244.0,16630.0,16723.0,7677,26508
2026-02-19,GOLDPETAL,2026-07-31,16859.0,17230.0,16822.0,16878.0,2234,5072
2026-02-19,GOLDTEN,2026-02-27,154038.0,156730.0,154038.0,154774.0,17022,27368
2026-02-19,GOLDTEN,2026-03-31,157153.0,159000.0,156301.0,156935.0,19592,19251
2026-02-19,GOLDTEN,2026-04-30,158301.0,160612.0,158141.0,158665.0,5252,9529
2026-02-19,GOLDTEN,2026-05-29,160728.0,162254.0,160067.0,160484.0,2807,3597
2026-02-19,GOLDTEN,2026-06-30,163250.0,164656.0,162716.0,163264.0,788,2500
2026-02-19,GOLDTEN,2026-07-31,165346.0,166858.0,165100.0,165726.0,132,223
2026-02-20,GOLDGUINEA,2026-02-27,126301.0,127289.0,125900.0,126652.0,8862,12626
2026-02-20,GOLDGUINEA,2026-03-31,129486.0,129486.0,128050.0,128839.0,7719,11769
2026-02-20,GOLDGUINEA,2026-04-30,130709.0,130950.0,129306.0,130729.0,2428,5063
2026-02-20,GOLDGUINEA,2026-05-29,131934.0,132953.0,131440.0,132599.0,661,1990
2026-02-20,GOLDGUINEA,2026-06-30,133924.0,134961.0,132864.0,134762.0,361,1950
2026-02-20,GOLDGUINEA,2026-07-31,135893.0,136450.0,135206.0,135807.0,30,175
2026-02-20,GOLDM,2026-03-05,153282.0,155193.0,153016.0,154603.0,45863,40258
2026-02-20,GOLDM,2026-04-03,155330.0,157450.0,155038.0,156964.0,17814,16370
2026-02-20,GOLDM,2026-05-05,156901.0,159056.0,156688.0,158637.0,2560,5954
2026-02-20,GOLDM,2026-06-05,158739.0,160549.0,158500.0,160364.0,1647,2620
2026-02-20,GOLDM,2026-07-03,161795.0,162500.0,160661.0,162326.0,395,1065
2026-02-20,GOLDM,2026-08-05,162434.0,164435.0,162434.0,163956.0,29,74
2026-02-20,GOLDPETAL,2026-02-27,15899.0,15981.0,15830.0,15912.0,141195,135911
2026-02-20,GOLDPETAL,2026-03-31,16100.0,16200.0,16051.0,16152.0,138749,152375
2026-02-20,GOLDPETAL,2026-04-30,16325.0,16425.0,16295.0,16379.0,45539,77132
2026-02-20,GOLDPETAL,2026-05-29,16554.0,16650.0,16511.0,16597.0,13522,24380
2026-02-20,GOLDPETAL,2026-06-30,16760.0,16898.0,16714.0,16833.0,5468,26844
2026-02-20,GOLDPETAL,2026-07-31,16930.0,17049.0,16892.0,17017.0,1101,5347
2026-02-20,GOLDTEN,2026-02-27,155552.0,156200.0,154450.0,155553.0,15495,26097
2026-02-20,GOLDTEN,2026-03-31,157220.0,158650.0,157000.0,158207.0,17296,20306
2026-02-20,GOLDTEN,2026-04-30,158919.0,160699.0,158800.0,160487.0,4298,9734
2026-02-20,GOLDTEN,2026-05-29,160925.0,162437.0,160501.0,162247.0,2284,3498
2026-02-20,GOLDTEN,2026-06-30,163869.0,165078.0,163118.0,164303.0,888,2503
2026-02-20,GOLDTEN,2026-07-31,165746.0,167500.0,165594.0,166505.0,127,262
2026-02-23,GOLDGUINEA,2026-02-27,128000.0,129200.0,127500.0,128976.0,6941,10602
2026-02-23,GOLDGUINEA,2026-03-31,129979.0,131760.0,129979.0,131479.0,12110,13489
2026-02-23,GOLDGUINEA,2026-04-30,131969.0,133850.0,131929.0,133685.0,3525,5228
2026-02-23,GOLDGUINEA,2026-05-29,134500.0,136247.0,133888.0,135986.0,1106,1959
2026-02-23,GOLDGUINEA,2026-06-30,136208.0,138699.0,136000.0,138456.0,930,2135
2026-02-23,GOLDGUINEA,2026-07-31,138222.0,140998.0,137582.0,140370.0,151,177
2026-02-23,GOLDM,2026-03-05,155770.0,159579.0,155770.0,159285.0,44890,40034
2026-02-23,GOLDM,2026-04-03,158300.0,162072.0,158300.0,161736.0,26162,19614
2026-02-23,GOLDM,2026-05-05,160700.0,163688.0,160666.0,163571.0,4214,6513
2026-02-23,GOLDM,2026-06-05,162070.0,165159.0,162070.0,165026.0,2109,3331
2026-02-23,GOLDM,2026-07-03,164318.0,167148.0,164169.0,166985.0,435,1079
2026-02-23,GOLDM,2026-08-05,167296.0,168868.0,165720.0,168646.0,160,133
2026-02-23,GOLDPETAL,2026-02-27,16090.0,16389.0,16051.0,16249.0,142332,101474
2026-02-23,GOLDPETAL,2026-03-31,16199.0,16521.0,16199.0,16501.0,188109,165663
2026-02-23,GOLDPETAL,2026-04-30,16436.0,16760.0,16436.0,16747.0,63564,77731
2026-02-23,GOLDPETAL,2026-05-29,16691.0,17050.0,16650.0,17026.0,21553,24016
2026-02-23,GOLDPETAL,2026-06-30,16935.0,17295.0,16935.0,17274.0,12238,26856
2026-02-23,GOLDPETAL,2026-07-31,17050.0,17559.0,17050.0,17524.0,3856,5361
2026-02-23,GOLDTEN,2026-02-27,157627.0,159369.0,156736.0,159096.0,20788,22936
2026-02-23,GOLDTEN,2026-03-31,158990.0,162300.0,158990.0,162166.0,29590,24530
2026-02-23,GOLDTEN,2026-04-30,161851.0,164976.0,161346.0,164666.0,8322,10804
2026-02-23,GOLDTEN,2026-05-29,164760.0,166973.0,164000.0,166553.0,3100,3649
2026-02-23,GOLDTEN,2026-06-30,167067.0,168323.0,166200.0,167837.0,1659,2269
2026-02-23,GOLDTEN,2026-07-31,169745.0,170000.0,167700.0,169752.0,203,254
2026-02-24,GOLDGUINEA,2026-02-27,128700.0,128976.0,127001.0,128670.0,7394,6983
2026-02-24,GOLDGUINEA,2026-03-31,130999.0,131206.0,129421.0,130516.0,14548,14965
2026-02-24,GOLDGUINEA,2026-04-30,133079.0,133497.0,131681.0,132835.0,3623,5607
2026-02-24,GOLDGUINEA,2026-05-29,135748.0,135916.0,133900.0,134962.0,1499,2168
2026-02-24,GOLDGUINEA,2026-06-30,137881.0,138250.0,135980.0,137136.0,1334,2196
2026-02-24,GOLDGUINEA,2026-07-31,139857.0,140598.0,137902.0,138961.0,202,215
2026-02-24,GOLDM,2026-03-05,158763.0,158992.0,155693.0,157591.0,39753,38514
2026-02-24,GOLDM,2026-04-03,161373.0,161373.0,158366.0,160069.0,23580,22011
2026-02-24,GOLDM,2026-05-05,162992.0,163249.0,160456.0,162202.0,3625,7013
2026-02-24,GOLDM,2026-06-05,164976.0,164976.0,162153.0,163913.0,2032,3995
2026-02-24,GOLDM,2026-07-03,166506.0,166900.0,164107.0,165761.0,297,1113
2026-02-24,GOLDM,2026-08-05,169332.0,169332.0,166100.0,167927.0,64,142
2026-02-24,GOLDPETAL,2026-02-27,16250.0,16266.0,16060.0,16205.0,120875,45840
2026-02-24,GOLDPETAL,2026-03-31,16479.0,16489.0,16260.0,16407.0,234048,185735
2026-02-24,GOLDPETAL,2026-04-30,16726.0,16727.0,16500.0,16652.0,62378,82942
2026-02-24,GOLDPETAL,2026-05-29,16980.0,17013.0,16752.0,16896.0,20660,26444
2026-02-24,GOLDPETAL,2026-06-30,17232.0,17274.0,17009.0,17154.0,10578,27955
2026-02-24,GOLDPETAL,2026-07-31,17469.0,17490.0,17113.0,17376.0,3283,5315
2026-02-24,GOLDTEN,2026-02-27,158503.0,158900.0,156339.0,157946.0,15253,18123
2026-02-24,GOLDTEN,2026-03-31,161523.0,161880.0,158910.0,160545.0,29361,27915
2026-02-24,GOLDTEN,2026-04-30,164349.0,164666.0,161678.0,163386.0,7217,11787
2026-02-24,GOLDTEN,2026-05-29,166246.0,166290.0,163801.0,165469.0,2338,4110
2026-02-24,GOLDTEN,2026-06-30,166970.0,167804.0,164931.0,167078.0,822,2236
2026-02-24,GOLDTEN,2026-07-31,168883.0,169777.0,167100.0,168584.0,187,265
2026-02-25,GOLDGUINEA,2026-02-27,129533.0,129686.0,128000.0,128672.0,3555,4469
2026-02-25,GOLDGUINEA,2026-03-31,130649.0,131249.0,130400.0,130781.0,12843,15290
2026-02-25,GOLDGUINEA,2026-04-30,133059.0,133800.0,132011.0,132793.0,2585,5926
2026-02-25,GOLDGUINEA,2026-05-29,135150.0,135733.0,133682.0,135016.0,950,2238
2026-02-25,GOLDGUINEA,2026-06-30,137901.0,137901.0,136312.0,136981.0,764,2198
2026-02-25,GOLDGUINEA,2026-07-31,139956.0,139956.0,138790.0,139231.0,55,221
2026-02-25,GOLDM,2026-03-05,158391.0,159245.0,157750.0,158918.0,35506,36288
2026-02-25,GOLDM,2026-04-03,161000.0,161700.0,158994.0,161171.0,23520,23334
2026-02-25,GOLDM,2026-05-05,161743.0,163484.0,161743.0,162920.0,4240,8186
2026-02-25,GOLDM,2026-06-05,164645.0,165130.0,163515.0,164645.0,2479,5472
2026-02-25,GOLDM,2026-07-03,166505.0,167030.0,165578.0,166424.0,238,1142
2026-02-25,GOLDM,2026-08-05,168703.0,169146.0,167563.0,168676.0,90,181
2026-02-25,GOLDPETAL,2026-02-27,16279.0,16310.0,16202.0,16276.0,25398,33048
2026-02-25,GOLDPETAL,2026-03-31,16440.0,16501.0,16415.0,16460.0,188213,193590
2026-02-25,GOLDPETAL,2026-04-30,16717.0,16750.0,16660.0,16708.0,59732,82938
2026-02-25,GOLDPETAL,2026-05-29,16982.0,16993.0,16910.0,16966.0,13975,26607
2026-02-25,GOLDPETAL,2026-06-30,17199.0,17252.0,17157.0,17219.0,7774,26961
2026-02-25,GOLDPETAL,2026-07-31,17442.0,17477.0,17360.0,17432.0,1738,5643
2026-02-25,GOLDTEN,2026-02-27,160200.0,160373.0,157025.0,158877.0,11339,14739
2026-02-25,GOLDTEN,2026-03-31,161399.0,162999.0,160700.0,161517.0,27168,29324
2026-02-25,GOLDTEN,2026-04-30,164553.0,164560.0,163233.0,163966.0,7746,11782
2026-02-25,GOLDTEN,2026-05-29,166499.0,166997.0,165241.0,166036.0,2597,4198
2026-02-25,GOLDTEN,2026-06-30,169849.0,169850.0,165962.0,168102.0,1416,2136
2026-02-25,GOLDTEN,2026-07-31,170060.0,170061.0,169001.0,169722.0,136,259
2026-02-26,GOLDGUINEA,2026-02-27,128952.0,129265.0,127017.0,127653.0,780,3312
2026-02-26,GOLDGUINEA,2026-03-31,130411.0,131220.0,129136.0,130058.0,10499,15285
2026-02-26,GOLDGUINEA,2026-04-30,132142.0,132726.0,131000.0,132072.0,3375,6038
2026-02-26,GOLDGUINEA,2026-05-29,134708.0,135294.0,132664.0,134048.0,1676,2433
2026-02-26,GOLDGUINEA,2026-06-30,136850.0,137235.0,135100.0,136517.0,642,2160
2026-02-26,GOLDGUINEA,2026-07-31,138967.0,139533.0,137021.0,138606.0,140,260
2026-02-26,GOLDM,2026-03-05,158427.0,158510.0,156068.0,157588.0,49177,32238
2026-02-26,GOLDM,2026-04-03,160993.0,160999.0,158470.0,159706.0,29057,27973
2026-02-26,GOLDM,2026-05-05,162729.0,162729.0,160632.0,161716.0,2866,8284
2026-02-26,GOLDM,2026-06-05,164500.0,164527.0,162404.0,163585.0,1008,5517
2026-02-26,GOLDM,2026-07-03,165920.0,166530.0,164500.0,165503.0,203,1151
2026-02-26,GOLDM,2026-08-05,168676.0,168676.0,166452.0,167433.0,84,209
2026-02-26,GOLDPETAL,2026-02-27,16314.0,16317.0,16031.0,16239.0,6302,17261
2026-02-26,GOLDPETAL,2026-03-31,16416.0,16450.0,16300.0,16393.0,198366,201915
2026-02-26,GOLDPETAL,2026-04-30,16690.0,16699.0,16536.0,16638.0,55801,88537
2026-02-26,GOLDPETAL,2026-05-29,16944.0,16949.0,16790.0,16898.0,14549,27910
2026-02-26,GOLDPETAL,2026-06-30,17199.0,17202.0,17040.0,17151.0,7034,27603
2026-02-26,GOLDPETAL,2026-07-31,17420.0,17448.0,17262.0,17372.0,2381,6151
2026-02-26,GOLDTEN,2026-02-27,158700.0,158986.0,157143.0,158633.0,288,2642
2026-02-26,GOLDTEN,2026-03-31,160998.0,161309.0,159250.0,160394.0,23987,28958
2026-02-26,GOLDTEN,2026-04-30,163195.0,163795.0,161751.0,162857.0,6339,12416
2026-02-26,GOLDTEN,2026-05-29,165598.0,165885.0,164000.0,165173.0,2014,4391
2026-02-26,GOLDTEN,2026-06-30,167741.0,167926.0,166567.0,167603.0,1186,2173
2026-02-26,GOLDTEN,2026-07-31,169263.0,169700.0,168276.0,169458.0,143,272
2026-02-27,GOLDGUINEA,2026-02-27,128101.0,130199.0,128101.0,129588.0,36,2088
2026-02-27,GOLDGUINEA,2026-03-31,130299.0,131800.0,130106.0,131649.0,12782,14347
2026-02-27,GOLDGUINEA,2026-04-30,132309.0,133500.0,132150.0,133406.0,3022,6044
2026-02-27,GOLDGUINEA,2026-05-29,134470.0,135498.0,134123.0,135354.0,688,2464
2026-02-27,GOLDGUINEA,2026-06-30,136805.0,137754.0,136527.0,137494.0,411,2170
2026-02-27,GOLDGUINEA,2026-07-31,139007.0,139843.0,138499.0,139507.0,96,262
2026-02-27,GOLDM,2026-03-05,158249.0,160110.0,157650.0,159694.0,24484,27905
2026-02-27,GOLDM,2026-04-03,159306.0,162528.0,159306.0,162036.0,35807,30964
2026-02-27,GOLDM,2026-05-05,162092.0,164361.0,161831.0,164003.0,3580,8477
2026-02-27,GOLDM,2026-06-05,163985.0,165999.0,163661.0,165568.0,1529,5665
2026-02-27,GOLDM,2026-07-03,166136.0,167924.0,165535.0,167603.0,426,1167
2026-02-27,GOLDM,2026-08-05,168106.0,170141.0,167637.0,169817.0,156,243
2026-02-27,GOLDPETAL,2026-02-27,16278.0,16399.0,16230.0,16248.0,428,5895
2026-02-27,GOLDPETAL,2026-03-31,16390.0,16571.0,16390.0,16546.0,206961,190439
2026-02-27,GOLDPETAL,2026-04-30,16664.0,16820.0,16643.0,16793.0,81130,85100
2026-02-27,GOLDPETAL,2026-05-29,16916.0,17082.0,16891.0,17037.0,19727,28451
2026-02-27,GOLDPETAL,2026-06-30,17113.0,17283.0,17113.0,17250.0,8692,27839
2026-02-27,GOLDPETAL,2026-07-31,17384.0,17485.0,17354.0,17451.0,3414,6633
2026-02-27,GOLDTEN,2026-02-27,159239.0,159500.0,158790.0,159018.0,66,1913
2026-02-27,GOLDTEN,2026-03-31,160599.0,162750.0,160506.0,162274.0,30524,28039
2026-02-27,GOLDTEN,2026-04-30,163164.0,164900.0,162923.0,164418.0,7426,12557
2026-02-27,GOLDTEN,2026-05-29,165653.0,167229.0,165250.0,166804.0,2535,3994
2026-02-27,GOLDTEN,2026-06-30,168025.0,169940.0,167767.0,169384.0,977,2126
2026-02-27,GOLDTEN,2026-07-31,169724.0,171999.0,169713.0,171484.0,174,289
2026-03-02,GOLDGUINEA,2026-03-31,131979.0,139000.0,131979.0,135773.0,36913,14249
2026-03-02,GOLDGUINEA,2026-04-30,133914.0,141410.0,133914.0,138109.0,15006,7490
2026-03-02,GOLDGUINEA,2026-05-29,135900.0,143470.0,135900.0,140377.0,4574,2624
2026-03-02,GOLDGUINEA,2026-06-30,137914.0,145138.0,137914.0,142869.0,2217,2209
2026-03-02,GOLDGUINEA,2026-07-31,141632.0,146712.0,140938.0,145070.0,580,306
2026-03-02,GOLDGUINEA,2026-08-31,143177.0,147500.0,143177.0,147267.0,44,13
2026-03-02,GOLDM,2026-03-05,160755.0,167447.0,160755.0,163559.0,26797,22413
2026-03-02,GOLDM,2026-04-03,162899.0,169950.0,162240.0,166096.0,97128,37797
2026-03-02,GOLDM,2026-05-05,164898.0,173843.0,164882.0,168392.0,13656,9542
2026-03-02,GOLDM,2026-06-05,166630.0,173920.0,166358.0,170315.0,5367,6170
2026-03-02,GOLDM,2026-07-03,168665.0,176199.0,168665.0,172751.0,1078,1285
2026-03-02,GOLDM,2026-08-05,171618.0,178502.0,171618.0,174916.0,500,397
2026-03-02,GOLDPETAL,2026-03-31,16615.0,17501.0,16615.0,17075.0,620656,202892
2026-03-02,GOLDPETAL,2026-04-30,16874.0,17800.0,16811.0,17343.0,268833,107903
2026-03-02,GOLDPETAL,2026-05-29,17105.0,18059.0,17089.0,17591.0,93887,45490
2026-03-02,GOLDPETAL,2026-06-30,17355.0,18280.0,17355.0,17886.0,35442,32256
2026-03-02,GOLDPETAL,2026-07-31,17684.0,18439.0,17684.0,18150.0,10171,7424
2026-03-02,GOLDPETAL,2026-08-31,17922.0,18750.0,17922.0,18511.0,3677,1852
2026-03-02,GOLDTEN,2026-03-31,162761.0,172000.0,162761.0,167092.0,73572,28397
2026-03-02,GOLDTEN,2026-04-30,164984.0,174283.0,164984.0,169744.0,27733,15322
2026-03-02,GOLDTEN,2026-05-29,168000.0,176000.0,168000.0,172620.0,9683,5573
2026-03-02,GOLDTEN,2026-06-30,169954.0,179500.0,169954.0,175496.0,3963,2970
2026-03-02,GOLDTEN,2026-07-31,176317.0,181750.0,176211.0,178027.0,920,453
2026-03-02,GOLDTEN,2026-08-31,,,,170445.0,0,0
2026-03-03,GOLDGUINEA,2026-03-31,133999.0,134945.0,128000.0,132701.0,32231,14540
2026-03-03,GOLDGUINEA,2026-04-30,137000.0,137000.0,131000.0,134701.0,10225,8143
2026-03-03,GOLDGUINEA,2026-05-29,138871.0,139005.0,134400.0,136763.0,3121,3235
2026-03-03,GOLDGUINEA,2026-06-30,141656.0,141656.0,134640.0,139233.0,1157,2298
2026-03-03,GOLDGUINEA,2026-07-31,141000.0,143498.0,138833.0,141484.0,207,360
2026-03-03,GOLDGUINEA,2026-08-31,142849.0,144883.0,142849.0,143486.0,16,11
2026-03-03,GOLDM,2026-03-05,159500.0,162400.0,156048.0,158973.0,5197,22048
2026-03-03,GOLDM,2026-04-03,164501.0,164940.0,157000.0,161142.0,84920,41364
2026-03-03,GOLDM,2026-05-05,166501.0,167247.0,158313.0,163525.0,11945,10051
2026-03-03,GOLDM,2026-06-05,166616.0,169000.0,162000.0,165380.0,3871,6728
2026-03-03,GOLDM,2026-07-03,167751.0,171152.0,165404.0,167386.0,754,1436
2026-03-03,GOLDM,2026-08-05,172001.0,173652.0,167495.0,169963.0,241,459
2026-03-03,GOLDPETAL,2026-03-31,16980.0,16980.0,16100.0,16643.0,439584,214805
2026-03-03,GOLDPETAL,2026-04-30,17140.0,17200.0,16311.0,16915.0,190259,114354
2026-03-03,GOLDPETAL,2026-05-29,17357.0,17437.0,16575.0,17155.0,44468,49224
2026-03-03,GOLDPETAL,2026-06-30,17650.0,17720.0,16813.0,17449.0,18781,33309
2026-03-03,GOLDPETAL,2026-07-31,17943.0,18015.0,17498.0,17692.0,4910,7638
2026-03-03,GOLDPETAL,2026-08-31,18311.0,18476.0,17723.0,17969.0,2478,2360
2026-03-03,GOLDTEN,2026-03-31,165206.0,166500.0,157067.0,162581.0,49216,30540
2026-03-03,GOLDTEN,2026-04-30,167706.0,168600.0,160000.0,165241.0,18029,17448
2026-03-03,GOLDTEN,2026-05-29,170485.0,171090.0,165500.0,167479.0,6401,7039
2026-03-03,GOLDTEN,2026-06-30,173386.0,173989.0,168070.0,170470.0,2603,3451
2026-03-03,GOLDTEN,2026-07-31,173523.0,177736.0,171164.0,173238.0,378,531
2026-03-03,GOLDTEN,2026-08-31,179113.0,179113.0,175407.0,177823.0,6,6
2026-03-04,GOLDGUINEA,2026-03-31,133500.0,134250.0,132800.0,132960.0,16378,14419
2026-03-04,GOLDGUINEA,2026-04-30,135501.0,136881.0,134800.0,134942.0,5522,8387
2026-03-04,GOLDGUINEA,2026-05-29,138099.0,138299.0,136751.0,136965.0,1352,3241
2026-03-04,GOLDGUINEA,2026-06-30,140435.0,140669.0,138800.0,139095.0,635,2343
2026-03-04,GOLDGUINEA,2026-07-31,142898.0,143637.0,141000.0,141760.0,117,383
2026-03-04,GOLDGUINEA,2026-08-31,145267.0,145267.0,143800.0,144593.0,9,16
2026-03-04,GOLDM,2026-03-05,161019.0,161867.0,159475.0,159606.0,1917,8797
2026-03-04,GOLDM,2026-04-03,163499.0,164068.0,161384.0,161678.0,53426,40578
2026-03-04,GOLDM,2026-05-05,164250.0,166333.0,163800.0,163996.0,6532,10084
2026-03-04,GOLDM,2026-06-05,167907.0,168071.0,165537.0,165830.0,1635,6787
2026-03-04,GOLDM,2026-07-03,170706.0,170706.0,167652.0,167915.0,296,1507
2026-03-04,GOLDM,2026-08-05,171650.0,172684.0,170190.0,170603.0,137,477
2026-03-04,GOLDPETAL,2026-03-31,16700.0,16900.0,16659.0,16692.0,259887,212281
2026-03-04,GOLDPETAL,2026-04-30,16958.0,17170.0,16925.0,16958.0,104565,116705
2026-03-04,GOLDPETAL,2026-05-29,17234.0,17391.0,17200.0,17216.0,28625,47270
2026-03-04,GOLDPETAL,2026-06-30,17543.0,17670.0,17461.0,17484.0,12680,35255
2026-03-04,GOLDPETAL,2026-07-31,17828.0,17950.0,17685.0,17716.0,3556,7805
2026-03-04,GOLDPETAL,2026-08-31,18123.0,18225.0,17980.0,17998.0,1123,2477
2026-03-04,GOLDTEN,2026-03-31,163688.0,165099.0,162800.0,163099.0,31936,29968
2026-03-04,GOLDTEN,2026-04-30,166993.0,167885.0,165500.0,165749.0,9961,18021
2026-03-04,GOLDTEN,2026-05-29,168466.0,170087.0,167562.0,168107.0,2868,7086
2026-03-04,GOLDTEN,2026-06-30,171999.0,172972.0,170252.0,170841.0,1675,3327
2026-03-04,GOLDTEN,2026-07-31,174681.0,175879.0,173645.0,173855.0,278,563
2026-03-04,GOLDTEN,2026-08-31,177821.0,180262.0,176045.0,176762.0,51,40
2026-03-05,GOLDGUINEA,2026-03-31,133279.0,133899.0,131151.0,131395.0,13197,15100
2026-03-05,GOLDGUINEA,2026-04-30,135380.0,136100.0,133335.0,133521.0,5240,8941
2026-03-05,GOLDGUINEA,2026-05-29,137501.0,137965.0,135460.0,135677.0,1258,3437
2026-03-05,GOLDGUINEA,2026-06-30,139605.0,140086.0,137799.0,138033.0,463,2401
2026-03-05,GOLDGUINEA,2026-07-31,142610.0,142610.0,140118.0,140229.0,106,415
2026-03-05,GOLDGUINEA,2026-08-31,143833.0,143833.0,142296.0,142906.0,13,20
2026-03-05,GOLDM,2026-03-05,160750.0,160750.0,157500.0,157932.0,354,412
2026-03-05,GOLDM,2026-04-03,164220.0,164221.0,159371.0,159813.0,50787,42794
2026-03-05,GOLDM,2026-05-05,165428.0,165584.0,161502.0,162131.0,6956,10385
2026-03-05,GOLDM,2026-06-05,166859.0,166995.0,163408.0,163973.0,2017,7378
2026-03-05,GOLDM,2026-07-03,169594.0,169594.0,165700.0,166057.0,317,1564
2026-03-05,GOLDM,2026-08-05,171536.0,171623.0,168100.0,168483.0,134,517
2026-03-05,GOLDPETAL,2026-03-31,16749.0,16840.0,16470.0,16499.0,278229,214155
2026-03-05,GOLDPETAL,2026-04-30,17053.0,17120.0,16740.0,16766.0,105260,127626
2026-03-05,GOLDPETAL,2026-05-29,17266.0,17340.0,16987.0,17021.0,27463,49220
2026-03-05,GOLDPETAL,2026-06-30,17626.0,17626.0,17266.0,17316.0,11586,36212
2026-03-05,GOLDPETAL,2026-07-31,17856.0,17874.0,17514.0,17594.0,3364,8189
2026-03-05,GOLDPETAL,2026-08-31,18139.0,18139.0,17775.0,17795.0,1133,2755
2026-03-05,GOLDTEN,2026-03-31,164699.0,164699.0,160700.0,161141.0,32820,31905
2026-03-05,GOLDTEN,2026-04-30,167110.0,167574.0,163277.0,163872.0,10623,19487
2026-03-05,GOLDTEN,2026-05-29,169413.0,169500.0,165255.0,165993.0,3377,7854
2026-03-05,GOLDTEN,2026-06-30,172174.0,172174.0,168456.0,168933.0,1345,3674
2026-03-05,GOLDTEN,2026-07-31,174682.0,174699.0,171132.0,171796.0,224,630
2026-03-05,GOLDTEN,2026-08-31,176906.0,176906.0,174000.0,174243.0,52,63
2026-03-06,GOLDGUINEA,2026-03-31,131999.0,132697.0,130650.0,132366.0,15005,15318
2026-03-06,GOLDGUINEA,2026-04-30,134009.0,134700.0,132300.0,134224.0,5090,8731
2026-03-06,GOLDGUINEA,2026-05-29,136518.0,137141.0,134512.0,136116.0,2041,3667
2026-03-06,GOLDGUINEA,2026-06-30,139136.0,139136.0,137000.0,138228.0,682,2455
2026-03-06,GOLDGUINEA,2026-07-31,141046.0,141182.0,139349.0,140394.0,161,481
2026-03-06,GOLDGUINEA,2026-08-31,142594.0,142594.0,141287.0,141611.0,16,20
2026-03-06,GOLDM,2026-04-03,160863.0,162575.0,159404.0,161734.0,49845,40989
2026-03-06,GOLDM,2026-05-05,163000.0,164600.0,161588.0,163822.0,6966,10478
2026-03-06,GOLDM,2026-06-05,165001.0,166741.0,163425.0,165724.0,1958,7390
2026-03-06,GOLDM,2026-07-03,167279.0,168599.0,165630.0,167722.0,304,1544
2026-03-06,GOLDM,2026-08-05,169593.0,170550.0,167869.0,169877.0,98,531
2026-03-06,GOLDM,2026-09-04,170900.0,172233.0,170354.0,171162.0,3,3
2026-03-06,GOLDPETAL,2026-03-31,16611.0,16719.0,16417.0,16647.0,267037,204687
2026-03-06,GOLDPETAL,2026-04-30,16892.0,16957.0,16668.0,16883.0,107419,126886
2026-03-06,GOLDPETAL,2026-05-29,17166.0,17180.0,16930.0,17116.0,25391,49011
2026-03-06,GOLDPETAL,2026-06-30,17442.0,17448.0,17190.0,17374.0,13186,35491
2026-03-06,GOLDPETAL,2026-07-31,17706.0,17706.0,17389.0,17597.0,3744,8661
2026-03-06,GOLDPETAL,2026-08-31,17940.0,17940.0,17600.0,17847.0,1403,3077
2026-03-06,GOLDTEN,2026-03-31,161499.0,163494.0,160506.0,162621.0,33147,30162
2026-03-06,GOLDTEN,2026-04-30,164350.0,165720.0,163100.0,165081.0,9330,19046
2026-03-06,GOLDTEN,2026-05-29,166501.0,168148.0,165318.0,167318.0,3095,7625
2026-03-06,GOLDTEN,2026-06-30,170097.0,170907.0,168194.0,170294.0,1209,3617
2026-03-06,GOLDTEN,2026-07-31,172730.0,173634.0,170938.0,172519.0,145,629
2026-03-06,GOLDTEN,2026-08-31,174900.0,175986.0,173269.0,175195.0,49,74
2026-03-09,GOLDGUINEA,2026-03-31,131783.0,131893.0,130667.0,131205.0,10770,15384
2026-03-09,GOLDGUINEA,2026-04-30,133088.0,133875.0,132615.0,133373.0,2894,8721
2026-03-09,GOLDGUINEA,2026-05-29,136116.0,136116.0,134701.0,135477.0,789,3676
2026-03-09,GOLDGUINEA,2026-06-30,137000.0,137850.0,136781.0,137532.0,328,2448
2026-03-09,GOLDGUINEA,2026-07-31,139577.0,140910.0,139249.0,139848.0,100,487
2026-03-09,GOLDGUINEA,2026-08-31,141127.0,141577.0,140835.0,141304.0,11,20
2026-03-09,GOLDM,2026-04-03,160489.0,161550.0,159400.0,160324.0,39210,41445
2026-03-09,GOLDM,2026-05-05,161400.0,163637.0,161400.0,162698.0,5209,10542
2026-03-09,GOLDM,2026-06-05,164001.0,165500.0,163903.0,164825.0,2074,7073
2026-03-09,GOLDM,2026-07-03,166020.0,167561.0,165977.0,167024.0,365,1479
2026-03-09,GOLDM,2026-08-05,168575.0,169584.0,168395.0,169122.0,125,543
2026-03-09,GOLDM,2026-09-04,171620.0,171838.0,171620.0,171726.0,3,4
2026-03-09,GOLDPETAL,2026-03-31,16600.0,16600.0,16443.0,16496.0,159418,203380
2026-03-09,GOLDPETAL,2026-04-30,16800.0,16833.0,16700.0,16752.0,61969,126424
2026-03-09,GOLDPETAL,2026-05-29,17145.0,17145.0,16934.0,17006.0,15361,49517
2026-03-09,GOLDPETAL,2026-06-30,17201.0,17320.0,17178.0,17282.0,5742,36179
2026-03-09,GOLDPETAL,2026-07-31,17485.0,17545.0,17401.0,17509.0,1782,8660
2026-03-09,GOLDPETAL,2026-08-31,17663.0,17769.0,17651.0,17738.0,763,3305
2026-03-09,GOLDTEN,2026-03-31,162001.0,162398.0,160621.0,161402.0,21327,29953
2026-03-09,GOLDTEN,2026-04-30,164450.0,164808.0,161865.0,163996.0,8420,19613
2026-03-09,GOLDTEN,2026-05-29,164790.0,167082.0,164789.0,166403.0,2017,7513
2026-03-09,GOLDTEN,2026-06-30,167556.0,169802.0,167555.0,169375.0,1262,3627
2026-03-09,GOLDTEN,2026-07-31,171112.0,172992.0,171111.0,172191.0,242,629
2026-03-09,GOLDTEN,2026-08-31,173444.0,174596.0,173444.0,174369.0,42,90
2026-03-10,GOLDGUINEA,2026-03-31,132200.0,133200.0,131626.0,132853.0,11473,15153
2026-03-10,GOLDGUINEA,2026-04-30,135373.0,135373.0,133751.0,134798.0,4513,8793
2026-03-10,GOLDGUINEA,2026-05-29,137509.0,137509.0,135666.0,136639.0,985,3681
2026-03-10,GOLDGUINEA,2026-06-30,138370.0,138977.0,137800.0,138582.0,390,2436
2026-03-10,GOLDGUINEA,2026-07-31,140527.0,141422.0,140107.0,141200.0,62,506
2026-03-10,GOLDGUINEA,2026-08-31,142464.0,143143.0,142193.0,142568.0,8,23
2026-03-10,GOLDM,2026-04-03,161800.0,163590.0,161301.0,163276.0,41895,40604
2026-03-10,GOLDM,2026-05-05,164487.0,165928.0,163589.0,165631.0,6330,10951
2026-03-10,GOLDM,2026-06-05,166147.0,167790.0,165612.0,167439.0,1701,7067
2026-03-10,GOLDM,2026-07-03,168178.0,169970.0,167889.0,169609.0,381,1437
2026-03-10,GOLDM,2026-08-05,170454.0,172104.0,170200.0,171729.0,156,530
2026-03-10,GOLDM,2026-09-04,173228.0,173937.0,172743.0,173807.0,20,23
2026-03-10,GOLDPETAL,2026-03-31,16601.0,16790.0,16554.0,16709.0,190692,200509
2026-03-10,GOLDPETAL,2026-04-30,16855.0,16994.0,16807.0,16945.0,79745,124951
2026-03-10,GOLDPETAL,2026-05-29,17128.0,17234.0,17047.0,17203.0,20235,48963
2026-03-10,GOLDPETAL,2026-06-30,17439.0,17475.0,17325.0,17445.0,8404,36058
2026-03-10,GOLDPETAL,2026-07-31,17612.0,17772.0,17537.0,17674.0,2435,8640
2026-03-10,GOLDPETAL,2026-08-31,17854.0,17977.0,17770.0,17913.0,1254,3579
2026-03-10,GOLDTEN,2026-03-31,163779.0,164000.0,162100.0,163778.0,24773,29142
2026-03-10,GOLDTEN,2026-04-30,166455.0,166628.0,164400.0,166300.0,9417,19435
2026-03-10,GOLDTEN,2026-05-29,167695.0,168848.0,166712.0,168504.0,2644,7455
2026-03-10,GOLDTEN,2026-06-30,170500.0,171875.0,169674.0,171465.0,1466,3605
2026-03-10,GOLDTEN,2026-07-31,173099.0,174216.0,172500.0,174010.0,118,629
2026-03-10,GOLDTEN,2026-08-31,175085.0,176800.0,174626.0,176555.0,75,102
2026-03-11,GOLDGUINEA,2026-03-31,132788.0,132789.0,131600.0,132021.0,7642,14773
2026-03-11,GOLDGUINEA,2026-04-30,134710.0,134818.0,133587.0,134112.0,2686,8812
2026-03-11,GOLDGUINEA,2026-05-29,136569.0,136676.0,135700.0,136298.0,591,3749
2026-03-11,GOLDGUINEA,2026-06-30,138658.0,138842.0,137871.0,138228.0,190,2427
2026-03-11,GOLDGUINEA,2026-07-31,141000.0,141000.0,140207.0,140574.0,48,533
2026-03-11,GOLDGUINEA,2026-08-31,142695.0,142695.0,141833.0,142361.0,9,24
2026-03-11,GOLDM,2026-04-03,162990.0,163123.0,161203.0,161779.0,29418,40263
2026-03-11,GOLDM,2026-05-05,165225.0,165450.0,163779.0,164190.0,4863,11354
2026-03-11,GOLDM,2026-06-05,167439.0,167439.0,165800.0,166274.0,1078,7051
2026-03-11,GOLDM,2026-07-03,169609.0,169609.0,168194.0,168535.0,267,1486
2026-03-11,GOLDM,2026-08-05,171598.0,171632.0,170500.0,170843.0,66,538
2026-03-11,GOLDM,2026-09-04,173225.0,173225.0,173225.0,173225.0,1,23
2026-03-11,GOLDPETAL,2026-03-31,16713.0,16729.0,16530.0,16598.0,122615,201213
2026-03-11,GOLDPETAL,2026-04-30,16939.0,16965.0,16790.0,16847.0,48179,126133
2026-03-11,GOLDPETAL,2026-05-29,17203.0,17212.0,17055.0,17107.0,14779,50157
2026-03-11,GOLDPETAL,2026-06-30,17496.0,17496.0,17315.0,17350.0,4840,37159
2026-03-11,GOLDPETAL,2026-07-31,17685.0,17697.0,17520.0,17553.0,2028,9615
2026-03-11,GOLDPETAL,2026-08-31,17927.0,17927.0,17741.0,17804.0,635,3703
2026-03-11,GOLDTEN,2026-03-31,163465.0,163800.0,162162.0,162563.0,16259,29238
2026-03-11,GOLDTEN,2026-04-30,166180.0,166188.0,164700.0,165218.0,6132,20027
2026-03-11,GOLDTEN,2026-05-29,168174.0,168458.0,167150.0,167638.0,1485,7561
2026-03-11,GOLDTEN,2026-06-30,171027.0,171316.0,169850.0,170268.0,806,3697
2026-03-11,GOLDTEN,2026-07-31,173493.0,173650.0,172500.0,172939.0,88,645
2026-03-11,GOLDTEN,2026-08-31,175736.0,175984.0,174101.0,174807.0,13,99
2026-03-12,GOLDGUINEA,2026-03-31,131989.0,132376.0,131123.0,131276.0,9392,14867
2026-03-12,GOLDGUINEA,2026-04-30,133618.0,134435.0,133233.0,133508.0,3654,9023
2026-03-12,GOLDGUINEA,2026-05-29,135910.0,136461.0,135489.0,135582.0,742,3930
2026-03-12,GOLDGUINEA,2026-06-30,137756.0,138643.0,137473.0,137775.0,334,2447
2026-03-12,GOLDGUINEA,2026-07-31,140008.0,140898.0,139402.0,139625.0,174,615
2026-03-12,GOLDGUINEA,2026-08-31,142075.0,143000.0,141378.0,141757.0,76,59
2026-03-12,GOLDM,2026-04-03,161112.0,162463.0,160250.0,160367.0,30218,41540
2026-03-12,GOLDM,2026-05-05,165199.0,165199.0,162821.0,162944.0,4839,12271
2026-03-12,GOLDM,2026-06-05,166054.0,166725.0,164659.0,164950.0,1121,7151
2026-03-12,GOLDM,2026-07-03,167969.0,168931.0,167210.0,167354.0,339,1549
2026-03-12,GOLDM,2026-08-05,170229.0,171131.0,169431.0,169636.0,64,557
2026-03-12,GOLDM,2026-09-04,171925.0,171925.0,171925.0,171925.0,1,24
2026-03-12,GOLDPETAL,2026-03-31,16592.0,16630.0,16481.0,16490.0,140535,209674
2026-03-12,GOLDPETAL,2026-04-30,16791.0,16898.0,16750.0,16759.0,66237,131664
2026-03-12,GOLDPETAL,2026-05-29,17049.0,17144.0,17020.0,17030.0,18858,51217
2026-03-12,GOLDPETAL,2026-06-30,17310.0,17385.0,17275.0,17282.0,6728,38185
2026-03-12,GOLDPETAL,2026-07-31,17539.0,17606.0,17462.0,17500.0,1921,9760
2026-03-12,GOLDPETAL,2026-08-31,17740.0,17850.0,17699.0,17713.0,834,4044
2026-03-12,GOLDTEN,2026-03-31,162399.0,162965.0,161200.0,161359.0,17814,30147
2026-03-12,GOLDTEN,2026-04-30,165000.0,165558.0,163801.0,163983.0,7668,20599
2026-03-12,GOLDTEN,2026-05-29,167251.0,167994.0,166326.0,166437.0,2183,7599
2026-03-12,GOLDTEN,2026-06-30,170164.0,170614.0,169016.0,169165.0,1125,3863
2026-03-12,GOLDTEN,2026-07-31,172373.0,172980.0,171700.0,171844.0,76,654
2026-03-12,GOLDTEN,2026-08-31,174347.0,175105.0,173892.0,174166.0,43,103
2026-03-13,GOLDGUINEA,2026-03-31,131459.0,131576.0,129150.0,129847.0,13817,14668
2026-03-13,GOLDGUINEA,2026-04-30,133338.0,133796.0,130508.0,132080.0,5612,9505
2026-03-13,GOLDGUINEA,2026-05-29,135798.0,135799.0,133400.0,134146.0,1383,4183
2026-03-13,GOLDGUINEA,2026-06-30,137405.0,137668.0,135259.0,136046.0,568,2518
2026-03-13,GOLDGUINEA,2026-07-31,139238.0,139781.0,137500.0,138367.0,101,619
2026-03-13,GOLDGUINEA,2026-08-31,141157.0,141380.0,139618.0,139944.0,53,88
2026-03-13,GOLDM,2026-04-03,160411.0,160749.0,157543.0,158527.0,40922,42600
2026-03-13,GOLDM,2026-05-05,163041.0,163221.0,160284.0,161181.0,8495,12385
2026-03-13,GOLDM,2026-06-05,165104.0,165320.0,162536.0,163337.0,2757,6345
2026-03-13,GOLDM,2026-07-03,167074.0,167626.0,164875.0,165830.0,446,1606
2026-03-13,GOLDM,2026-08-05,169486.0,169911.0,167320.0,167983.0,178,589
2026-03-13,GOLDM,2026-09-04,170023.0,170023.0,170023.0,170023.0,1,24
2026-03-13,GOLDPETAL,2026-03-31,16537.0,16540.0,16201.0,16291.0,202996,218436
2026-03-13,GOLDPETAL,2026-04-30,16825.0,16825.0,16474.0,16560.0,105736,132985
2026-03-13,GOLDPETAL,2026-05-29,17032.0,17035.0,16744.0,16831.0,28286,53738
2026-03-13,GOLDPETAL,2026-06-30,17286.0,17296.0,17005.0,17103.0,12078,39640
2026-03-13,GOLDPETAL,2026-07-31,17473.0,17507.0,17204.0,17306.0,3476,9673
2026-03-13,GOLDPETAL,2026-08-31,17900.0,17900.0,17343.0,17523.0,1616,4276
2026-03-13,GOLDTEN,2026-03-31,161979.0,161979.0,158676.0,159582.0,29585,31023
2026-03-13,GOLDTEN,2026-04-30,164467.0,164467.0,161432.0,162294.0,10899,21116
2026-03-13,GOLDTEN,2026-05-29,166383.0,166611.0,164010.0,164876.0,2700,8005
2026-03-13,GOLDTEN,2026-06-30,169017.0,169270.0,166700.0,167632.0,1529,4187
2026-03-13,GOLDTEN,2026-07-31,171621.0,171898.0,169416.0,170149.0,238,725
2026-03-13,GOLDTEN,2026-08-31,173566.0,173998.0,171704.0,172314.0,104,128
2026-03-16,GOLDGUINEA,2026-03-31,129200.0,129489.0,127001.0,127433.0,12525,14422
2026-03-16,GOLDGUINEA,2026-04-30,131301.0,131750.0,129071.0,129590.0,6094,10015
2026-03-16,GOLDGUINEA,2026-05-29,133501.0,133633.0,130333.0,131325.0,1935,4338
2026-03-16,GOLDGUINEA,2026-06-30,135277.0,135383.0,133005.0,133436.0,673,2549
2026-03-16,GOLDGUINEA,2026-07-31,136500.0,137340.0,134940.0,135485.0,214,649
2026-03-16,GOLDGUINEA,2026-08-31,138637.0,138882.0,136850.0,137528.0,62,82
2026-03-16,GOLDM,2026-04-03,158400.0,158400.0,154919.0,155755.0,46482,40208
2026-03-16,GOLDM,2026-05-05,160018.0,160167.0,157478.0,158290.0,10589,13195
2026-03-16,GOLDM,2026-06-05,162810.0,162810.0,159700.0,160525.0,2534,6473
2026-03-16,GOLDM,2026-07-03,164850.0,165500.0,162258.0,163049.0,554,1615
2026-03-16,GOLDM,2026-08-05,167219.0,167220.0,164563.0,165564.0,234,645
2026-03-16,GOLDM,2026-09-04,168070.0,169134.0,166663.0,168005.0,11,26
2026-03-16,GOLDPETAL,2026-03-31,16250.0,16250.0,15901.0,15981.0,254133,210090
2026-03-16,GOLDPETAL,2026-04-30,16519.0,16689.0,16180.0,16248.0,121999,138044
2026-03-16,GOLDPETAL,2026-05-29,16700.0,16831.0,16442.0,16518.0,29938,55539
2026-03-16,GOLDPETAL,2026-06-30,16850.0,17100.0,16690.0,16782.0,13715,40189
2026-03-16,GOLDPETAL,2026-07-31,17157.0,17276.0,16897.0,16971.0,3470,9662
2026-03-16,GOLDPETAL,2026-08-31,17400.0,17597.0,17092.0,17176.0,1905,4585
2026-03-16,GOLDTEN,2026-03-31,159002.0,159002.0,155700.0,156546.0,28536,29360
2026-03-16,GOLDTEN,2026-04-30,161921.0,162502.0,158500.0,159290.0,16397,21976
2026-03-16,GOLDTEN,2026-05-29,164250.0,164250.0,161000.0,161747.0,3825,8269
2026-03-16,GOLDTEN,2026-06-30,166966.0,166966.0,163786.0,164569.0,2363,4437
2026-03-16,GOLDTEN,2026-07-31,168648.0,168702.0,166223.0,166733.0,346,798
2026-03-16,GOLDTEN,2026-08-31,171515.0,172151.0,168000.0,168532.0,181,204
2026-03-17,GOLDGUINEA,2026-03-31,128200.0,128800.0,127250.0,127640.0,9219,14239
2026-03-17,GOLDGUINEA,2026-04-30,130000.0,130812.0,129215.0,129696.0,4118,10079
2026-03-17,GOLDGUINEA,2026-05-29,132224.0,132531.0,131000.0,131359.0,1373,4252
2026-03-17,GOLDGUINEA,2026-06-30,135008.0,135008.0,133029.0,133536.0,341,2540
2026-03-17,GOLDGUINEA,2026-07-31,136243.0,136700.0,135188.0,135528.0,119,659
2026-03-17,GOLDGUINEA,2026-08-31,138062.0,139000.0,137193.0,137503.0,100,118
2026-03-17,GOLDM,2026-04-03,156606.0,157600.0,155144.0,156030.0,30837,39907
2026-03-17,GOLDM,2026-05-05,159399.0,160153.0,157634.0,158500.0,6362,13815
2026-03-17,GOLDM,2026-06-05,161787.0,162395.0,160036.0,160831.0,1750,6489
2026-03-17,GOLDM,2026-07-03,163945.0,164832.0,162664.0,163327.0,224,1626
2026-03-17,GOLDM,2026-08-05,166926.0,167340.0,164978.0,165678.0,153,674
2026-03-17,GOLDM,2026-09-04,168005.0,168005.0,168005.0,168005.0,1,26
2026-03-17,GOLDPETAL,2026-03-31,16018.0,16150.0,15931.0,16003.0,153052,209792
2026-03-17,GOLDPETAL,2026-04-30,16318.0,16404.0,16205.0,16270.0,81648,140572
2026-03-17,GOLDPETAL,2026-05-29,16607.0,16650.0,16465.0,16534.0,20349,57727
2026-03-17,GOLDPETAL,2026-06-30,16866.0,16907.0,16730.0,16796.0,7431,41290
2026-03-17,GOLDPETAL,2026-07-31,17083.0,17131.0,16927.0,16992.0,1777,9434
2026-03-17,GOLDPETAL,2026-08-31,17260.0,17318.0,17104.0,17173.0,1539,5016
2026-03-17,GOLDTEN,2026-03-31,157497.0,158175.0,156015.0,156849.0,19783,29136
2026-03-17,GOLDTEN,2026-04-30,160409.0,160950.0,158740.0,159574.0,8673,22565
2026-03-17,GOLDTEN,2026-05-29,165397.0,165397.0,161351.0,162158.0,2860,8692
2026-03-17,GOLDTEN,2026-06-30,165570.0,166281.0,164121.0,164912.0,1375,4671
2026-03-17,GOLDTEN,2026-07-31,167600.0,168819.0,166464.0,167341.0,137,789
2026-03-17,GOLDTEN,2026-08-31,169481.0,170160.0,168532.0,169000.0,35,210
2026-03-18,GOLDGUINEA,2026-03-31,127698.0,127699.0,124301.0,125185.0,15587,14124
2026-03-18,GOLDGUINEA,2026-04-30,129671.0,129889.0,126407.0,127355.0,8352,10907
2026-03-18,GOLDGUINEA,2026-05-29,131050.0,131449.0,128464.0,129498.0,2280,4239
2026-03-18,GOLDGUINEA,2026-06-30,133100.0,133498.0,130556.0,131652.0,652,2640
2026-03-18,GOLDGUINEA,2026-07-31,135049.0,135798.0,132325.0,133555.0,312,659
2026-03-18,GOLDGUINEA,2026-08-31,137070.0,137500.0,134600.0,135536.0,100,132
2026-03-18,GOLDM,2026-04-03,155989.0,156156.0,151675.0,153108.0,56953,39381
2026-03-18,GOLDM,2026-05-05,158301.0,158607.0,153961.0,155493.0,14846,14941
2026-03-18,GOLDM,2026-06-05,160999.0,160999.0,156285.0,157496.0,4824,6722
2026-03-18,GOLDM,2026-07-03,163000.0,163379.0,158862.0,160099.0,811,1718
2026-03-18,GOLDM,2026-08-05,166560.0,166811.0,161410.0,162403.0,367,717
2026-03-18,GOLDM,2026-09-04,167373.0,167373.0,163901.0,164757.0,5,27
2026-03-18,GOLDPETAL,2026-03-31,15986.0,16018.0,15585.0,15719.0,268376,195812
2026-03-18,GOLDPETAL,2026-04-30,16246.0,16284.0,15847.0,15980.0,181721,149982
2026-03-18,GOLDPETAL,2026-05-29,16522.0,16534.0,16101.0,16235.0,59674,65471
2026-03-18,GOLDPETAL,2026-06-30,16730.0,16810.0,16382.0,16489.0,24951,42468
2026-03-18,GOLDPETAL,2026-07-31,16999.0,16999.0,16555.0,16695.0,6935,10515
2026-03-18,GOLDPETAL,2026-08-31,17185.0,17185.0,16772.0,16894.0,2482,5292
2026-03-18,GOLDTEN,2026-03-31,156833.0,156850.0,152535.0,153886.0,27941,29140
2026-03-18,GOLDTEN,2026-04-30,159347.0,159478.0,155055.0,156533.0,17915,23940
2026-03-18,GOLDTEN,2026-05-29,161659.0,162000.0,157294.0,158867.0,5756,9341
2026-03-18,GOLDTEN,2026-06-30,164401.0,164715.0,159965.0,161586.0,3205,5271
2026-03-18,GOLDTEN,2026-07-31,166887.0,167027.0,162858.0,164320.0,340,815
2026-03-18,GOLDTEN,2026-08-31,168534.0,168700.0,164000.0,166270.0,158,220
2026-03-19,GOLDGUINEA,2026-03-31,125684.0,126559.0,114134.0,118538.0,30792,11964
2026-03-19,GOLDGUINEA,2026-04-30,127600.0,127996.0,116680.0,120378.0,20418,11753
2026-03-19,GOLDGUINEA,2026-05-29,129397.0,129500.0,118031.0,121764.0,7533,4552
2026-03-19,GOLDGUINEA,2026-06-30,130824.0,130987.0,119804.0,123267.0,2910,2778
2026-03-19,GOLDGUINEA,2026-07-31,132451.0,132524.0,121536.0,124794.0,1151,726
2026-03-19,GOLDGUINEA,2026-08-31,134500.0,134537.0,123479.0,127107.0,340,189
2026-03-19,GOLDM,2026-04-03,152220.0,152666.0,141089.0,145017.0,111584,35386
2026-03-19,GOLDM,2026-05-05,154634.0,155119.0,142834.0,146762.0,38483,16249
2026-03-19,GOLDM,2026-06-05,156930.0,156930.0,144500.0,148351.0,12228,7562
2026-03-19,GOLDM,2026-07-03,159151.0,159271.0,146156.0,150251.0,2708,1780
2026-03-19,GOLDM,2026-08-05,161382.0,161700.0,148000.0,152368.0,1262,710
2026-03-19,GOLDM,2026-09-04,163352.0,163352.0,153652.0,154411.0,25,30
2026-03-19,GOLDPETAL,2026-03-31,15630.0,15677.0,14350.0,14852.0,572394,162971
2026-03-19,GOLDPETAL,2026-04-30,15850.0,15947.0,14542.0,15069.0,412258,145605
2026-03-19,GOLDPETAL,2026-05-29,16235.0,16244.0,14774.0,15266.0,163156,68372
2026-03-19,GOLDPETAL,2026-06-30,16375.0,16488.0,15005.0,15466.0,78877,43671
2026-03-19,GOLDPETAL,2026-07-31,16650.0,16650.0,15222.0,15606.0,16752,10936
2026-03-19,GOLDPETAL,2026-08-31,16869.0,16869.0,15400.0,15730.0,8891,5926
2026-03-19,GOLDTEN,2026-03-31,153047.0,153370.0,141116.0,145452.0,55143,25574
2026-03-19,GOLDTEN,2026-04-30,155119.0,155903.0,143600.0,147649.0,45425,24375
2026-03-19,GOLDTEN,2026-05-29,158387.0,158388.0,145334.0,149357.0,14302,9689
2026-03-19,GOLDTEN,2026-06-30,161001.0,161024.0,147141.0,151685.0,8412,5169
2026-03-19,GOLDTEN,2026-07-31,163145.0,163488.0,149532.0,152566.0,2394,1496
2026-03-19,GOLDTEN,2026-08-31,164995.0,165271.0,151325.0,154656.0,631,326
2026-03-20,GOLDGUINEA,2026-03-31,120101.0,121999.0,117117.0,118180.0,22588,10363
2026-03-20,GOLDGUINEA,2026-04-30,122022.0,123190.0,119000.0,120007.0,14884,11526
2026-03-20,GOLDGUINEA,2026-05-29,125216.0,125316.0,120697.0,121766.0,3759,4363
2026-03-20,GOLDGUINEA,2026-06-30,125890.0,126884.0,122671.0,123801.0,1370,2629
2026-03-20,GOLDGUINEA,2026-07-31,128154.0,128453.0,124241.0,125429.0,688,699
2026-03-20,GOLDGUINEA,2026-08-31,129880.0,129984.0,126431.0,127457.0,160,216
2026-03-20,GOLDM,2026-04-03,147598.0,148600.0,143421.0,144597.0,81535,32245
2026-03-20,GOLDM,2026-05-05,149163.0,150993.0,145305.0,146368.0,24000,17722
2026-03-20,GOLDM,2026-06-05,151869.0,152050.0,146904.0,147965.0,7911,7623
2026-03-20,GOLDM,2026-07-03,153580.0,154199.0,149111.0,150229.0,1575,1749
2026-03-20,GOLDM,2026-08-05,155923.0,156115.0,151100.0,152313.0,711,677
2026-03-20,GOLDM,2026-09-04,157946.0,158235.0,153900.0,156763.0,10,29
2026-03-20,GOLDPETAL,2026-03-31,14900.0,15260.0,14679.0,14804.0,380298,146333
2026-03-20,GOLDPETAL,2026-04-30,15197.0,15479.0,14912.0,15028.0,295039,142701
2026-03-20,GOLDPETAL,2026-05-29,15412.0,15640.0,15133.0,15241.0,95880,67327
2026-03-20,GOLDPETAL,2026-06-30,15653.0,15865.0,15350.0,15470.0,37125,41602
2026-03-20,GOLDPETAL,2026-07-31,15752.0,16070.0,15496.0,15634.0,13096,10368
2026-03-20,GOLDPETAL,2026-08-31,15799.0,16186.0,15621.0,15860.0,4560,5573
2026-03-20,GOLDTEN,2026-03-31,147499.0,149486.0,143809.0,145078.0,45599,23399
2026-03-20,GOLDTEN,2026-04-30,149795.0,151500.0,146143.0,147106.0,32265,25237
2026-03-20,GOLDTEN,2026-05-29,151782.0,153339.0,148045.0,149053.0,8891,10041
2026-03-20,GOLDTEN,2026-06-30,154286.0,155817.0,150674.0,151659.0,7238,6250
2026-03-20,GOLDTEN,2026-07-31,155955.0,156692.0,152293.0,153162.0,1316,1490
2026-03-20,GOLDTEN,2026-08-31,158715.0,158998.0,153757.0,154401.0,291,294
2026-03-23,GOLDGUINEA,2026-03-31,114635.0,116820.0,107544.0,114068.0,50879,8286
2026-03-23,GOLDGUINEA,2026-04-30,116407.0,118000.0,109074.0,115382.0,35391,12972
2026-03-23,GOLDGUINEA,2026-05-29,118114.0,119786.0,110000.0,117193.0,8572,4572
2026-03-23,GOLDGUINEA,2026-06-30,120087.0,121299.0,111240.0,118815.0,3132,2680
2026-03-23,GOLDGUINEA,2026-07-31,121667.0,122821.0,113981.0,120117.0,1000,648
2026-03-23,GOLDGUINEA,2026-08-31,123634.0,124311.0,112506.0,121729.0,384,264
2026-03-23,GOLDM,2026-04-03,140667.0,142378.0,129312.0,139483.0,173283,28825
2026-03-23,GOLDM,2026-05-05,141977.0,144129.0,130000.0,140983.0,74186,19060
2026-03-23,GOLDM,2026-06-05,143527.0,145400.0,131857.0,142321.0,21770,7984
2026-03-23,GOLDM,2026-07-03,145723.0,146900.0,133151.0,144143.0,6470,2246
2026-03-23,GOLDM,2026-08-05,147797.0,149051.0,136263.0,146144.0,1636,799
2026-03-23,GOLDM,2026-09-04,152061.0,152061.0,139209.0,147860.0,118,54
2026-03-23,GOLDPETAL,2026-03-31,14631.0,14710.0,13051.0,14303.0,794068,89881
2026-03-23,GOLDPETAL,2026-04-30,14900.0,14900.0,13356.0,14488.0,800997,148820
2026-03-23,GOLDPETAL,2026-05-29,14993.0,14993.0,13554.0,14676.0,207997,73039
2026-03-23,GOLDPETAL,2026-06-30,15222.0,15222.0,13702.0,14902.0,85125,40709
2026-03-23,GOLDPETAL,2026-07-31,15353.0,15353.0,13949.0,15047.0,24846,10624
2026-03-23,GOLDPETAL,2026-08-31,15385.0,15539.0,14142.0,15155.0,10125,6009
2026-03-23,GOLDTEN,2026-03-31,140726.0,142800.0,129500.0,139750.0,91817,21241
2026-03-23,GOLDTEN,2026-04-30,144004.0,144768.0,129454.0,141734.0,88888,26586
2026-03-23,GOLDTEN,2026-05-29,145511.0,146359.0,132231.0,143374.0,24467,10224
2026-03-23,GOLDTEN,2026-06-30,147110.0,148410.0,134885.0,145601.0,13089,5997
2026-03-23,GOLDTEN,2026-07-31,148568.0,150540.0,137901.0,147461.0,4122,1026
2026-03-23,GOLDTEN,2026-08-31,149769.0,152085.0,139912.0,150068.0,591,315
2026-03-24,GOLDGUINEA,2026-03-31,113200.0,114786.0,111301.0,113556.0,16946,6997
2026-03-24,GOLDGUINEA,2026-04-30,112100.0,116223.0,111921.0,114858.0,16466,13389
2026-03-24,GOLDGUINEA,2026-05-29,116100.0,117790.0,114500.0,116580.0,3641,4689
2026-03-24,GOLDGUINEA,2026-06-30,115253.0,119266.0,115253.0,118326.0,1124,2716
2026-03-24,GOLDGUINEA,2026-07-31,119549.0,120594.0,117211.0,119731.0,293,621
2026-03-24,GOLDGUINEA,2026-08-31,120512.0,121800.0,118692.0,120985.0,185,341
2026-03-24,GOLDM,2026-04-03,137990.0,140880.0,136312.0,139107.0,84865,25719
2026-03-24,GOLDM,2026-05-05,138800.0,142187.0,137450.0,140671.0,31462,20047
2026-03-24,GOLDM,2026-06-05,140940.0,143623.0,139001.0,142166.0,8376,8070
2026-03-24,GOLDM,2026-07-03,140100.0,144996.0,140100.0,143638.0,1546,2582
2026-03-24,GOLDM,2026-08-05,145854.0,146901.0,142934.0,145459.0,473,884
2026-03-24,GOLDM,2026-09-04,146797.0,148960.0,145161.0,147524.0,54,68
2026-03-24,GOLDPETAL,2026-03-31,14149.0,14387.0,13900.0,14202.0,298695,75229
2026-03-24,GOLDPETAL,2026-04-30,14350.0,14574.0,14126.0,14387.0,311809,157708
2026-03-24,GOLDPETAL,2026-05-29,14427.0,14754.0,14246.0,14580.0,75893,72507
2026-03-24,GOLDPETAL,2026-06-30,14616.0,14963.0,14550.0,14801.0,22427,41640
2026-03-24,GOLDPETAL,2026-07-31,14851.0,15113.0,14703.0,14951.0,7216,11278
2026-03-24,GOLDPETAL,2026-08-31,15001.0,15270.0,14834.0,15103.0,2399,6101
2026-03-24,GOLDTEN,2026-03-31,136256.0,140900.0,136256.0,139311.0,31136,19611
2026-03-24,GOLDTEN,2026-04-30,140996.0,142880.0,138500.0,141217.0,51713,28365
2026-03-24,GOLDTEN,2026-05-29,141106.0,144464.0,140196.0,142967.0,9375,10172
2026-03-24,GOLDTEN,2026-06-30,142004.0,146200.0,142000.0,144834.0,5737,5069
2026-03-24,GOLDTEN,2026-07-31,145880.0,148137.0,143995.0,146889.0,593,1044
2026-03-24,GOLDTEN,2026-08-31,147518.0,149997.0,145747.0,149000.0,433,333
2026-03-25,GOLDGUINEA,2026-03-31,116100.0,119781.0,114556.0,115667.0,11441,2939
2026-03-25,GOLDGUINEA,2026-04-30,116910.0,120254.0,116910.0,117551.0,22500,16854
2026-03-25,GOLDGUINEA,2026-05-29,120074.0,120750.0,118828.0,119386.0,4091,4773
2026-03-25,GOLDGUINEA,2026-06-30,121406.0,122400.0,120710.0,121265.0,1586,2696
2026-03-25,GOLDGUINEA,2026-07-31,122934.0,124450.0,122106.0,122745.0,261,597
2026-03-25,GOLDGUINEA,2026-08-31,124614.0,125860.0,123796.0,124096.0,169,324
2026-03-25,GOLDM,2026-04-03,143010.0,145365.0,142510.0,144338.0,56412,21921
2026-03-25,GOLDM,2026-05-05,142740.0,146850.0,142740.0,145788.0,24666,22057
2026-03-25,GOLDM,2026-06-05,146430.0,148485.0,146430.0,147398.0,7563,8684
2026-03-25,GOLDM,2026-07-03,147946.0,150043.0,147946.0,148805.0,2114,2505
2026-03-25,GOLDM,2026-08-05,149822.0,151783.0,149760.0,150376.0,860,977
2026-03-25,GOLDM,2026-09-04,151949.0,153933.0,151949.0,152493.0,57,68
2026-03-25,GOLDPETAL,2026-03-31,14387.0,14847.0,14000.0,14465.0,177984,34306
2026-03-25,GOLDPETAL,2026-04-30,14300.0,15199.0,14300.0,14748.0,308879,191298
2026-03-25,GOLDPETAL,2026-05-29,14750.0,15203.0,14750.0,14965.0,87728,77569
2026-03-25,GOLDPETAL,2026-06-30,14949.0,15418.0,14949.0,15199.0,33935,44588
2026-03-25,GOLDPETAL,2026-07-31,15399.0,15525.0,15291.0,15345.0,7384,11594
2026-03-25,GOLDPETAL,2026-08-31,15240.0,15682.0,15240.0,15526.0,4357,6414
2026-03-25,GOLDTEN,2026-03-31,139999.0,146400.0,139999.0,144036.0,23280,15328
2026-03-25,GOLDTEN,2026-04-30,143703.0,148588.0,143703.0,146085.0,44487,32120
2026-03-25,GOLDTEN,2026-05-29,147237.0,150649.0,147237.0,148176.0,8397,10591
2026-03-25,GOLDTEN,2026-06-30,149126.0,150888.0,149000.0,149749.0,3537,5101
2026-03-25,GOLDTEN,2026-07-31,151000.0,152879.0,151000.0,151685.0,535,1018
2026-03-25,GOLDTEN,2026-08-31,153095.0,154927.0,153095.0,153668.0,266,375
2026-03-26,GOLDGUINEA,2026-03-31,113776.0,114079.0,111283.0,112479.0,2708,2804
2026-03-26,GOLDGUINEA,2026-04-30,117000.0,117000.0,114025.0,114218.0,13871,18095
2026-03-26,GOLDGUINEA,2026-05-29,118385.0,118386.0,115805.0,115914.0,3177,5184
2026-03-26,GOLDGUINEA,2026-06-30,120265.0,120265.0,117557.0,117675.0,867,2856
2026-03-26,GOLDGUINEA,2026-07-31,121461.0,121461.0,119120.0,119348.0,219,633
2026-03-26,GOLDGUINEA,2026-08-31,122097.0,122298.0,120444.0,120783.0,126,324
2026-03-26,GOLDM,2026-04-03,144000.0,144000.0,139800.0,140121.0,44589,21229
2026-03-26,GOLDM,2026-05-05,144900.0,144900.0,141100.0,141240.0,21243,23285
2026-03-26,GOLDM,2026-06-05,145149.0,145555.0,142305.0,142509.0,5050,9174
2026-03-26,GOLDM,2026-07-03,145958.0,146930.0,143631.0,143839.0,753,2588
2026-03-26,GOLDM,2026-08-05,149516.0,149516.0,145325.0,145560.0,393,1007
2026-03-26,GOLDM,2026-09-04,149296.0,150193.0,147990.0,149253.0,31,71
2026-03-26,GOLDPETAL,2026-03-31,14331.0,14331.0,14040.0,14121.0,43490,29724
2026-03-26,GOLDPETAL,2026-04-30,14701.0,14701.0,14270.0,14293.0,249477,213782
2026-03-26,GOLDPETAL,2026-05-29,14594.0,14896.0,14486.0,14508.0,60731,82737
2026-03-26,GOLDPETAL,2026-06-30,15050.0,15050.0,14730.0,14743.0,19044,45998
2026-03-26,GOLDPETAL,2026-07-31,15137.0,15205.0,14877.0,14895.0,4197,11710
2026-03-26,GOLDPETAL,2026-08-31,15380.0,15380.0,15061.0,15086.0,2298,6950
2026-03-26,GOLDTEN,2026-03-31,141003.0,142100.0,138730.0,139826.0,9693,13894
2026-03-26,GOLDTEN,2026-04-30,145952.0,145952.0,140193.0,141547.0,34260,36553
2026-03-26,GOLDTEN,2026-05-29,145539.0,146368.0,143198.0,143440.0,5435,11659
2026-03-26,GOLDTEN,2026-06-30,145947.0,148048.0,144800.0,145236.0,2301,5378
2026-03-26,GOLDTEN,2026-07-31,148750.0,149927.0,147135.0,147337.0,361,1054
2026-03-26,GOLDTEN,2026-08-31,150910.0,152112.0,149269.0,149596.0,178,397
2026-03-27,GOLDGUINEA,2026-03-31,113247.0,115820.0,113177.0,115239.0,183,323
2026-03-27,GOLDGUINEA,2026-04-30,115199.0,120772.0,114421.0,117011.0,23502,17399
2026-03-27,GOLDGUINEA,2026-05-29,116901.0,120111.0,116000.0,118585.0,5535,5340
2026-03-27,GOLDGUINEA,2026-06-30,118668.0,121687.0,118204.0,120176.0,1460,2774
2026-03-27,GOLDGUINEA,2026-07-31,119999.0,123177.0,119641.0,121661.0,275,654
2026-03-27,GOLDGUINEA,2026-08-31,122725.0,124690.0,121389.0,123345.0,163,322
2026-03-27,GOLDM,2026-04-03,141011.0,146075.0,140839.0,144339.0,44513,15292
2026-03-27,GOLDM,2026-05-05,142190.0,147544.0,142158.0,145932.0,41677,25008
2026-03-27,GOLDM,2026-06-05,143630.0,148924.0,143630.0,147269.0,11569,9420
2026-03-27,GOLDM,2026-07-03,145163.0,150234.0,144989.0,148639.0,1620,2540
2026-03-27,GOLDM,2026-08-05,147091.0,151579.0,146455.0,150134.0,946,1133
2026-03-27,GOLDM,2026-09-04,148629.0,153580.0,148628.0,152172.0,71,103
2026-03-27,GOLDPETAL,2026-03-31,14212.0,14607.0,14200.0,14528.0,3668,3349
2026-03-27,GOLDPETAL,2026-04-30,14349.0,14820.0,14349.0,14656.0,440544,202194
2026-03-27,GOLDPETAL,2026-05-29,14522.0,15024.0,14522.0,14862.0,124168,80175
2026-03-27,GOLDPETAL,2026-06-30,14836.0,15274.0,14819.0,15087.0,34966,45670
2026-03-27,GOLDPETAL,2026-07-31,14997.0,15392.0,14970.0,15228.0,10337,13235
2026-03-27,GOLDPETAL,2026-08-31,15170.0,15630.0,15105.0,15418.0,4640,7403
2026-03-27,GOLDTEN,2026-03-31,141032.0,147914.0,140386.0,145273.0,1118,3480
2026-03-27,GOLDTEN,2026-04-30,143000.0,147684.0,142239.0,146245.0,54000,36997
2026-03-27,GOLDTEN,2026-05-29,144897.0,149580.0,144501.0,148074.0,9017,10862
2026-03-27,GOLDTEN,2026-06-30,146640.0,151158.0,146236.0,149727.0,3838,4959
2026-03-27,GOLDTEN,2026-07-31,148498.0,152909.0,148348.0,151314.0,681,1101
2026-03-27,GOLDTEN,2026-08-31,150610.0,154657.0,150380.0,152798.0,285,462
2026-03-30,GOLDGUINEA,2026-03-31,117301.0,118696.0,114600.0,117116.0,45,325
2026-03-30,GOLDGUINEA,2026-04-30,117432.0,119099.0,115748.0,117638.0,21083,16952
2026-03-30,GOLDGUINEA,2026-05-29,119077.0,120366.0,117300.0,118764.0,5093,6087
2026-03-30,GOLDGUINEA,2026-06-30,120699.0,121999.0,118901.0,120408.0,1319,2925
2026-03-30,GOLDGUINEA,2026-07-31,121888.0,123443.0,120361.0,121972.0,218,637
2026-03-30,GOLDGUINEA,2026-08-31,123001.0,124900.0,122082.0,123802.0,71,325
2026-03-30,GOLDM,2026-04-03,144710.0,146835.0,142564.0,144565.0,21941,9785
2026-03-30,GOLDM,2026-05-05,145932.0,148453.0,144000.0,146241.0,50802,29818
2026-03-30,GOLDM,2026-06-05,146811.0,149930.0,145129.0,147669.0,14256,9665
2026-03-30,GOLDM,2026-07-03,148022.0,151228.0,146805.0,149115.0,1926,2583
2026-03-30,GOLDM,2026-08-05,149656.0,152605.0,147985.0,150504.0,1021,1314
2026-03-30,GOLDM,2026-09-04,150777.0,154272.0,150342.0,152620.0,110,114
2026-03-30,GOLDPETAL,2026-03-31,14584.0,14634.0,14315.0,14622.0,1064,2984
2026-03-30,GOLDPETAL,2026-04-30,14700.0,14950.0,14500.0,14743.0,390220,199714
2026-03-30,GOLDPETAL,2026-05-29,14947.0,15155.0,14701.0,14938.0,108510,82020
2026-03-30,GOLDPETAL,2026-06-30,15088.0,15328.0,14921.0,15150.0,32313,46196
2026-03-30,GOLDPETAL,2026-07-31,15259.0,15470.0,15068.0,15295.0,11044,13426
2026-03-30,GOLDPETAL,2026-08-31,15449.0,15644.0,15250.0,15467.0,2614,7810
2026-03-30,GOLDTEN,2026-03-31,146725.0,146725.0,143202.0,145766.0,713,1162
2026-03-30,GOLDTEN,2026-04-30,146987.0,148928.0,144601.0,146604.0,52928,34692
2026-03-30,GOLDTEN,2026-05-29,148300.0,150500.0,146245.0,148529.0,18068,11402
2026-03-30,GOLDTEN,2026-06-30,149927.0,152073.0,147858.0,150268.0,4083,4922
2026-03-30,GOLDTEN,2026-07-31,150615.0,153653.0,149702.0,151912.0,867,1079
2026-03-30,GOLDTEN,2026-08-31,152220.0,155311.0,151499.0,153413.0,204,487
2026-03-31,GOLDGUINEA,2026-04-30,118678.0,120340.0,118363.0,119994.0,13812,16110
2026-03-31,GOLDGUINEA,2026-05-29,120601.0,121995.0,119701.0,121548.0,3851,6129
2026-03-31,GOLDGUINEA,2026-06-30,121987.0,123733.0,121141.0,123455.0,1394,3017
2026-03-31,GOLDGUINEA,2026-07-31,123471.0,125124.0,123029.0,124870.0,274,663
2026-03-31,GOLDGUINEA,2026-08-31,125040.0,126682.0,124771.0,126458.0,86,332
2026-03-31,GOLDM,2026-04-03,145939.0,148493.0,145297.0,147691.0,3959,7830
2026-03-31,GOLDM,2026-05-05,147609.0,149400.0,147148.0,149224.0,34559,31707
2026-03-31,GOLDM,2026-06-05,149145.0,150880.0,148573.0,150751.0,8507,10208
2026-03-31,GOLDM,2026-07-03,150728.0,152050.0,149887.0,151909.0,1693,2866
2026-03-31,GOLDM,2026-08-05,152762.0,153284.0,151043.0,152887.0,1533,1849
2026-03-31,GOLDM,2026-09-04,154341.0,154491.0,153122.0,154373.0,135,182
2026-03-31,GOLDPETAL,2026-04-30,14790.0,15050.0,14790.0,15036.0,215641,195066
2026-03-31,GOLDPETAL,2026-05-29,15036.0,15260.0,15025.0,15245.0,80316,81072
2026-03-31,GOLDPETAL,2026-06-30,15274.0,15485.0,15241.0,15452.0,19425,44709
2026-03-31,GOLDPETAL,2026-07-31,15409.0,15619.0,15409.0,15593.0,6155,13514
2026-03-31,GOLDPETAL,2026-08-31,15621.0,15799.0,15500.0,15774.0,2584,7665
2026-03-31,GOLDTEN,2026-04-30,147234.0,149800.0,147000.0,149605.0,27417,32761
2026-03-31,GOLDTEN,2026-05-29,150640.0,151811.0,148842.0,151543.0,6321,11779
2026-03-31,GOLDTEN,2026-06-30,151837.0,153407.0,151222.0,153102.0,3082,4933
2026-03-31,GOLDTEN,2026-07-31,153789.0,154726.0,152807.0,154495.0,1123,1470
2026-03-31,GOLDTEN,2026-08-31,154599.0,156577.0,154500.0,156265.0,184,488
2026-04-01,GOLDGUINEA,2026-04-30,120733.0,122730.0,120150.0,122389.0,20596,15478
2026-04-01,GOLDGUINEA,2026-05-29,122149.0,124333.0,121651.0,123950.0,6240,6008
2026-04-01,GOLDGUINEA,2026-06-30,124525.0,125929.0,123639.0,125588.0,2672,2995
2026-04-01,GOLDGUINEA,2026-07-31,125600.0,127405.0,125326.0,126970.0,675,676
2026-04-01,GOLDGUINEA,2026-08-31,126930.0,128877.0,126835.0,128445.0,161,349
2026-04-01,GOLDGUINEA,2026-09-30,128437.0,129500.0,128437.0,128927.0,9,7
2026-04-01,GOLDM,2026-04-03,148486.0,151245.0,148190.0,150826.0,1526,5215
2026-04-01,GOLDM,2026-05-05,150283.0,152680.0,149500.0,152024.0,51871,30820
2026-04-01,GOLDM,2026-06-05,151989.0,154562.0,151056.0,153756.0,14383,10353
2026-04-01,GOLDM,2026-07-03,152852.0,155855.0,152343.0,155128.0,2389,2871
2026-04-01,GOLDM,2026-08-05,154377.0,157048.0,153279.0,156353.0,1325,1728
2026-04-01,GOLDM,2026-09-04,155777.0,158514.0,154900.0,157983.0,172,168
2026-04-01,GOLDPETAL,2026-04-30,15095.0,15383.0,15060.0,15326.0,332311,191210
2026-04-01,GOLDPETAL,2026-05-29,15355.0,15581.0,15265.0,15520.0,138614,79872
2026-04-01,GOLDPETAL,2026-06-30,15499.0,15782.0,15485.0,15719.0,45961,49822
2026-04-01,GOLDPETAL,2026-07-31,15662.0,15947.0,15624.0,15895.0,17497,14355
2026-04-01,GOLDPETAL,2026-08-31,15800.0,16095.0,15752.0,16051.0,5673,7949
2026-04-01,GOLDPETAL,2026-09-30,16098.0,16268.0,15912.0,16220.0,1720,585
2026-04-01,GOLDTEN,2026-04-30,150000.0,153100.0,149900.0,152443.0,47249,32002
2026-04-01,GOLDTEN,2026-05-29,152151.0,154990.0,151714.0,154283.0,13405,13067
2026-04-01,GOLDTEN,2026-06-30,153750.0,156880.0,153501.0,156420.0,4622,5234
2026-04-01,GOLDTEN,2026-07-31,155001.0,158399.0,154966.0,158023.0,1434,1441
2026-04-01,GOLDTEN,2026-08-31,156803.0,160086.0,156702.0,159708.0,548,517
2026-04-01,GOLDTEN,2026-09-30,159899.0,162200.0,158522.0,161705.0,124,41
2026-04-02,GOLDGUINEA,2026-04-30,120522.0,121250.0,117250.0,119312.0,25675,15567
2026-04-02,GOLDGUINEA,2026-05-29,122890.0,122890.0,118625.0,120719.0,8609,5996
2026-04-02,GOLDGUINEA,2026-06-30,123644.0,124303.0,120200.0,122034.0,2944,3251
2026-04-02,GOLDGUINEA,2026-07-31,125458.0,125566.0,121570.0,123291.0,643,743
2026-04-02,GOLDGUINEA,2026-08-31,126676.0,126900.0,123609.0,125011.0,206,366
2026-04-02,GOLDGUINEA,2026-09-30,129682.0,129682.0,125316.0,126830.0,8,7
2026-04-02,GOLDM,2026-04-03,148480.0,149100.0,144612.0,147136.0,290,741
2026-04-02,GOLDM,2026-05-05,151337.0,151390.0,145354.0,148140.0,73146,30171
2026-04-02,GOLDM,2026-06-05,152362.0,152362.0,147041.0,149720.0,20712,10262
2026-04-02,GOLDM,2026-07-03,152654.0,153063.0,148348.0,150908.0,2322,2861
2026-04-02,GOLDM,2026-08-05,154078.0,154357.0,149700.0,152201.0,1682,1990
2026-04-02,GOLDM,2026-09-04,155363.0,155901.0,151347.0,153904.0,180,218
2026-04-02,GOLDPETAL,2026-04-30,15201.0,15201.0,14407.0,14935.0,479866,192646
2026-04-02,GOLDPETAL,2026-05-29,15369.0,15369.0,14811.0,15098.0,207558,92491
2026-04-02,GOLDPETAL,2026-06-30,15494.0,15527.0,15037.0,15261.0,59034,63008
2026-04-02,GOLDPETAL,2026-07-31,15624.0,15706.0,15206.0,15437.0,23529,14973
2026-04-02,GOLDPETAL,2026-08-31,15937.0,15944.0,15398.0,15612.0,5288,8282
2026-04-02,GOLDPETAL,2026-09-30,16125.0,16125.0,15565.0,15800.0,1031,803
2026-04-02,GOLDTEN,2026-04-30,151200.0,151200.0,146000.0,148539.0,60222,30575
2026-04-02,GOLDTEN,2026-05-29,152840.0,152840.0,147650.0,150367.0,15769,13106
2026-04-02,GOLDTEN,2026-06-30,154884.0,154884.0,149325.0,151962.0,6522,5746
2026-04-02,GOLDTEN,2026-07-31,155376.0,155868.0,151106.0,153618.0,1715,1455
2026-04-02,GOLDTEN,2026-08-31,158052.0,158052.0,153064.0,155070.0,510,564
2026-04-02,GOLDTEN,2026-09-30,158528.0,160000.0,155547.0,157391.0,95,59
2026-04-06,GOLDGUINEA,2026-04-30,119115.0,120495.0,118220.0,119497.0,17487,15826
2026-04-06,GOLDGUINEA,2026-05-29,120300.0,121806.0,119513.0,120920.0,6927,5967
2026-04-06,GOLDGUINEA,2026-06-30,121493.0,123150.0,120868.0,122191.0,2024,3415
2026-04-06,GOLDGUINEA,2026-07-31,122506.0,124513.0,122138.0,123710.0,427,767
2026-04-06,GOLDGUINEA,2026-08-31,124038.0,126290.0,123760.0,125474.0,120,381
2026-04-06,GOLDGUINEA,2026-09-30,125117.0,127579.0,125117.0,127116.0,6,10
2026-04-06,GOLDM,2026-05-05,147848.0,149900.0,146682.0,148414.0,41987,30488
2026-04-06,GOLDM,2026-06-05,149312.0,151465.0,148271.0,149944.0,11573,10254
2026-04-06,GOLDM,2026-07-03,150452.0,152735.0,149486.0,151377.0,1216,2811
2026-04-06,GOLDM,2026-08-05,151033.0,153964.0,150601.0,152669.0,573,1991
2026-04-06,GOLDM,2026-09-04,152799.0,155361.0,152544.0,154165.0,61,219
2026-04-06,GOLDM,2026-10-05,,,,153104.0,0,0
2026-04-06,GOLDPETAL,2026-04-30,14901.0,15100.0,14705.0,14939.0,299659,193755
2026-04-06,GOLDPETAL,2026-05-29,15007.0,15255.0,14870.0,15118.0,109754,96761
2026-04-06,GOLDPETAL,2026-06-30,15158.0,15410.0,15075.0,15295.0,25789,60729
2026-04-06,GOLDPETAL,2026-07-31,15311.0,15575.0,15256.0,15471.0,11629,16193
2026-04-06,GOLDPETAL,2026-08-31,15596.0,15787.0,15471.0,15639.0,3191,8289
2026-04-06,GOLDPETAL,2026-09-30,15651.0,15939.0,15651.0,15807.0,1216,1211
2026-04-06,GOLDTEN,2026-04-30,147797.0,150290.0,147137.0,148854.0,31373,30574
2026-04-06,GOLDTEN,2026-05-29,149700.0,151915.0,148801.0,150584.0,10128,13658
2026-04-06,GOLDTEN,2026-06-30,150230.0,153573.0,150229.0,152235.0,4241,5852
2026-04-06,GOLDTEN,2026-07-31,152702.0,155200.0,152095.0,153956.0,938,1442
2026-04-06,GOLDTEN,2026-08-31,154047.0,156846.0,153811.0,155397.0,305,622
2026-04-06,GOLDTEN,2026-09-30,156700.0,158800.0,155545.0,157707.0,66,93
2026-04-07,GOLDGUINEA,2026-04-30,119499.0,120324.0,118650.0,119826.0,17766,14654
2026-04-07,GOLDGUINEA,2026-05-29,121057.0,121599.0,120050.0,121074.0,5902,6128
2026-04-07,GOLDGUINEA,2026-06-30,121927.0,122700.0,121346.0,122267.0,1528,3657
2026-04-07,GOLDGUINEA,2026-07-31,123682.0,124249.0,122810.0,123506.0,257,816
2026-04-07,GOLDGUINEA,2026-08-31,124981.0,125964.0,124300.0,125096.0,74,391
2026-04-07,GOLDGUINEA,2026-09-30,,,,127116.0,0,10
2026-04-07,GOLDM,2026-05-05,148384.0,149394.0,147000.0,148733.0,46278,30738
2026-04-07,GOLDM,2026-06-05,149995.0,150900.0,148445.0,150271.0,14774,10542
2026-04-07,GOLDM,2026-07-03,151001.0,152014.0,149603.0,151502.0,1795,3289
2026-04-07,GOLDM,2026-08-05,152453.0,153338.0,151000.0,152779.0,656,2004
2026-04-07,GOLDM,2026-09-04,153931.0,154709.0,152503.0,153880.0,84,234
2026-04-07,GOLDM,2026-10-05,155057.0,155057.0,155057.0,155057.0,1,1
2026-04-07,GOLDPETAL,2026-04-30,14938.0,15050.0,14852.0,15015.0,324755,180812
2026-04-07,GOLDPETAL,2026-05-29,15138.0,15207.0,15032.0,15172.0,105016,98549
2026-04-07,GOLDPETAL,2026-06-30,15251.0,15362.0,15200.0,15326.0,27135,59973
2026-04-07,GOLDPETAL,2026-07-31,15426.0,15530.0,15356.0,15483.0,9190,15809
2026-04-07,GOLDPETAL,2026-08-31,15645.0,15702.0,15531.0,15653.0,2111,8459
2026-04-07,GOLDPETAL,2026-09-30,15760.0,15890.0,15690.0,15805.0,898,1385
2026-04-07,GOLDTEN,2026-04-30,148800.0,149699.0,147351.0,149023.0,31371,31083
2026-04-07,GOLDTEN,2026-05-29,150243.0,151407.0,149105.0,150717.0,8329,14150
2026-04-07,GOLDTEN,2026-06-30,151927.0,153000.0,150700.0,152386.0,3389,5932
2026-04-07,GOLDTEN,2026-07-31,153868.0,154692.0,152399.0,153992.0,1009,1539
2026-04-07,GOLDTEN,2026-08-31,155156.0,156235.0,154000.0,155413.0,209,618
2026-04-07,GOLDTEN,2026-09-30,157637.0,158800.0,155795.0,157079.0,106,118
2026-04-08,GOLDGUINEA,2026-04-30,120799.0,123419.0,120799.0,121506.0,19561,13785
2026-04-08,GOLDGUINEA,2026-05-29,122270.0,124701.0,122270.0,122966.0,7579,6183
2026-04-08,GOLDGUINEA,2026-06-30,123668.0,125879.0,123668.0,124479.0,2989,3538
2026-04-08,GOLDGUINEA,2026-07-31,126767.0,127023.0,124839.0,125617.0,670,835
2026-04-08,GOLDGUINEA,2026-08-31,127710.0,128358.0,126105.0,126708.0,291,381
2026-04-08,GOLDGUINEA,2026-09-30,128955.0,129451.0,127987.0,128658.0,13,14
2026-04-08,GOLDM,2026-05-05,151000.0,153390.0,150063.0,150409.0,57393,32453
2026-04-08,GOLDM,2026-06-05,150844.0,154931.0,150844.0,151796.0,19019,11006
2026-04-08,GOLDM,2026-07-03,153980.0,156035.0,152786.0,153049.0,2910,3662
2026-04-08,GOLDM,2026-08-05,156000.0,157222.0,154101.0,154409.0,1368,2064
2026-04-08,GOLDM,2026-09-04,157502.0,158786.0,155881.0,156071.0,243,237
2026-04-08,GOLDM,2026-10-05,159530.0,159530.0,158600.0,159092.0,7,7
2026-04-08,GOLDPETAL,2026-04-30,15093.0,15450.0,15092.0,15224.0,320142,179671
2026-04-08,GOLDPETAL,2026-05-29,15199.0,15607.0,15199.0,15383.0,132438,98911
2026-04-08,GOLDPETAL,2026-06-30,15555.0,15759.0,15434.0,15552.0,40963,58728
2026-04-08,GOLDPETAL,2026-07-31,15677.0,15929.0,15630.0,15721.0,18403,17727
2026-04-08,GOLDPETAL,2026-08-31,15790.0,16092.0,15790.0,15880.0,5404,8480
2026-04-08,GOLDPETAL,2026-09-30,15952.0,16213.0,15951.0,16012.0,2056,1585
2026-04-08,GOLDTEN,2026-04-30,150999.0,153697.0,150434.0,150758.0,44807,30338
2026-04-08,GOLDTEN,2026-05-29,151298.0,155349.0,151298.0,152507.0,14328,15120
2026-04-08,GOLDTEN,2026-06-30,153000.0,156834.0,153000.0,154011.0,6330,6585
2026-04-08,GOLDTEN,2026-07-31,157314.0,158611.0,155383.0,155690.0,2199,1641
2026-04-08,GOLDTEN,2026-08-31,158960.0,159748.0,156910.0,157310.0,493,638
2026-04-08,GOLDTEN,2026-09-30,160522.0,161302.0,158649.0,159149.0,140,114
2026-04-09,GOLDGUINEA,2026-04-30,121368.0,122500.0,120500.0,122419.0,12884,13880
2026-04-09,GOLDGUINEA,2026-05-29,122749.0,123829.0,122045.0,123762.0,4789,6520
2026-04-09,GOLDGUINEA,2026-06-30,124089.0,125064.0,123562.0,124936.0,1353,3612
2026-04-09,GOLDGUINEA,2026-07-31,125031.0,126397.0,124934.0,126059.0,307,849
2026-04-09,GOLDGUINEA,2026-08-31,126333.0,127580.0,126111.0,127295.0,38,373
2026-04-09,GOLDGUINEA,2026-09-30,127392.0,128900.0,127392.0,128249.0,17,17
2026-04-09,GOLDM,2026-05-05,149987.0,152188.0,149301.0,152072.0,36750,32157
2026-04-09,GOLDM,2026-06-05,151478.0,153578.0,150676.0,153438.0,12618,11284
2026-04-09,GOLDM,2026-07-03,152785.0,154743.0,152099.0,154558.0,1869,4404
2026-04-09,GOLDM,2026-08-05,153860.0,156078.0,153452.0,155903.0,667,2042
2026-04-09,GOLDM,2026-09-04,155208.0,157588.0,155173.0,157473.0,102,237
2026-04-09,GOLDM,2026-10-05,157203.0,158889.0,157203.0,158069.0,4,10
2026-04-09,GOLDPETAL,2026-04-30,15175.0,15342.0,15103.0,15332.0,225952,179241
2026-04-09,GOLDPETAL,2026-05-29,15300.0,15492.0,15276.0,15481.0,77291,99899
2026-04-09,GOLDPETAL,2026-06-30,15474.0,15648.0,15442.0,15627.0,26297,59333
2026-04-09,GOLDPETAL,2026-07-31,15651.0,15826.0,15597.0,15793.0,10997,18023
2026-04-09,GOLDPETAL,2026-08-31,15774.0,15985.0,15774.0,15947.0,2532,8427
2026-04-09,GOLDPETAL,2026-09-30,15969.0,16123.0,15950.0,16087.0,957,1794
2026-04-09,GOLDTEN,2026-04-30,149285.0,152758.0,149285.0,152366.0,31300,31116
2026-04-09,GOLDTEN,2026-05-29,152250.0,153997.0,151419.0,153885.0,8581,15176
2026-04-09,GOLDTEN,2026-06-30,153261.0,155551.0,152494.0,155422.0,3367,6621
2026-04-09,GOLDTEN,2026-07-31,155008.0,157200.0,154593.0,157055.0,1093,1664
2026-04-09,GOLDTEN,2026-08-31,156195.0,158599.0,156146.0,158467.0,348,650
2026-04-09,GOLDTEN,2026-09-30,158578.0,160199.0,158201.0,160092.0,120,168
2026-04-10,GOLDGUINEA,2026-04-30,121899.0,122430.0,121429.0,121902.0,10019,14155
2026-04-10,GOLDGUINEA,2026-05-29,123401.0,123742.0,122682.0,123195.0,4087,6918
2026-04-10,GOLDGUINEA,2026-06-30,124639.0,125027.0,124060.0,124582.0,1075,3869
2026-04-10,GOLDGUINEA,2026-07-31,125760.0,126956.0,125400.0,126013.0,275,858
2026-04-10,GOLDGUINEA,2026-08-31,127215.0,127610.0,126500.0,127330.0,56,377
2026-04-10,GOLDGUINEA,2026-09-30,128445.0,128500.0,128100.0,128337.0,6,18
2026-04-10,GOLDM,2026-05-05,150905.0,151942.0,150414.0,151215.0,36550,33757
2026-04-10,GOLDM,2026-06-05,152788.0,153300.0,151771.0,152637.0,11144,12472
2026-04-10,GOLDM,2026-07-03,153818.0,154489.0,153021.0,153854.0,1291,4402
2026-04-10,GOLDM,2026-08-05,155137.0,156000.0,154500.0,155263.0,716,2080
2026-04-10,GOLDM,2026-09-04,156826.0,157500.0,156195.0,156958.0,72,236
2026-04-10,GOLDM,2026-10-05,159190.0,159190.0,157921.0,158614.0,3,11
2026-04-10,GOLDPETAL,2026-04-30,15250.0,15339.0,15200.0,15279.0,207282,179366
2026-04-10,GOLDPETAL,2026-05-29,15407.0,15498.0,15372.0,15441.0,63264,102090
2026-04-10,GOLDPETAL,2026-06-30,15556.0,15649.0,15531.0,15599.0,17826,58969
2026-04-10,GOLDPETAL,2026-07-31,15747.0,15822.0,15708.0,15778.0,9451,19044
2026-04-10,GOLDPETAL,2026-08-31,15901.0,15971.0,15857.0,15929.0,2375,8491
2026-04-10,GOLDPETAL,2026-09-30,16083.0,16117.0,16025.0,16083.0,754,1877
2026-04-10,GOLDTEN,2026-04-30,151567.0,152297.0,150848.0,151540.0,26361,30963
2026-04-10,GOLDTEN,2026-05-29,152500.0,153900.0,152002.0,153186.0,6851,15895
2026-04-10,GOLDTEN,2026-06-30,154638.0,155393.0,154001.0,154809.0,2777,6886
2026-04-10,GOLDTEN,2026-07-31,156492.0,157067.0,155675.0,156493.0,695,1690
2026-04-10,GOLDTEN,2026-08-31,157890.0,158549.0,157139.0,157957.0,206,644
2026-04-10,GOLDTEN,2026-09-30,159306.0,159893.0,159000.0,159432.0,45,174
2026-04-13,GOLDGUINEA,2026-04-30,120999.0,121500.0,120502.0,121416.0,9327,14314
2026-04-13,GOLDGUINEA,2026-05-29,122425.0,122802.0,121600.0,122674.0,3248,7094
2026-04-13,GOLDGUINEA,2026-06-30,123188.0,124124.0,121525.0,123948.0,1320,4134
2026-04-13,GOLDGUINEA,2026-07-31,125000.0,125677.0,124500.0,125370.0,286,898
2026-04-13,GOLDGUINEA,2026-08-31,126201.0,127858.0,126166.0,126806.0,130,398
2026-04-13,GOLDGUINEA,2026-09-30,128315.0,128500.0,127556.0,128115.0,10,15
2026-04-13,GOLDM,2026-05-05,150054.0,150850.0,149733.0,150672.0,34341,34572
2026-04-13,GOLDM,2026-06-05,151863.0,152349.0,151236.0,152134.0,10059,12754
2026-04-13,GOLDM,2026-07-03,153124.0,153500.0,152539.0,153324.0,1090,4397
2026-04-13,GOLDM,2026-08-05,154200.0,154960.0,154000.0,154766.0,554,2144
2026-04-13,GOLDM,2026-09-04,156038.0,156500.0,154477.0,156238.0,66,235
2026-04-13,GOLDM,2026-10-05,157386.0,157386.0,157386.0,157386.0,1,10
2026-04-13,GOLDPETAL,2026-04-30,15223.0,15230.0,15129.0,15211.0,161214,176721
2026-04-13,GOLDPETAL,2026-05-29,15401.0,15401.0,15266.0,15365.0,66436,104957
2026-04-13,GOLDPETAL,2026-06-30,15518.0,15563.0,15470.0,15533.0,17108,59558
2026-04-13,GOLDPETAL,2026-07-31,15677.0,15721.0,15629.0,15715.0,6244,19548
2026-04-13,GOLDPETAL,2026-08-31,15850.0,15894.0,15767.0,15861.0,2386,8809
2026-04-13,GOLDPETAL,2026-09-30,16000.0,16075.0,15901.0,16019.0,562,2049
2026-04-13,GOLDTEN,2026-04-30,150540.0,151257.0,150058.0,151065.0,21733,30591
2026-04-13,GOLDTEN,2026-05-29,152302.0,152800.0,151807.0,152642.0,7024,16569
2026-04-13,GOLDTEN,2026-06-30,153686.0,154492.0,153350.0,154220.0,2855,7346
2026-04-13,GOLDTEN,2026-07-31,155313.0,156086.0,155017.0,155980.0,1218,1729
2026-04-13,GOLDTEN,2026-08-31,156664.0,157644.0,156655.0,157579.0,198,648
2026-04-13,GOLDTEN,2026-09-30,158501.0,159256.0,158284.0,158763.0,20,176
2026-04-14,GOLDGUINEA,2026-04-30,122220.0,123410.0,121900.0,123172.0,7778,13712
2026-04-14,GOLDGUINEA,2026-05-29,124207.0,124500.0,123090.0,124397.0,3554,7169
2026-04-14,GOLDGUINEA,2026-06-30,125799.0,125800.0,124103.0,125609.0,1131,4144
2026-04-14,GOLDGUINEA,2026-07-31,125689.0,127194.0,125689.0,127073.0,317,923
2026-04-14,GOLDGUINEA,2026-08-31,129000.0,129000.0,127026.0,128513.0,64,385
2026-04-14,GOLDGUINEA,2026-09-30,129182.0,130499.0,129045.0,129870.0,16,19
2026-04-14,GOLDM,2026-05-05,151599.0,153382.0,151301.0,153267.0,27307,34420
2026-04-14,GOLDM,2026-06-05,152985.0,154933.0,152751.0,154807.0,10362,12433
2026-04-14,GOLDM,2026-07-03,154279.0,156164.0,154000.0,156029.0,1383,4387
2026-04-14,GOLDM,2026-08-05,155658.0,157500.0,155387.0,157339.0,841,2080
2026-04-14,GOLDM,2026-09-04,157186.0,159000.0,157049.0,158902.0,186,239
2026-04-14,GOLDM,2026-10-05,159129.0,160100.0,159129.0,159413.0,9,12
2026-04-14,GOLDPETAL,2026-04-30,15227.0,15450.0,15227.0,15433.0,141284,162619
2026-04-14,GOLDPETAL,2026-05-29,15387.0,15620.0,15387.0,15596.0,67103,101224
2026-04-14,GOLDPETAL,2026-06-30,15575.0,15758.0,15573.0,15744.0,20642,58421
2026-04-14,GOLDPETAL,2026-07-31,15756.0,15935.0,15756.0,15914.0,8225,18610
2026-04-14,GOLDPETAL,2026-08-31,15950.0,16085.0,15902.0,16064.0,2932,8555
2026-04-14,GOLDPETAL,2026-09-30,16120.0,16235.0,16070.0,16218.0,1629,2038
2026-04-14,GOLDTEN,2026-04-30,151750.0,153600.0,151670.0,153468.0,18292,30288
2026-04-14,GOLDTEN,2026-05-29,153177.0,155323.0,153177.0,155172.0,8460,17650
2026-04-14,GOLDTEN,2026-06-30,154872.0,156829.0,154872.0,156679.0,3224,7030
2026-04-14,GOLDTEN,2026-07-31,156981.0,158521.0,156545.0,158360.0,1259,1729
2026-04-14,GOLDTEN,2026-08-31,158758.0,160138.0,158083.0,159964.0,274,569
2026-04-14,GOLDTEN,2026-09-30,159800.0,162948.0,159599.0,161750.0,83,163
2026-04-15,GOLDGUINEA,2026-04-30,122901.0,123589.0,122510.0,122724.0,10412,13518
2026-04-15,GOLDGUINEA,2026-05-29,124396.0,124673.0,123850.0,124080.0,4803,7472
2026-04-15,GOLDGUINEA,2026-06-30,125561.0,125950.0,125120.0,125479.0,1554,4116
2026-04-15,GOLDGUINEA,2026-07-31,127100.0,127290.0,126531.0,126879.0,653,1047
2026-04-15,GOLDGUINEA,2026-08-31,128650.0,128894.0,127980.0,128465.0,137,393
2026-04-15,GOLDGUINEA,2026-09-30,130099.0,130099.0,129331.0,129481.0,25,24
2026-04-15,GOLDM,2026-05-05,152996.0,153500.0,152113.0,152419.0,36233,34890
2026-04-15,GOLDM,2026-06-05,154747.0,155089.0,153653.0,153962.0,11221,13090
2026-04-15,GOLDM,2026-07-03,156282.0,156282.0,154838.0,155132.0,1650,4344
2026-04-15,GOLDM,2026-08-05,157510.0,157618.0,156257.0,156516.0,972,2244
2026-04-15,GOLDM,2026-09-04,158864.0,159219.0,157857.0,158050.0,106,247
2026-04-15,GOLDM,2026-10-05,160470.0,160800.0,159402.0,160355.0,32,16
2026-04-15,GOLDPETAL,2026-04-30,15404.0,15464.0,15342.0,15381.0,194614,161437
2026-04-15,GOLDPETAL,2026-05-29,15591.0,15622.0,15503.0,15548.0,91530,106869
2026-04-15,GOLDPETAL,2026-06-30,15735.0,15780.0,15667.0,15702.0,27420,62196
2026-04-15,GOLDPETAL,2026-07-31,15909.0,15943.0,15840.0,15881.0,10310,19485
2026-04-15,GOLDPETAL,2026-08-31,16064.0,16100.0,15990.0,16036.0,3557,8724
2026-04-15,GOLDPETAL,2026-09-30,16200.0,16334.0,16150.0,16188.0,1879,2485
2026-04-15,GOLDTEN,2026-04-30,153925.0,154332.0,152400.0,152729.0,22534,29699
2026-04-15,GOLDTEN,2026-05-29,154684.0,155404.0,154050.0,154383.0,11722,20173
2026-04-15,GOLDTEN,2026-06-30,157000.0,157157.0,154844.0,156024.0,4363,7293
2026-04-15,GOLDTEN,2026-07-31,158891.0,160326.0,156216.0,157536.0,1677,2034
2026-04-15,GOLDTEN,2026-08-31,160577.0,161191.0,159000.0,159296.0,473,683
2026-04-15,GOLDTEN,2026-09-30,161456.0,161795.0,160589.0,160809.0,120,152
2026-04-16,GOLDGUINEA,2026-04-30,123099.0,123810.0,122113.0,122239.0,9779,13052
2026-04-16,GOLDGUINEA,2026-05-29,124670.0,124750.0,123500.0,123537.0,4455,7769
2026-04-16,GOLDGUINEA,2026-06-30,125943.0,125972.0,124772.0,124902.0,1296,4180
2026-04-16,GOLDGUINEA,2026-07-31,127400.0,127400.0,126076.0,126136.0,449,1189
2026-04-16,GOLDGUINEA,2026-08-31,128840.0,128847.0,127576.0,127653.0,67,405
2026-04-16,GOLDGUINEA,2026-09-30,129848.0,129915.0,129084.0,129703.0,8,24
2026-04-16,GOLDM,2026-05-05,153011.0,153400.0,151510.0,151762.0,33033,35545
2026-04-16,GOLDM,2026-06-05,154640.0,154970.0,153016.0,153227.0,11106,13928
2026-04-16,GOLDM,2026-07-03,155979.0,156200.0,154266.0,154463.0,1269,4388
2026-04-16,GOLDM,2026-08-05,157091.0,157480.0,155600.0,155886.0,583,2375
2026-04-16,GOLDM,2026-09-04,158888.0,158910.0,157455.0,157568.0,96,244
2026-04-16,GOLDM,2026-10-05,160778.0,160993.0,159050.0,159077.0,21,28
2026-04-16,GOLDPETAL,2026-04-30,15441.0,15455.0,15301.0,15323.0,174930,160756
2026-04-16,GOLDPETAL,2026-05-29,15608.0,15620.0,15470.0,15485.0,92780,112533
2026-04-16,GOLDPETAL,2026-06-30,15750.0,15774.0,15615.0,15637.0,25663,64453
2026-04-16,GOLDPETAL,2026-07-31,15937.0,15955.0,15800.0,15816.0,9342,20069
2026-04-16,GOLDPETAL,2026-08-31,16086.0,16105.0,15946.0,15976.0,2052,8791
2026-04-16,GOLDPETAL,2026-09-30,16248.0,16250.0,16127.0,16138.0,862,2466
2026-04-16,GOLDTEN,2026-04-30,153500.0,153558.0,151802.0,152089.0,19204,29163
2026-04-16,GOLDTEN,2026-05-29,155071.0,155200.0,153450.0,153640.0,8632,20830
2026-04-16,GOLDTEN,2026-06-30,156724.0,156825.0,155105.0,155324.0,3419,7544
2026-04-16,GOLDTEN,2026-07-31,158165.0,158391.0,156731.0,156887.0,982,2066
2026-04-16,GOLDTEN,2026-08-31,159881.0,160030.0,158456.0,158592.0,332,697
2026-04-16,GOLDTEN,2026-09-30,161507.0,161619.0,160122.0,160225.0,90,184
2026-04-17,GOLDGUINEA,2026-04-30,122430.0,123774.0,121700.0,123333.0,13639,12383
2026-04-17,GOLDGUINEA,2026-05-29,123709.0,125032.0,123110.0,124637.0,6535,7860
2026-04-17,GOLDGUINEA,2026-06-30,125005.0,126340.0,124457.0,125822.0,2319,4343
2026-04-17,GOLDGUINEA,2026-07-31,126314.0,127634.0,125689.0,127048.0,484,1214
2026-04-17,GOLDGUINEA,2026-08-31,127930.0,129051.0,127221.0,128470.0,150,415
2026-04-17,GOLDGUINEA,2026-09-30,129084.0,130260.0,128726.0,129854.0,27,29
2026-04-17,GOLDM,2026-05-05,151981.0,154055.0,151130.0,153176.0,47568,36856
2026-04-17,GOLDM,2026-06-05,153306.0,155500.0,152500.0,154681.0,17494,15577
2026-04-17,GOLDM,2026-07-03,154560.0,156700.0,153842.0,155896.0,2499,4746
2026-04-17,GOLDM,2026-08-05,156081.0,158000.0,155252.0,157289.0,1164,2495
2026-04-17,GOLDM,2026-09-04,157568.0,159550.0,156960.0,158890.0,183,310
2026-04-17,GOLDM,2026-10-05,158903.0,160906.0,158877.0,160740.0,18,33
2026-04-17,GOLDPETAL,2026-04-30,15348.0,15518.0,15265.0,15446.0,237636,152753
2026-04-17,GOLDPETAL,2026-05-29,15509.0,15672.0,15430.0,15608.0,135245,112888
2026-04-17,GOLDPETAL,2026-06-30,15664.0,15829.0,15594.0,15762.0,40302,65456
2026-04-17,GOLDPETAL,2026-07-31,15848.0,15993.0,15771.0,15935.0,13905,20660
2026-04-17,GOLDPETAL,2026-08-31,16002.0,16161.0,15931.0,16096.0,4947,9097
2026-04-17,GOLDPETAL,2026-09-30,16167.0,16297.0,16077.0,16250.0,2164,2594
2026-04-17,GOLDTEN,2026-04-30,152577.0,154200.0,151415.0,153398.0,27875,27736
2026-04-17,GOLDTEN,2026-05-29,153801.0,155890.0,153090.0,155106.0,16061,21601
2026-04-17,GOLDTEN,2026-06-30,155512.0,157387.0,154705.0,156657.0,5765,7649
2026-04-17,GOLDTEN,2026-07-31,157052.0,158879.0,156249.0,158212.0,1717,2088
2026-04-17,GOLDTEN,2026-08-31,158616.0,160497.0,157987.0,159710.0,457,724
2026-04-17,GOLDTEN,2026-09-30,160543.0,162184.0,159734.0,161435.0,137,226
2026-04-20,GOLDGUINEA,2026-04-30,123100.0,123100.0,121500.0,122656.0,7996,12458
2026-04-20,GOLDGUINEA,2026-05-29,124004.0,124300.0,122900.0,124068.0,5329,8402
2026-04-20,GOLDGUINEA,2026-06-30,123349.0,125820.0,123348.0,125438.0,1508,4504
2026-04-20,GOLDGUINEA,2026-07-31,125001.0,127200.0,125001.0,126839.0,496,1253
2026-04-20,GOLDGUINEA,2026-08-31,127529.0,129500.0,127373.0,128418.0,261,506
2026-04-20,GOLDGUINEA,2026-09-30,128753.0,130200.0,128753.0,129837.0,32,29
2026-04-20,GOLDM,2026-05-05,151982.0,152851.0,151256.0,152406.0,27469,35995
2026-04-20,GOLDM,2026-06-05,153100.0,154400.0,152814.0,154009.0,12564,16456
2026-04-20,GOLDM,2026-07-03,154444.0,155540.0,154005.0,155177.0,1484,5090
2026-04-20,GOLDM,2026-08-05,155866.0,156978.0,155550.0,156573.0,779,2597
2026-04-20,GOLDM,2026-09-04,157127.0,158536.0,157126.0,158045.0,97,321
2026-04-20,GOLDM,2026-10-05,158782.0,159700.0,158555.0,158897.0,9,32
2026-04-20,GOLDPETAL,2026-04-30,15348.0,15415.0,15251.0,15372.0,144397,148869
2026-04-20,GOLDPETAL,2026-05-29,15592.0,15592.0,15422.0,15540.0,79188,117205
2026-04-20,GOLDPETAL,2026-06-30,15693.0,15738.0,15590.0,15698.0,26654,67925
2026-04-20,GOLDPETAL,2026-07-31,15794.0,15910.0,15780.0,15873.0,8120,21485
2026-04-20,GOLDPETAL,2026-08-31,15924.0,16067.0,15924.0,16027.0,2721,9325
2026-04-20,GOLDPETAL,2026-09-30,16136.0,16215.0,16099.0,16183.0,904,2944
2026-04-20,GOLDTEN,2026-04-30,152232.0,153050.0,151576.0,152571.0,17646,27333
2026-04-20,GOLDTEN,2026-05-29,153897.0,154717.0,153210.0,154325.0,10566,22803
2026-04-20,GOLDTEN,2026-06-30,156406.0,156406.0,155000.0,155945.0,3282,8154
2026-04-20,GOLDTEN,2026-07-31,156874.0,157950.0,156535.0,157629.0,1296,2326
2026-04-20,GOLDTEN,2026-08-31,158448.0,159528.0,158250.0,159116.0,346,815
2026-04-20,GOLDTEN,2026-09-30,160134.0,161893.0,159599.0,161046.0,87,257
2026-04-21,GOLDGUINEA,2026-04-30,122500.0,122850.0,121120.0,121390.0,8950,12327
2026-04-21,GOLDGUINEA,2026-05-29,124121.0,124225.0,122513.0,122807.0,6832,9632
2026-04-21,GOLDGUINEA,2026-06-30,124900.0,125510.0,124025.0,124367.0,1263,4537
2026-04-21,GOLDGUINEA,2026-07-31,126058.0,126975.0,125400.0,125730.0,367,1278
2026-04-21,GOLDGUINEA,2026-08-31,128418.0,128534.0,126507.0,126925.0,229,618
2026-04-21,GOLDGUINEA,2026-09-30,129521.0,129611.0,128053.0,128181.0,17,35
2026-04-21,GOLDM,2026-05-05,152064.0,152600.0,150001.0,150276.0,38349,35688
2026-04-21,GOLDM,2026-06-05,153886.0,154067.0,151500.0,151758.0,17770,18270
2026-04-21,GOLDM,2026-07-03,154872.0,155215.0,152750.0,153029.0,2147,5199
2026-04-21,GOLDM,2026-08-05,156573.0,156612.0,154155.0,154487.0,942,2678
2026-04-21,GOLDM,2026-09-04,157903.0,158128.0,155761.0,156070.0,100,320
2026-04-21,GOLDM,2026-10-05,159550.0,159550.0,158158.0,159031.0,6,35
2026-04-21,GOLDPETAL,2026-04-30,15391.0,15465.0,15162.0,15220.0,186652,149038
2026-04-21,GOLDPETAL,2026-05-29,15502.0,15560.0,15350.0,15392.0,119512,132462
2026-04-21,GOLDPETAL,2026-06-30,15674.0,15718.0,15510.0,15563.0,34674,71794
2026-04-21,GOLDPETAL,2026-07-31,15924.0,15924.0,15706.0,15752.0,11299,23634
2026-04-21,GOLDPETAL,2026-08-31,16040.0,16073.0,15871.0,15922.0,2645,9605
2026-04-21,GOLDPETAL,2026-09-30,16190.0,16200.0,16035.0,16073.0,1034,3077
2026-04-21,GOLDTEN,2026-04-30,152505.0,152847.0,150234.0,150537.0,22446,27820
2026-04-21,GOLDTEN,2026-05-29,153998.0,154421.0,151831.0,152178.0,13874,24404
2026-04-21,GOLDTEN,2026-06-30,155583.0,156090.0,153682.0,153957.0,4165,9293
2026-04-21,GOLDTEN,2026-07-31,157271.0,157683.0,155250.0,155617.0,1253,2479
2026-04-21,GOLDTEN,2026-08-31,159228.0,159228.0,156516.0,157248.0,426,858
2026-04-21,GOLDTEN,2026-09-30,161000.0,161000.0,158500.0,158841.0,107,277
2026-04-22,GOLDGUINEA,2026-04-30,122367.0,122420.0,121521.0,121885.0,6913,11685
2026-04-22,GOLDGUINEA,2026-05-29,123594.0,123830.0,123030.0,123234.0,5210,9617
2026-04-22,GOLDGUINEA,2026-06-30,125197.0,125245.0,123553.0,124533.0,1728,4800
2026-04-22,GOLDGUINEA,2026-07-31,126461.0,126484.0,125623.0,125807.0,620,1470
2026-04-22,GOLDGUINEA,2026-08-31,127708.0,127850.0,126979.0,127122.0,58,632
2026-04-22,GOLDGUINEA,2026-09-30,129190.0,129190.0,128676.0,128867.0,6,36
2026-04-22,GOLDM,2026-05-05,151299.0,152198.0,150750.0,151215.0,27993,33318
2026-04-22,GOLDM,2026-06-05,153444.0,153700.0,152280.0,152732.0,11632,18077
2026-04-22,GOLDM,2026-07-03,154500.0,154890.0,153541.0,153981.0,1112,5321
2026-04-22,GOLDM,2026-08-05,156156.0,156295.0,154893.0,155381.0,571,2736
2026-04-22,GOLDM,2026-09-04,157730.0,157811.0,156592.0,156901.0,39,318
2026-04-22,GOLDM,2026-10-05,159156.0,159156.0,158581.0,158930.0,3,37
2026-04-22,GOLDPETAL,2026-04-30,15255.0,15348.0,15240.0,15277.0,127965,134075
2026-04-22,GOLDPETAL,2026-05-29,15477.0,15515.0,15405.0,15448.0,93982,134887
2026-04-22,GOLDPETAL,2026-06-30,15639.0,15690.0,15575.0,15621.0,25997,72196
2026-04-22,GOLDPETAL,2026-07-31,15839.0,15866.0,15758.0,15802.0,9639,24931
2026-04-22,GOLDPETAL,2026-08-31,16020.0,16032.0,15940.0,15976.0,2279,9809
2026-04-22,GOLDPETAL,2026-09-30,16171.0,16199.0,16038.0,16128.0,1184,3373
2026-04-22,GOLDTEN,2026-04-30,150748.0,152275.0,150748.0,151390.0,15265,26085
2026-04-22,GOLDTEN,2026-05-29,152346.0,153938.0,152346.0,153113.0,11016,25136
2026-04-22,GOLDTEN,2026-06-30,154797.0,155630.0,154400.0,154831.0,3032,9371
2026-04-22,GOLDTEN,2026-07-31,156917.0,157221.0,156016.0,156492.0,681,2507
2026-04-22,GOLDTEN,2026-08-31,158500.0,158662.0,157511.0,158013.0,214,901
2026-04-22,GOLDTEN,2026-09-30,160005.0,160200.0,159188.0,159537.0,65,309
2026-04-23,GOLDGUINEA,2026-04-30,121209.0,122099.0,121000.0,121559.0,7495,10602
2026-04-23,GOLDGUINEA,2026-05-29,122700.0,123392.0,122500.0,122686.0,6111,10529
2026-04-23,GOLDGUINEA,2026-06-30,124112.0,124707.0,123800.0,124095.0,1231,4967
2026-04-23,GOLDGUINEA,2026-07-31,125407.0,126051.0,125150.0,125533.0,332,1447
2026-04-23,GOLDGUINEA,2026-08-31,126949.0,127342.0,126615.0,126938.0,86,631
2026-04-23,GOLDGUINEA,2026-09-30,128801.0,128801.0,128368.0,128581.0,12,36
2026-04-23,GOLDM,2026-05-05,150701.0,151696.0,149870.0,150414.0,34485,31398
2026-04-23,GOLDM,2026-06-05,152042.0,153141.0,151400.0,151851.0,16590,18958
2026-04-23,GOLDM,2026-07-03,153521.0,154290.0,152604.0,153031.0,1664,5598
2026-04-23,GOLDM,2026-08-05,154999.0,155719.0,154048.0,154406.0,681,2897
2026-04-23,GOLDM,2026-09-04,156389.0,157199.0,155700.0,156637.0,51,325
2026-04-23,GOLDM,2026-10-05,158777.0,158777.0,158482.0,158679.0,3,40
2026-04-23,GOLDPETAL,2026-04-30,15243.0,15298.0,15177.0,15219.0,130188,122927
2026-04-23,GOLDPETAL,2026-05-29,15428.0,15465.0,15348.0,15374.0,117575,142780
2026-04-23,GOLDPETAL,2026-06-30,15583.0,15632.0,15511.0,15546.0,30849,73119
2026-04-23,GOLDPETAL,2026-07-31,15753.0,15804.0,15697.0,15730.0,14996,25823
2026-04-23,GOLDPETAL,2026-08-31,15909.0,15987.0,15883.0,15908.0,2968,10153
2026-04-23,GOLDPETAL,2026-09-30,16087.0,16243.0,16043.0,16062.0,1575,3484
2026-04-23,GOLDTEN,2026-04-30,150652.0,151700.0,150000.0,150475.0,17133,24017
2026-04-23,GOLDTEN,2026-05-29,152375.0,153362.0,151801.0,152214.0,14809,27100
2026-04-23,GOLDTEN,2026-06-30,154095.0,155100.0,153500.0,153949.0,3876,9932
2026-04-23,GOLDTEN,2026-07-31,155752.0,156750.0,155114.0,155555.0,1316,2760
2026-04-23,GOLDTEN,2026-08-31,157240.0,158279.0,156879.0,157212.0,267,940
2026-04-23,GOLDTEN,2026-09-30,159491.0,159950.0,158500.0,158983.0,62,311
2026-04-24,GOLDGUINEA,2026-04-30,121001.0,122000.0,120577.0,121750.0,7119,8912
2026-04-24,GOLDGUINEA,2026-05-29,122329.0,123394.0,121993.0,123141.0,8089,11492
2026-04-24,GOLDGUINEA,2026-06-30,123674.0,124696.0,123452.0,124357.0,1471,5170
2026-04-24,GOLDGUINEA,2026-07-31,125212.0,126069.0,124784.0,125729.0,260,1458
2026-04-24,GOLDGUINEA,2026-08-31,126648.0,127350.0,126259.0,127016.0,80,646
2026-04-24,GOLDGUINEA,2026-09-30,128480.0,128952.0,128451.0,128579.0,7,42
2026-04-24,GOLDM,2026-05-05,149725.0,151800.0,149339.0,151286.0,35272,29602
2026-04-24,GOLDM,2026-06-05,151116.0,153342.0,150811.0,152764.0,17755,19574
2026-04-24,GOLDM,2026-07-03,152317.0,154390.0,152035.0,153934.0,1682,5855
2026-04-24,GOLDM,2026-08-05,153880.0,155751.0,153381.0,155296.0,814,2971
2026-04-24,GOLDM,2026-09-04,155531.0,157277.0,155031.0,156883.0,93,326
2026-04-24,GOLDM,2026-10-05,157550.0,158764.0,157447.0,157893.0,4,40
2026-04-24,GOLDPETAL,2026-04-30,15178.0,15299.0,15120.0,15254.0,123793,101774
2026-04-24,GOLDPETAL,2026-05-29,15374.0,15463.0,15277.0,15425.0,131814,151845
2026-04-24,GOLDPETAL,2026-06-30,15501.0,15630.0,15450.0,15593.0,40271,76708
2026-04-24,GOLDPETAL,2026-07-31,15680.0,15807.0,15633.0,15760.0,12364,27203
2026-04-24,GOLDPETAL,2026-08-31,15839.0,15973.0,15814.0,15927.0,2666,9923
2026-04-24,GOLDPETAL,2026-09-30,16028.0,16120.0,15972.0,16093.0,1129,3808
2026-04-24,GOLDTEN,2026-04-30,150000.0,151689.0,149500.0,151219.0,16189,21884
2026-04-24,GOLDTEN,2026-05-29,152000.0,153442.0,151200.0,153002.0,20624,29550
2026-04-24,GOLDTEN,2026-06-30,153749.0,155200.0,152920.0,154666.0,4150,10329
2026-04-24,GOLDTEN,2026-07-31,155111.0,156746.0,154556.0,156264.0,1441,2857
2026-04-24,GOLDTEN,2026-08-31,156818.0,158303.0,156258.0,157700.0,325,971
2026-04-24,GOLDTEN,2026-09-30,157960.0,159840.0,157960.0,159603.0,39,322
2026-04-27,GOLDGUINEA,2026-04-30,121699.0,122000.0,120118.0,120554.0,10667,3063
2026-04-27,GOLDGUINEA,2026-05-29,123200.0,123500.0,121864.0,122110.0,13770,15683
2026-04-27,GOLDGUINEA,2026-06-30,124284.0,125500.0,123450.0,123607.0,2371,5963
2026-04-27,GOLDGUINEA,2026-07-31,125799.0,126778.0,124800.0,124999.0,620,1658
2026-04-27,GOLDGUINEA,2026-08-31,127099.0,127808.0,126128.0,126431.0,131,681
2026-04-27,GOLDGUINEA,2026-09-30,128455.0,128866.0,127484.0,127783.0,46,46
2026-04-27,GOLDM,2026-05-05,151300.0,151600.0,149727.0,150227.0,27888,27125
2026-04-27,GOLDM,2026-06-05,152811.0,153123.0,151322.0,151771.0,16720,23416
2026-04-27,GOLDM,2026-07-03,153875.0,154305.0,152562.0,153036.0,2610,6776
2026-04-27,GOLDM,2026-08-05,155331.0,155693.0,154001.0,154492.0,1139,3206
2026-04-27,GOLDM,2026-09-04,157043.0,157283.0,155563.0,155994.0,61,346
2026-04-27,GOLDM,2026-10-05,158580.0,158580.0,157348.0,157905.0,10,43
2026-04-27,GOLDPETAL,2026-04-30,15261.0,15288.0,15036.0,15098.0,154850,31400
2026-04-27,GOLDPETAL,2026-05-29,15435.0,15455.0,15301.0,15320.0,185465,190285
2026-04-27,GOLDPETAL,2026-06-30,15585.0,15650.0,15477.0,15495.0,42961,85130
2026-04-27,GOLDPETAL,2026-07-31,15747.0,15801.0,15600.0,15669.0,13029,29536
2026-04-27,GOLDPETAL,2026-08-31,15930.0,15986.0,15826.0,15850.0,3764,10430
2026-04-27,GOLDPETAL,2026-09-30,16091.0,16184.0,15990.0,16008.0,1608,3810
2026-04-27,GOLDTEN,2026-04-30,151233.0,151483.0,149549.0,149929.0,19643,15522
2026-04-27,GOLDTEN,2026-05-29,153025.0,153668.0,151597.0,151864.0,22743,35732
2026-04-27,GOLDTEN,2026-06-30,154630.0,155138.0,153351.0,153715.0,5827,12285
2026-04-27,GOLDTEN,2026-07-31,156160.0,157081.0,155078.0,155424.0,1724,3207
2026-04-27,GOLDTEN,2026-08-31,158085.0,158386.0,156665.0,156900.0,351,1112
2026-04-27,GOLDTEN,2026-09-30,159732.0,159732.0,158176.0,158406.0,50,349
2026-04-28,GOLDGUINEA,2026-04-30,120553.0,120935.0,118235.0,119435.0,3030,1199
2026-04-28,GOLDGUINEA,2026-05-29,122188.0,122289.0,119734.0,120995.0,17569,16709
2026-04-28,GOLDGUINEA,2026-06-30,123628.0,123689.0,121022.0,122384.0,3297,6561
2026-04-28,GOLDGUINEA,2026-07-31,125075.0,125099.0,122859.0,123923.0,986,1803
2026-04-28,GOLDGUINEA,2026-08-31,126488.0,126488.0,124308.0,125319.0,268,727
2026-04-28,GOLDGUINEA,2026-09-30,127011.0,127477.0,125769.0,126774.0,38,47
2026-04-28,GOLDM,2026-05-05,150231.0,150412.0,147140.0,148534.0,55565,22560
2026-04-28,GOLDM,2026-06-05,151910.0,151910.0,148800.0,150123.0,35888,27809
2026-04-28,GOLDM,2026-07-03,153040.0,153074.0,150018.0,151395.0,7320,9110
2026-04-28,GOLDM,2026-08-05,154490.0,154490.0,151750.0,153056.0,2806,4409
2026-04-28,GOLDM,2026-09-04,155801.0,155801.0,153250.0,154648.0,139,357
2026-04-28,GOLDM,2026-10-05,157190.0,157190.0,154872.0,156198.0,87,72
2026-04-28,GOLDPETAL,2026-04-30,15098.0,15169.0,14847.0,14985.0,45140,16335
2026-04-28,GOLDPETAL,2026-05-29,15326.0,15360.0,15063.0,15170.0,269718,210797
2026-04-28,GOLDPETAL,2026-06-30,15474.0,15515.0,15231.0,15339.0,74770,98299
2026-04-28,GOLDPETAL,2026-07-31,15680.0,15682.0,15401.0,15524.0,27183,33448
2026-04-28,GOLDPETAL,2026-08-31,15845.0,15854.0,15519.0,15691.0,7825,10621
2026-04-28,GOLDPETAL,2026-09-30,16008.0,16013.0,15761.0,15864.0,3060,4272
2026-04-28,GOLDTEN,2026-04-30,149812.0,150266.0,147147.0,148718.0,8811,12168
2026-04-28,GOLDTEN,2026-05-29,151789.0,152740.0,149150.0,150342.0,37271,37330
2026-04-28,GOLDTEN,2026-06-30,153797.0,153797.0,150900.0,152018.0,8872,14144
2026-04-28,GOLDTEN,2026-07-31,155285.0,155508.0,152675.0,153894.0,3072,3826
2026-04-28,GOLDTEN,2026-08-31,156805.0,157000.0,154209.0,155479.0,548,1168
2026-04-28,GOLDTEN,2026-09-30,158406.0,158406.0,155970.0,156970.0,194,434
2026-04-29,GOLDGUINEA,2026-04-30,119566.0,120772.0,118800.0,119464.0,129,531
2026-04-29,GOLDGUINEA,2026-05-29,120896.0,121228.0,119619.0,120260.0,11845,17061
2026-04-29,GOLDGUINEA,2026-06-30,122096.0,122600.0,121023.0,121591.0,2575,6866
2026-04-29,GOLDGUINEA,2026-07-31,123852.0,124148.0,122506.0,123078.0,690,1913
2026-04-29,GOLDGUINEA,2026-08-31,125337.0,125421.0,124000.0,124551.0,218,760
2026-04-29,GOLDGUINEA,2026-09-30,126692.0,126692.0,125367.0,125863.0,14,50
2026-04-29,GOLDM,2026-05-05,148384.0,148790.0,146369.0,147455.0,26298,18537
2026-04-29,GOLDM,2026-06-05,150194.0,150400.0,148056.0,149118.0,33478,30519
2026-04-29,GOLDM,2026-07-03,151648.0,151674.0,149399.0,150434.0,5162,10176
2026-04-29,GOLDM,2026-08-05,152891.0,153343.0,151034.0,151998.0,1415,4725
2026-04-29,GOLDM,2026-09-04,154540.0,154745.0,152758.0,153574.0,138,398
2026-04-29,GOLDM,2026-10-05,156220.0,156220.0,154289.0,155188.0,44,83
2026-04-29,GOLDPETAL,2026-04-30,15001.0,15050.0,14830.0,14940.0,2452,10546
2026-04-29,GOLDPETAL,2026-05-29,15185.0,15199.0,14989.0,15074.0,219863,216692
2026-04-29,GOLDPETAL,2026-06-30,15312.0,15369.0,15157.0,15240.0,52663,103418
2026-04-29,GOLDPETAL,2026-07-31,15507.0,15555.0,15335.0,15421.0,20107,35209
2026-04-29,GOLDPETAL,2026-08-31,15693.0,15728.0,15521.0,15599.0,5454,10825
2026-04-29,GOLDPETAL,2026-09-30,15864.0,15904.0,15680.0,15764.0,2634,4602
2026-04-29,GOLDTEN,2026-04-30,148789.0,149409.0,146880.0,147878.0,492,9284
2026-04-29,GOLDTEN,2026-05-29,150217.0,150677.0,148367.0,149383.0,26876,37812
2026-04-29,GOLDTEN,2026-06-30,152143.0,152286.0,150060.0,150995.0,5812,14648
2026-04-29,GOLDTEN,2026-07-31,153439.0,154189.0,151900.0,152793.0,2091,4137
2026-04-29,GOLDTEN,2026-08-31,155788.0,155789.0,153508.0,154344.0,578,1247
2026-04-29,GOLDTEN,2026-09-30,156860.0,157099.0,155001.0,155951.0,134,468
2026-04-30,GOLDGUINEA,2026-04-30,119072.0,121935.0,118772.0,121333.0,32,340
2026-04-30,GOLDGUINEA,2026-05-29,120427.0,122220.0,120125.0,121654.0,13607,16133
2026-04-30,GOLDGUINEA,2026-06-30,121845.0,123439.0,121455.0,122886.0,3110,7058
2026-04-30,GOLDGUINEA,2026-07-31,123521.0,124880.0,122911.0,124164.0,832,1995
2026-04-30,GOLDGUINEA,2026-08-31,124694.0,126831.0,124487.0,125657.0,256,800
2026-04-30,GOLDGUINEA,2026-09-30,126000.0,127732.0,125867.0,127042.0,81,61
2026-04-30,GOLDM,2026-05-05,147850.0,149989.0,147461.0,148682.0,23798,12192
2026-04-30,GOLDM,2026-06-05,149649.0,151862.0,149089.0,151060.0,51197,36765
2026-04-30,GOLDM,2026-07-03,151373.0,153300.0,150411.0,152637.0,6714,11293
2026-04-30,GOLDM,2026-08-05,152500.0,154930.0,152055.0,154262.0,1805,5073
2026-04-30,GOLDM,2026-09-04,153988.0,156493.0,153818.0,155821.0,230,404
2026-04-30,GOLDM,2026-10-05,155600.0,158000.0,155600.0,157692.0,35,87
2026-04-30,GOLDPETAL,2026-04-30,14955.0,15248.0,14920.0,15110.0,923,2664
2026-04-30,GOLDPETAL,2026-05-29,15123.0,15310.0,15051.0,15247.0,247105,207038
2026-04-30,GOLDPETAL,2026-06-30,15273.0,15475.0,15225.0,15412.0,63288,98794
2026-04-30,GOLDPETAL,2026-07-31,15479.0,15650.0,15411.0,15590.0,25741,35488
2026-04-30,GOLDPETAL,2026-08-31,15643.0,15826.0,15588.0,15752.0,7410,11060
2026-04-30,GOLDPETAL,2026-09-30,15792.0,15989.0,15756.0,15907.0,3443,5306
2026-04-30,GOLDTEN,2026-04-30,148321.0,150356.0,147780.0,150281.0,284,2348
2026-04-30,GOLDTEN,2026-05-29,150005.0,151990.0,149297.0,151312.0,28933,35798
2026-04-30,GOLDTEN,2026-06-30,150999.0,153721.0,150999.0,153051.0,7125,14466
2026-04-30,GOLDTEN,2026-07-31,152873.0,155500.0,152788.0,154798.0,2658,4444
2026-04-30,GOLDTEN,2026-08-31,154729.0,157142.0,154504.0,156478.0,710,1441
2026-04-30,GOLDTEN,2026-09-30,156236.0,158737.0,156000.0,157878.0,135,484
2026-05-01,GOLDGUINEA,2026-05-29,120411.0,122465.0,120050.0,121893.0,7688,15875
2026-05-01,GOLDGUINEA,2026-06-30,122270.0,123719.0,122130.0,123165.0,2131,7095
2026-05-01,GOLDGUINEA,2026-07-31,124000.0,125100.0,123556.0,124532.0,726,2013
2026-05-01,GOLDGUINEA,2026-08-31,125651.0,126504.0,125200.0,126029.0,125,831
2026-05-01,GOLDGUINEA,2026-09-30,126699.0,127900.0,126533.0,127653.0,59,76
2026-05-01,GOLDGUINEA,2026-10-30,,,,127337.0,0,0
2026-05-01,GOLDM,2026-05-05,147663.0,149799.0,147238.0,148950.0,7733,11604
2026-05-01,GOLDM,2026-06-05,150112.0,152222.0,149385.0,151353.0,36477,40383
2026-05-01,GOLDM,2026-07-03,151774.0,153800.0,151262.0,152911.0,3919,11476
2026-05-01,GOLDM,2026-08-05,153507.0,155433.0,152863.0,154534.0,1180,5085
2026-05-01,GOLDM,2026-09-04,154966.0,157036.0,154664.0,156309.0,121,417
2026-05-01,GOLDM,2026-10-05,156116.0,158765.0,156116.0,158008.0,47,95
2026-05-01,GOLDPETAL,2026-05-29,15201.0,15355.0,15121.0,15274.0,158933,203485
2026-05-01,GOLDPETAL,2026-06-30,15357.0,15517.0,15311.0,15438.0,51523,100484
2026-05-01,GOLDPETAL,2026-07-31,15539.0,15696.0,15484.0,15618.0,16151,36513
2026-05-01,GOLDPETAL,2026-08-31,15698.0,15861.0,15660.0,15781.0,3151,11095
2026-05-01,GOLDPETAL,2026-09-30,15872.0,16014.0,15842.0,15942.0,915,5297
2026-05-01,GOLDPETAL,2026-10-30,16019.0,16129.0,16000.0,16104.0,17,12
2026-05-01,GOLDTEN,2026-05-29,150462.0,152400.0,149800.0,151604.0,20022,35065
2026-05-01,GOLDTEN,2026-06-30,152600.0,154119.0,151710.0,153222.0,5731,14797
2026-05-01,GOLDTEN,2026-07-31,154090.0,155895.0,153576.0,155059.0,2002,4582
2026-05-01,GOLDTEN,2026-08-31,155182.0,157514.0,155182.0,156753.0,633,1587
2026-05-01,GOLDTEN,2026-09-30,156900.0,159048.0,156827.0,158227.0,147,491
2026-05-01,GOLDTEN,2026-10-30,159150.0,160100.0,159150.0,159792.0,6,4
2026-05-04,GOLDGUINEA,2026-05-29,121649.0,121957.0,120386.0,120589.0,15826,17322
2026-05-04,GOLDGUINEA,2026-06-30,122698.0,123330.0,121896.0,122193.0,3911,7194
2026-05-04,GOLDGUINEA,2026-07-31,124100.0,124667.0,123285.0,123660.0,916,2172
2026-05-04,GOLDGUINEA,2026-08-31,125998.0,126227.0,124650.0,125016.0,366,979
2026-05-04,GOLDGUINEA,2026-09-30,127601.0,127619.0,126139.0,126669.0,100,102
2026-05-04,GOLDGUINEA,2026-10-30,129109.0,129109.0,127000.0,127897.0,13,3
2026-05-04,GOLDM,2026-05-05,148973.0,149259.0,146717.0,147046.0,4118,10506
2026-05-04,GOLDM,2026-06-05,150889.0,151394.0,148810.0,149324.0,55718,43561
2026-05-04,GOLDM,2026-07-03,151858.0,153040.0,150603.0,151046.0,6430,12232
2026-05-04,GOLDM,2026-08-05,154375.0,154700.0,152405.0,152815.0,1528,5213
2026-05-04,GOLDM,2026-09-04,156251.0,156374.0,154153.0,154543.0,176,466
2026-05-04,GOLDM,2026-10-05,157781.0,157781.0,156000.0,156287.0,61,125
2026-05-04,GOLDPETAL,2026-05-29,15277.0,15283.0,15080.0,15113.0,302870,217911
2026-05-04,GOLDPETAL,2026-06-30,15498.0,15498.0,15255.0,15294.0,89359,103666
2026-05-04,GOLDPETAL,2026-07-31,15683.0,15683.0,15441.0,15480.0,29317,39617
2026-05-04,GOLDPETAL,2026-08-31,15806.0,15810.0,15620.0,15652.0,6312,11521
2026-05-04,GOLDPETAL,2026-09-30,15965.0,16053.0,15796.0,15822.0,3321,5017
2026-05-04,GOLDPETAL,2026-10-30,16215.0,16215.0,15900.0,15972.0,833,606
2026-05-04,GOLDTEN,2026-05-29,151312.0,151773.0,149259.0,149719.0,29090,36995
2026-05-04,GOLDTEN,2026-06-30,153000.0,153330.0,151100.0,151493.0,6617,15470
2026-05-04,GOLDTEN,2026-07-31,154632.0,155300.0,152831.0,153211.0,2765,5065
2026-05-04,GOLDTEN,2026-08-31,156643.0,156868.0,154516.0,154990.0,719,1809
2026-05-04,GOLDTEN,2026-09-30,157957.0,158364.0,156171.0,156723.0,130,501
2026-05-04,GOLDTEN,2026-10-30,160010.0,160010.0,158000.0,158501.0,19,14
2026-05-05,GOLDGUINEA,2026-05-29,120920.0,121200.0,120400.0,120828.0,8417,16636
2026-05-05,GOLDGUINEA,2026-06-30,122805.0,122805.0,121929.0,122270.0,1985,7288
2026-05-05,GOLDGUINEA,2026-07-31,124359.0,124359.0,123408.0,123608.0,581,2326
2026-05-05,GOLDGUINEA,2026-08-31,125193.0,125400.0,124826.0,124938.0,128,991
2026-05-05,GOLDGUINEA,2026-09-30,126687.0,126918.0,126304.0,126388.0,72,114
2026-05-05,GOLDGUINEA,2026-10-30,128000.0,128000.0,128000.0,128000.0,1,4
2026-05-05,GOLDM,2026-05-05,147361.0,148200.0,147090.0,147417.0,1305,3667
2026-05-05,GOLDM,2026-06-05,149563.0,150400.0,149220.0,149750.0,36765,45221
2026-05-05,GOLDM,2026-07-03,151594.0,152000.0,150892.0,151454.0,4576,13114
2026-05-05,GOLDM,2026-08-05,153121.0,153768.0,152610.0,153229.0,1233,5310
2026-05-05,GOLDM,2026-09-04,154808.0,155414.0,154442.0,154955.0,170,474
2026-05-05,GOLDM,2026-10-05,156388.0,157083.0,156172.0,156810.0,27,132
2026-05-05,GOLDPETAL,2026-05-29,15147.0,15195.0,15082.0,15148.0,167523,207848
2026-05-05,GOLDPETAL,2026-06-30,15314.0,15369.0,15268.0,15323.0,50228,105644
2026-05-05,GOLDPETAL,2026-07-31,15499.0,15553.0,15454.0,15508.0,15603,40980
2026-05-05,GOLDPETAL,2026-08-31,15676.0,15719.0,15629.0,15680.0,3213,11495
2026-05-05,GOLDPETAL,2026-09-30,15854.0,15884.0,15799.0,15850.0,1343,4955
2026-05-05,GOLDPETAL,2026-10-30,16003.0,16063.0,15952.0,16011.0,732,866
2026-05-05,GOLDTEN,2026-05-29,149861.0,150657.0,149482.0,150097.0,17022,36219
2026-05-05,GOLDTEN,2026-06-30,151720.0,152338.0,151275.0,151771.0,4645,15618
2026-05-05,GOLDTEN,2026-07-31,153502.0,154100.0,153077.0,153581.0,1540,5045
2026-05-05,GOLDTEN,2026-08-31,155279.0,155703.0,154790.0,155158.0,254,1818
2026-05-05,GOLDTEN,2026-09-30,157175.0,157310.0,156479.0,156649.0,151,549
2026-05-05,GOLDTEN,2026-10-30,157980.0,158510.0,157980.0,158178.0,9,16
2026-05-06,GOLDGUINEA,2026-05-29,121499.0,122857.0,121289.0,122451.0,15560,15341
2026-05-06,GOLDGUINEA,2026-06-30,123502.0,124200.0,123258.0,123812.0,4469,7248
2026-05-06,GOLDGUINEA,2026-07-31,124858.0,125585.0,124441.0,125249.0,1649,2607
2026-05-06,GOLDGUINEA,2026-08-31,126200.0,126767.0,125831.0,126432.0,378,992
2026-05-06,GOLDGUINEA,2026-09-30,127547.0,128082.0,127366.0,127660.0,112,130
2026-05-06,GOLDGUINEA,2026-10-30,128918.0,129514.0,128918.0,129160.0,4,5
2026-05-06,GOLDM,2026-06-05,150699.0,152830.0,150699.0,152102.0,57909,44149
2026-05-06,GOLDM,2026-07-03,152308.0,154490.0,152308.0,153788.0,7579,13402
2026-05-06,GOLDM,2026-08-05,154365.0,156281.0,154365.0,155595.0,3398,5395
2026-05-06,GOLDM,2026-09-04,156307.0,157917.0,156036.0,157334.0,493,473
2026-05-06,GOLDM,2026-10-05,158641.0,159491.0,158175.0,159146.0,147,153
2026-05-06,GOLDM,2026-11-05,161000.0,161000.0,161000.0,161000.0,1,1
2026-05-06,GOLDPETAL,2026-05-29,15199.0,15398.0,15120.0,15344.0,254247,193491
2026-05-06,GOLDPETAL,2026-06-30,15369.0,15570.0,15288.0,15520.0,102693,105123
2026-05-06,GOLDPETAL,2026-07-31,15540.0,15750.0,15534.0,15704.0,37168,39282
2026-05-06,GOLDPETAL,2026-08-31,15731.0,15913.0,15731.0,15878.0,8853,12503
2026-05-06,GOLDPETAL,2026-09-30,15931.0,16078.0,15931.0,16041.0,3451,5109
2026-05-06,GOLDPETAL,2026-10-30,16157.0,16259.0,16088.0,16205.0,1711,1490
2026-05-06,GOLDTEN,2026-05-29,150949.0,153000.0,150949.0,152352.0,27605,32887
2026-05-06,GOLDTEN,2026-06-30,152361.0,155200.0,152361.0,154052.0,8064,15751
2026-05-06,GOLDTEN,2026-07-31,153899.0,156500.0,153899.0,155867.0,4058,5356
2026-05-06,GOLDTEN,2026-08-31,156735.0,157950.0,156697.0,157490.0,793,1908
2026-05-06,GOLDTEN,2026-09-30,157299.0,159500.0,157299.0,159153.0,255,518
2026-05-06,GOLDTEN,2026-10-30,159777.0,160650.0,159777.0,160439.0,15,26
2026-05-07,GOLDGUINEA,2026-05-29,122731.0,123436.0,122413.0,122581.0,13013,15086
2026-05-07,GOLDGUINEA,2026-06-30,124090.0,124778.0,123850.0,124053.0,3704,7325
2026-05-07,GOLDGUINEA,2026-07-31,125516.0,126119.0,125200.0,125357.0,1372,2838
2026-05-07,GOLDGUINEA,2026-08-31,126842.0,127436.0,126551.0,126714.0,285,1058
2026-05-07,GOLDGUINEA,2026-09-30,127900.0,128675.0,127900.0,128075.0,75,128
2026-05-07,GOLDGUINEA,2026-10-30,129478.0,129500.0,129478.0,129489.0,2,6
2026-05-07,GOLDM,2026-06-05,152609.0,153750.0,151850.0,152176.0,51012,44622
2026-05-07,GOLDM,2026-07-03,154220.0,155425.0,153600.0,153937.0,7815,14300
2026-05-07,GOLDM,2026-08-05,156152.0,157121.0,155285.0,155687.0,2849,5108
2026-05-07,GOLDM,2026-09-04,158137.0,159082.0,157200.0,157515.0,716,736
2026-05-07,GOLDM,2026-10-05,159439.0,160367.0,159000.0,159245.0,130,146
2026-05-07,GOLDM,2026-11-05,161600.0,162130.0,161252.0,161693.0,9,6
2026-05-07,GOLDPETAL,2026-05-29,15375.0,15467.0,15345.0,15363.0,221891,192911
2026-05-07,GOLDPETAL,2026-06-30,15552.0,15642.0,15522.0,15547.0,86978,112097
2026-05-07,GOLDPETAL,2026-07-31,15704.0,15825.0,15703.0,15725.0,31505,40567
2026-05-07,GOLDPETAL,2026-08-31,15918.0,15999.0,15855.0,15886.0,10190,13541
2026-05-07,GOLDPETAL,2026-09-30,16074.0,16160.0,16043.0,16062.0,2910,4930
2026-05-07,GOLDPETAL,2026-10-30,16226.0,16313.0,16205.0,16221.0,1171,1586
2026-05-07,GOLDTEN,2026-05-29,152898.0,153941.0,152173.0,152461.0,27050,32583
2026-05-07,GOLDTEN,2026-06-30,154629.0,155643.0,153905.0,154216.0,9536,16406
2026-05-07,GOLDTEN,2026-07-31,156407.0,157282.0,155600.0,155832.0,3636,5739
2026-05-07,GOLDTEN,2026-08-31,157999.0,158933.0,157210.0,157477.0,777,2066
2026-05-07,GOLDTEN,2026-09-30,159539.0,160398.0,158747.0,158926.0,307,581
2026-05-07,GOLDTEN,2026-10-30,160550.0,161943.0,160550.0,160776.0,50,40
2026-05-08,GOLDGUINEA,2026-05-29,123140.0,123250.0,122577.0,122775.0,9064,14986
2026-05-08,GOLDGUINEA,2026-06-30,124136.0,124731.0,123512.0,124274.0,2761,7558
2026-05-08,GOLDGUINEA,2026-07-31,125653.0,125949.0,125394.0,125525.0,613,2815
2026-05-08,GOLDGUINEA,2026-08-31,126928.0,127200.0,126632.0,126710.0,219,1123
2026-05-08,GOLDGUINEA,2026-09-30,128180.0,128499.0,127893.0,128035.0,42,130
2026-05-08,GOLDGUINEA,2026-10-30,,,,129489.0,0,6
2026-05-08,GOLDM,2026-06-05,152634.0,153350.0,152200.0,152467.0,40399,43940
2026-05-08,GOLDM,2026-07-03,154315.0,155050.0,153900.0,154234.0,6050,14526
2026-05-08,GOLDM,2026-08-05,156200.0,156800.0,155676.0,155989.0,2392,4401
2026-05-08,GOLDM,2026-09-04,157915.0,158499.0,157500.0,157690.0,240,782
2026-05-08,GOLDM,2026-10-05,159800.0,160037.0,159028.0,159165.0,84,165
2026-05-08,GOLDM,2026-11-05,161247.0,161439.0,161131.0,161235.0,7,8
2026-05-08,GOLDPETAL,2026-05-29,15418.0,15442.0,15365.0,15385.0,167418,188844
2026-05-08,GOLDPETAL,2026-06-30,15584.0,15619.0,15543.0,15568.0,68007,115546
2026-05-08,GOLDPETAL,2026-07-31,15755.0,15804.0,15725.0,15753.0,17902,41741
2026-05-08,GOLDPETAL,2026-08-31,15941.0,15968.0,15890.0,15922.0,5731,13681
2026-05-08,GOLDPETAL,2026-09-30,16092.0,16124.0,16057.0,16082.0,1690,5147
2026-05-08,GOLDPETAL,2026-10-30,16297.0,16299.0,16218.0,16246.0,647,1704
2026-05-08,GOLDTEN,2026-05-29,152839.0,153548.0,152500.0,152751.0,18485,32429
2026-05-08,GOLDTEN,2026-06-30,154216.0,155250.0,154216.0,154491.0,4963,16627
2026-05-08,GOLDTEN,2026-07-31,156300.0,156910.0,155969.0,156196.0,1613,5843
2026-05-08,GOLDTEN,2026-08-31,158028.0,158400.0,157525.0,157735.0,635,2180
2026-05-08,GOLDTEN,2026-09-30,159560.0,159950.0,159200.0,159343.0,316,677
2026-05-08,GOLDTEN,2026-10-30,161265.0,161883.0,160914.0,161238.0,33,50
2026-05-11,GOLDGUINEA,2026-05-29,122400.0,123600.0,121900.0,123274.0,12954,15131
2026-05-11,GOLDGUINEA,2026-06-30,124133.0,125000.0,123412.0,124636.0,4565,7756
2026-05-11,GOLDGUINEA,2026-07-31,125524.0,126523.0,124414.0,125946.0,2133,3156
2026-05-11,GOLDGUINEA,2026-08-31,126216.0,127508.0,125725.0,126996.0,371,1128
2026-05-11,GOLDGUINEA,2026-09-30,127669.0,128867.0,126707.0,128323.0,163,134
2026-05-11,GOLDGUINEA,2026-10-30,129584.0,129971.0,128305.0,129577.0,21,13
2026-05-11,GOLDM,2026-06-05,152160.0,154538.0,151440.0,153445.0,55652,45440
2026-05-11,GOLDM,2026-07-03,153770.0,156028.0,153205.0,155223.0,10119,14691
2026-05-11,GOLDM,2026-08-05,155824.0,157786.0,155000.0,157112.0,3325,4346
2026-05-11,GOLDM,2026-09-04,157514.0,159500.0,156704.0,158965.0,843,894
2026-05-11,GOLDM,2026-10-05,160070.0,160883.0,158395.0,160610.0,158,200
2026-05-11,GOLDM,2026-11-05,160863.0,162574.0,160307.0,162090.0,33,25
2026-05-11,GOLDPETAL,2026-05-29,15385.0,15488.0,15281.0,15446.0,232915,180190
2026-05-11,GOLDPETAL,2026-06-30,15526.0,15666.0,15464.0,15622.0,117410,118648
2026-05-11,GOLDPETAL,2026-07-31,15525.0,15850.0,15525.0,15808.0,35748,40833
2026-05-11,GOLDPETAL,2026-08-31,15866.0,16010.0,15806.0,15968.0,10243,14199
2026-05-11,GOLDPETAL,2026-09-30,15916.0,16188.0,15916.0,16139.0,3415,5165
2026-05-11,GOLDPETAL,2026-10-30,16200.0,16350.0,16150.0,16308.0,1859,2033
2026-05-11,GOLDTEN,2026-05-29,152226.0,155400.0,151684.0,153656.0,29093,29738
2026-05-11,GOLDTEN,2026-06-30,154143.0,156111.0,153450.0,155363.0,9827,17510
2026-05-11,GOLDTEN,2026-07-31,156000.0,157828.0,155208.0,157170.0,4209,6566
2026-05-11,GOLDTEN,2026-08-31,157160.0,159285.0,156734.0,158813.0,1251,2327
2026-05-11,GOLDTEN,2026-09-30,160473.0,160630.0,158317.0,160127.0,295,723
2026-05-11,GOLDTEN,2026-10-30,160604.0,162296.0,160288.0,161824.0,72,58
2026-05-12,GOLDGUINEA,2026-05-29,123274.0,123600.0,122810.0,123137.0,11893,14069
2026-05-12,GOLDGUINEA,2026-06-30,124568.0,125097.0,124168.0,124677.0,4221,7726
2026-05-12,GOLDGUINEA,2026-07-31,126175.0,126869.0,125200.0,126138.0,1632,3401
2026-05-12,GOLDGUINEA,2026-08-31,127412.0,127572.0,126767.0,127162.0,292,1128
2026-05-12,GOLDGUINEA,2026-09-30,128609.0,128798.0,128003.0,128333.0,70,127
2026-05-12,GOLDGUINEA,2026-10-30,129518.0,130058.0,129167.0,129657.0,9,14
2026-05-12,GOLDM,2026-06-05,153575.0,153990.0,152350.0,153146.0,41154,46139
2026-05-12,GOLDM,2026-07-03,155161.0,155811.0,154333.0,155092.0,7117,14775
2026-05-12,GOLDM,2026-08-05,157266.0,157743.0,156260.0,157060.0,3276,4366
2026-05-12,GOLDM,2026-09-04,158247.0,159499.0,158247.0,158956.0,542,945
2026-05-12,GOLDM,2026-10-05,160801.0,161203.0,159820.0,160439.0,208,218
2026-05-12,GOLDM,2026-11-05,162090.0,162500.0,161748.0,162184.0,20,31
2026-05-12,GOLDPETAL,2026-05-29,15460.0,15487.0,15390.0,15431.0,198932,167998
2026-05-12,GOLDPETAL,2026-06-30,15625.0,15668.0,15571.0,15623.0,88529,122111
2026-05-12,GOLDPETAL,2026-07-31,15839.0,15857.0,15765.0,15826.0,36828,39045
2026-05-12,GOLDPETAL,2026-08-31,15971.0,16023.0,15930.0,15993.0,10716,14162
2026-05-12,GOLDPETAL,2026-09-30,16133.0,16200.0,16100.0,16164.0,5085,5281
2026-05-12,GOLDPETAL,2026-10-30,16340.0,16379.0,16260.0,16343.0,1609,2537
2026-05-12,GOLDTEN,2026-05-29,153655.0,154200.0,152700.0,153442.0,26026,27632
2026-05-12,GOLDTEN,2026-06-30,155348.0,155947.0,154648.0,155409.0,11340,15496
2026-05-12,GOLDTEN,2026-07-31,157323.0,157777.0,156000.0,156867.0,2990,6560
2026-05-12,GOLDTEN,2026-08-31,159024.0,159420.0,158185.0,158856.0,903,2451
2026-05-12,GOLDTEN,2026-09-30,160216.0,160952.0,159800.0,160329.0,381,816
2026-05-12,GOLDTEN,2026-10-30,162101.0,162441.0,161543.0,162031.0,31,59
2026-05-13,GOLDGUINEA,2026-05-29,123849.0,130560.0,123849.0,130123.0,25847,10423
2026-05-13,GOLDGUINEA,2026-06-30,125514.0,132350.0,125514.0,132074.0,13713,6070
2026-05-13,GOLDGUINEA,2026-07-31,127499.0,133796.0,127499.0,133612.0,6820,3620
2026-05-13,GOLDGUINEA,2026-08-31,130976.0,134940.0,130976.0,134842.0,1842,1066
2026-05-13,GOLDGUINEA,2026-09-30,132182.0,136047.0,132182.0,135937.0,584,250
2026-05-13,GOLDGUINEA,2026-10-30,132293.0,137387.0,132293.0,136864.0,16,19
2026-05-13,GOLDM,2026-06-05,153575.0,163576.0,153230.0,161557.0,72202,41919
2026-05-13,GOLDM,2026-07-03,155688.0,169048.0,155688.0,163824.0,17866,15844
2026-05-13,GOLDM,2026-08-05,158320.0,168099.0,158320.0,166157.0,8696,4632
2026-05-13,GOLDM,2026-09-04,163724.0,169395.0,163724.0,168262.0,1875,847
2026-05-13,GOLDM,2026-10-05,165224.0,171691.0,165224.0,170303.0,546,265
2026-05-13,GOLDM,2026-11-05,167049.0,172087.0,167049.0,171796.0,22,31
2026-05-13,GOLDPETAL,2026-05-29,15488.0,16532.0,15488.0,16286.0,366412,115790
2026-05-13,GOLDPETAL,2026-06-30,15649.0,16700.0,15649.0,16502.0,207790,97269
2026-05-13,GOLDPETAL,2026-07-31,15852.0,16957.0,15770.0,16724.0,79906,37142
2026-05-13,GOLDPETAL,2026-08-31,16165.0,16952.0,16020.0,16915.0,29420,13372
2026-05-13,GOLDPETAL,2026-09-30,16200.0,17133.0,16200.0,17097.0,11008,5731
2026-05-13,GOLDPETAL,2026-10-30,16775.0,17335.0,16400.0,17289.0,5813,3162
2026-05-13,GOLDTEN,2026-05-29,154083.0,163475.0,154083.0,161723.0,44540,19195
2026-05-13,GOLDTEN,2026-06-30,155946.0,165799.0,155946.0,163993.0,20593,13145
2026-05-13,GOLDTEN,2026-07-31,157700.0,167988.0,157700.0,166144.0,9947,6693
2026-05-13,GOLDTEN,2026-08-31,163515.0,168625.0,163514.0,168095.0,3039,2512
2026-05-13,GOLDTEN,2026-09-30,162221.0,171616.0,162221.0,170002.0,958,918
2026-05-13,GOLDTEN,2026-10-30,166891.0,171698.0,166891.0,171539.0,101,75
2026-05-14,GOLDGUINEA,2026-05-29,129756.0,130656.0,129253.0,129885.0,10695,9095
2026-05-14,GOLDGUINEA,2026-06-30,132041.0,132446.0,131326.0,131642.0,4138,6599
2026-05-14,GOLDGUINEA,2026-07-31,133696.0,134096.0,132946.0,133276.0,2120,3419
2026-05-14,GOLDGUINEA,2026-08-31,134668.0,135246.0,134090.0,134697.0,605,1104
2026-05-14,GOLDGUINEA,2026-09-30,136081.0,136460.0,135257.0,135802.0,141,267
2026-05-14,GOLDGUINEA,2026-10-30,136890.0,137650.0,136890.0,137385.0,20,19
2026-05-14,GOLDM,2026-06-05,161387.0,162389.0,159526.0,161453.0,37966,39985
2026-05-14,GOLDM,2026-07-03,162900.0,164600.0,162900.0,163774.0,8821,16062
2026-05-14,GOLDM,2026-08-05,166339.0,167000.0,165610.0,166245.0,2930,4737
2026-05-14,GOLDM,2026-09-04,168323.0,169200.0,167800.0,168351.0,678,916
2026-05-14,GOLDM,2026-10-05,170052.0,171205.0,169733.0,170477.0,200,275
2026-05-14,GOLDM,2026-11-05,171857.0,173298.0,171473.0,172307.0,43,35
2026-05-14,GOLDPETAL,2026-05-29,16257.0,16358.0,16220.0,16265.0,177197,106146
2026-05-14,GOLDPETAL,2026-06-30,16535.0,16574.0,16433.0,16479.0,91284,99749
2026-05-14,GOLDPETAL,2026-07-31,16633.0,16797.0,16632.0,16720.0,29234,37457
2026-05-14,GOLDPETAL,2026-08-31,16959.0,16977.0,16844.0,16912.0,12555,13371
2026-05-14,GOLDPETAL,2026-09-30,17177.0,17196.0,17022.0,17107.0,5498,5971
2026-05-14,GOLDPETAL,2026-10-30,17344.0,17368.0,17200.0,17309.0,3562,3464
2026-05-14,GOLDTEN,2026-05-29,161720.0,162551.0,158200.0,161664.0,16858,18847
2026-05-14,GOLDTEN,2026-06-30,163993.0,164796.0,161931.0,164069.0,8429,13171
2026-05-14,GOLDTEN,2026-07-31,166843.0,167000.0,164700.0,166192.0,3207,7036
2026-05-14,GOLDTEN,2026-08-31,167436.0,169048.0,167436.0,168250.0,1003,2546
2026-05-14,GOLDTEN,2026-09-30,169633.0,170952.0,169275.0,170380.0,447,913
2026-05-14,GOLDTEN,2026-10-30,171342.0,172732.0,171001.0,172426.0,179,139
2026-05-15,GOLDGUINEA,2026-05-29,128610.0,129133.0,127200.0,127401.0,10918,8215
2026-05-15,GOLDGUINEA,2026-06-30,130402.0,130850.0,128800.0,129118.0,5856,6695
2026-05-15,GOLDGUINEA,2026-07-31,132296.0,132747.0,130786.0,131167.0,2155,3433
2026-05-15,GOLDGUINEA,2026-08-31,133200.0,133901.0,132215.0,132704.0,475,1105
2026-05-15,GOLDGUINEA,2026-09-30,134937.0,135134.0,133345.0,134111.0,191,316
2026-05-15,GOLDGUINEA,2026-10-30,136706.0,136920.0,135158.0,135838.0,26,27
2026-05-15,GOLDM,2026-06-05,160003.0,160349.0,157635.0,158153.0,47895,39236
2026-05-15,GOLDM,2026-07-03,163101.0,163101.0,160010.0,160477.0,10983,17456
2026-05-15,GOLDM,2026-08-05,165464.0,165464.0,162359.0,162908.0,3122,5390
2026-05-15,GOLDM,2026-09-04,166560.0,167266.0,164524.0,165234.0,575,1010
2026-05-15,GOLDM,2026-10-05,169000.0,169453.0,166751.0,167296.0,261,298
2026-05-15,GOLDM,2026-11-05,171382.0,171382.0,169000.0,169469.0,15,40
2026-05-15,GOLDPETAL,2026-05-29,16323.0,16323.0,15930.0,15958.0,209263,98263
2026-05-15,GOLDPETAL,2026-06-30,16485.0,16485.0,16138.0,16177.0,136176,104162
2026-05-15,GOLDPETAL,2026-07-31,16687.0,16699.0,16380.0,16420.0,48213,42131
2026-05-15,GOLDPETAL,2026-08-31,16833.0,16837.0,16605.0,16656.0,16426,14304
2026-05-15,GOLDPETAL,2026-09-30,17006.0,17039.0,16835.0,16891.0,6039,6403
2026-05-15,GOLDPETAL,2026-10-30,17153.0,17248.0,17017.0,17110.0,4844,5639
2026-05-15,GOLDTEN,2026-05-29,159962.0,160620.0,157940.0,158404.0,21684,18746
2026-05-15,GOLDTEN,2026-06-30,163147.0,163147.0,159334.0,160942.0,11402,13565
2026-05-15,GOLDTEN,2026-07-31,162643.0,165289.0,162643.0,163169.0,4986,7279
2026-05-15,GOLDTEN,2026-08-31,165885.0,167241.0,164891.0,165313.0,1344,2480
2026-05-15,GOLDTEN,2026-09-30,168677.0,169329.0,167015.0,167515.0,460,943
2026-05-15,GOLDTEN,2026-10-30,170001.0,171485.0,169100.0,169327.0,125,174
2026-05-18,GOLDGUINEA,2026-05-29,127475.0,128496.0,126266.0,127867.0,9282,7404
2026-05-18,GOLDGUINEA,2026-06-30,128715.0,129990.0,128217.0,129369.0,4686,6956
2026-05-18,GOLDGUINEA,2026-07-31,130551.0,131679.0,130221.0,131088.0,1891,3655
2026-05-18,GOLDGUINEA,2026-08-31,132287.0,133050.0,131775.0,132395.0,553,1058
2026-05-18,GOLDGUINEA,2026-09-30,133500.0,134439.0,133026.0,133901.0,197,346
2026-05-18,GOLDGUINEA,2026-10-30,135370.0,136040.0,135298.0,135656.0,24,37
2026-05-18,GOLDM,2026-06-05,157690.0,159803.0,157175.0,158903.0,37918,37346
2026-05-18,GOLDM,2026-07-03,159850.0,161600.0,159400.0,160745.0,11060,18833
2026-05-18,GOLDM,2026-08-05,162736.0,163665.0,161817.0,162792.0,3431,5544
2026-05-18,GOLDM,2026-09-04,164525.0,165574.0,164227.0,165091.0,475,1032
2026-05-18,GOLDM,2026-10-05,166759.0,167826.0,166444.0,167086.0,188,316
2026-05-18,GOLDM,2026-11-05,168719.0,169552.0,168537.0,168941.0,22,57
2026-05-18,GOLDPETAL,2026-05-29,15919.0,16079.0,15750.0,16015.0,161571,90375
2026-05-18,GOLDPETAL,2026-06-30,16100.0,16278.0,16052.0,16207.0,97519,102766
2026-05-18,GOLDPETAL,2026-07-31,16301.0,16519.0,16301.0,16412.0,36972,45543
2026-05-18,GOLDPETAL,2026-08-31,16823.0,17150.0,16536.0,16631.0,12788,15366
2026-05-18,GOLDPETAL,2026-09-30,16999.0,17100.0,16752.0,16839.0,5332,7605
2026-05-18,GOLDPETAL,2026-10-30,17096.0,17123.0,17000.0,17060.0,2507,6112
2026-05-18,GOLDTEN,2026-05-29,157160.0,159985.0,157159.0,159153.0,18891,17858
2026-05-18,GOLDTEN,2026-06-30,161400.0,161940.0,159000.0,161032.0,8652,13684
2026-05-18,GOLDTEN,2026-07-31,161101.0,163961.0,160733.0,163031.0,2913,7464
2026-05-18,GOLDTEN,2026-08-31,164415.0,165959.0,164344.0,165069.0,986,2517
2026-05-18,GOLDTEN,2026-09-30,166514.0,167748.0,166318.0,166942.0,443,1014
2026-05-18,GOLDTEN,2026-10-30,168602.0,169752.0,168118.0,169117.0,77,189
2026-05-19,GOLDGUINEA,2026-05-29,127749.0,128224.0,126854.0,127222.0,7194,7369
2026-05-19,GOLDGUINEA,2026-06-30,129048.0,129749.0,128350.0,128552.0,4719,7455
2026-05-19,GOLDGUINEA,2026-07-31,131088.0,131400.0,129700.0,129847.0,1804,3604
2026-05-19,GOLDGUINEA,2026-08-31,132696.0,132785.0,130913.0,131039.0,285,1099
2026-05-19,GOLDGUINEA,2026-09-30,134299.0,134299.0,132520.0,132617.0,96,321
2026-05-19,GOLDGUINEA,2026-10-30,135878.0,135911.0,134350.0,135060.0,8,41
2026-05-19,GOLDM,2026-06-05,159008.0,159489.0,157807.0,158423.0,34536,36821
2026-05-19,GOLDM,2026-07-03,160728.0,161290.0,159300.0,159829.0,8605,18830
2026-05-19,GOLDM,2026-08-05,163193.0,163250.0,161038.0,161534.0,4492,4940
2026-05-19,GOLDM,2026-09-04,165224.0,165397.0,163000.0,163508.0,705,1158
2026-05-19,GOLDM,2026-10-05,167042.0,167450.0,164692.0,165163.0,205,335
2026-05-19,GOLDM,2026-11-05,168841.0,169380.0,166500.0,167380.0,31,54
2026-05-19,GOLDPETAL,2026-05-29,16041.0,16055.0,15900.0,15937.0,127178,88283
2026-05-19,GOLDPETAL,2026-06-30,16198.0,16250.0,16048.0,16118.0,97756,113182
2026-05-19,GOLDPETAL,2026-07-31,16419.0,16453.0,16228.0,16283.0,30885,47713
2026-05-19,GOLDPETAL,2026-08-31,16629.0,16664.0,16412.0,16451.0,14500,20663
2026-05-19,GOLDPETAL,2026-09-30,16849.0,16873.0,16600.0,16635.0,4709,8985
2026-05-19,GOLDPETAL,2026-10-30,17067.0,17089.0,16811.0,16832.0,2654,7143
2026-05-19,GOLDTEN,2026-05-29,159195.0,160299.0,158111.0,158596.0,13593,17880
2026-05-19,GOLDTEN,2026-06-30,161411.0,161597.0,159607.0,160197.0,8998,14226
2026-05-19,GOLDTEN,2026-07-31,163682.0,163754.0,161329.0,161910.0,3286,7829
2026-05-19,GOLDTEN,2026-08-31,165049.0,165500.0,163127.0,163540.0,1524,2733
2026-05-19,GOLDTEN,2026-09-30,166928.0,167433.0,164720.0,165332.0,485,1033
2026-05-19,GOLDTEN,2026-10-30,169117.0,169511.0,166952.0,167357.0,122,228
2026-05-20,GOLDGUINEA,2026-05-29,126751.0,127900.0,126002.0,127810.0,8077,6859
2026-05-20,GOLDGUINEA,2026-06-30,128197.0,129292.0,127792.0,129120.0,5050,8143
2026-05-20,GOLDGUINEA,2026-07-31,129545.0,130700.0,129147.0,130517.0,1514,3671
2026-05-20,GOLDGUINEA,2026-08-31,130648.0,131859.0,130433.0,131747.0,436,1143
2026-05-20,GOLDGUINEA,2026-09-30,132000.0,133129.0,131871.0,132996.0,84,336
2026-05-20,GOLDGUINEA,2026-10-30,134098.0,134560.0,133501.0,133750.0,105,78
2026-05-20,GOLDM,2026-06-05,157362.0,159499.0,157152.0,159348.0,32040,36007
2026-05-20,GOLDM,2026-07-03,158825.0,160986.0,158720.0,160850.0,8422,18758
2026-05-20,GOLDM,2026-08-05,160912.0,162684.0,160314.0,162519.0,2797,4702
2026-05-20,GOLDM,2026-09-04,162581.0,164437.0,162471.0,164311.0,449,1172
2026-05-20,GOLDM,2026-10-05,164454.0,166268.0,164152.0,166058.0,86,315
2026-05-20,GOLDM,2026-11-05,166225.0,167874.0,166038.0,167163.0,31,62
2026-05-20,GOLDPETAL,2026-05-29,15910.0,16021.0,15832.0,16007.0,147695,84247
2026-05-20,GOLDPETAL,2026-06-30,16058.0,16196.0,16014.0,16179.0,103139,123288
2026-05-20,GOLDPETAL,2026-07-31,16226.0,16359.0,16180.0,16340.0,33869,50456
2026-05-20,GOLDPETAL,2026-08-31,16404.0,16513.0,16351.0,16496.0,16853,24714
2026-05-20,GOLDPETAL,2026-09-30,16613.0,16686.0,16529.0,16658.0,6950,11616
2026-05-20,GOLDPETAL,2026-10-30,16800.0,16868.0,16708.0,16849.0,2420,7608
2026-05-20,GOLDTEN,2026-05-29,158433.0,159600.0,157221.0,159395.0,15677,17653
2026-05-20,GOLDTEN,2026-06-30,159597.0,161237.0,158851.0,161090.0,10852,14536
2026-05-20,GOLDTEN,2026-07-31,160842.0,162908.0,160738.0,162839.0,4210,8072
2026-05-20,GOLDTEN,2026-08-31,162913.0,164492.0,162476.0,164344.0,1173,2895
2026-05-20,GOLDTEN,2026-09-30,164624.0,166268.0,164284.0,165906.0,184,1043
2026-05-20,GOLDTEN,2026-10-30,166300.0,168000.0,166103.0,167901.0,148,266
2026-05-21,GOLDGUINEA,2026-05-29,127999.0,128640.0,127013.0,127780.0,5143,6309
2026-05-21,GOLDGUINEA,2026-06-30,129285.0,129375.0,128320.0,129014.0,3101,8640
2026-05-21,GOLDGUINEA,2026-07-31,131517.0,131517.0,129712.0,130427.0,976,3708
2026-05-21,GOLDGUINEA,2026-08-31,131754.0,131896.0,131009.0,131677.0,105,1138
2026-05-21,GOLDGUINEA,2026-09-30,132812.0,133199.0,132324.0,132812.0,40,327
2026-05-21,GOLDGUINEA,2026-10-30,134376.0,134949.0,133938.0,134358.0,12,81
2026-05-21,GOLDM,2026-06-05,158886.0,159550.0,158030.0,159005.0,27671,35596
2026-05-21,GOLDM,2026-07-03,160544.0,160914.0,159650.0,160635.0,6902,19269
2026-05-21,GOLDM,2026-08-05,162304.0,162536.0,161226.0,162277.0,2448,4714
2026-05-21,GOLDM,2026-09-04,164190.0,164447.0,163156.0,164105.0,211,1208
2026-05-21,GOLDM,2026-10-05,166025.0,166057.0,164915.0,165383.0,54,318
2026-05-21,GOLDM,2026-11-05,167999.0,167999.0,166851.0,167105.0,19,65
2026-05-21,GOLDPETAL,2026-05-29,16027.0,16090.0,15911.0,15999.0,115736,82823
2026-05-21,GOLDPETAL,2026-06-30,16197.0,16254.0,16086.0,16159.0,103700,131427
2026-05-21,GOLDPETAL,2026-07-31,16383.0,16386.0,16250.0,16327.0,21103,51949
2026-05-21,GOLDPETAL,2026-08-31,16557.0,16567.0,16420.0,16492.0,7214,25099
2026-05-21,GOLDPETAL,2026-09-30,16672.0,16696.0,16592.0,16662.0,2344,11583
2026-05-21,GOLDPETAL,2026-10-30,16898.0,16899.0,16777.0,16846.0,975,8044
2026-05-21,GOLDTEN,2026-05-29,159160.0,159510.0,158221.0,159066.0,11002,17242
2026-05-21,GOLDTEN,2026-06-30,161232.0,161232.0,160004.0,160872.0,6954,15491
2026-05-21,GOLDTEN,2026-07-31,162702.0,162874.0,161608.0,162545.0,2704,8422
2026-05-21,GOLDTEN,2026-08-31,164283.0,164458.0,163250.0,164107.0,510,2924
2026-05-21,GOLDTEN,2026-09-30,166053.0,166258.0,165075.0,165986.0,114,1032
2026-05-21,GOLDTEN,2026-10-30,168107.0,168107.0,167000.0,167465.0,35,272
2026-05-22,GOLDGUINEA,2026-05-29,127322.0,127800.0,126800.0,127203.0,4104,6131
2026-05-22,GOLDGUINEA,2026-06-30,128620.0,129100.0,128302.0,128556.0,2689,8967
2026-05-22,GOLDGUINEA,2026-07-31,130156.0,130476.0,129677.0,130010.0,668,3769
2026-05-22,GOLDGUINEA,2026-08-31,131577.0,131732.0,130975.0,131382.0,149,1126
2026-05-22,GOLDGUINEA,2026-09-30,133026.0,133026.0,132500.0,132685.0,26,331
2026-05-22,GOLDGUINEA,2026-10-30,134450.0,134630.0,134000.0,134397.0,27,97
2026-05-22,GOLDM,2026-06-05,158390.0,158944.0,157625.0,158133.0,21589,35994
2026-05-22,GOLDM,2026-07-03,159991.0,160628.0,159343.0,159765.0,6643,19883
2026-05-22,GOLDM,2026-08-05,161578.0,162270.0,160865.0,161343.0,2354,4923
2026-05-22,GOLDM,2026-09-04,164598.0,164598.0,162810.0,163224.0,342,1257
2026-05-22,GOLDM,2026-10-05,165383.0,165502.0,164637.0,164905.0,82,349
2026-05-22,GOLDM,2026-11-05,166860.0,166990.0,166600.0,166828.0,9,65
2026-05-22,GOLDPETAL,2026-05-29,15958.0,15980.0,15872.0,15916.0,82958,75178
2026-05-22,GOLDPETAL,2026-06-30,16135.0,16164.0,16059.0,16092.0,81017,141854
2026-05-22,GOLDPETAL,2026-07-31,16284.0,16334.0,16227.0,16265.0,18121,53499
2026-05-22,GOLDPETAL,2026-08-31,16451.0,16502.0,16393.0,16435.0,6285,25224
2026-05-22,GOLDPETAL,2026-09-30,16615.0,16677.0,16564.0,16619.0,2190,11333
2026-05-22,GOLDPETAL,2026-10-30,16790.0,16843.0,16756.0,16802.0,737,8311
2026-05-22,GOLDTEN,2026-05-29,158650.0,159051.0,157810.0,158235.0,8502,16613
2026-05-22,GOLDTEN,2026-06-30,160451.0,160900.0,159650.0,160094.0,6357,16944
2026-05-22,GOLDTEN,2026-07-31,162166.0,162533.0,161283.0,161646.0,2532,8637
2026-05-22,GOLDTEN,2026-08-31,163652.0,164129.0,162922.0,163327.0,525,2924
2026-05-22,GOLDTEN,2026-09-30,165582.0,165826.0,164658.0,165094.0,166,1063
2026-05-22,GOLDTEN,2026-10-30,167676.0,167676.0,166500.0,166816.0,27,288
2026-05-25,GOLDGUINEA,2026-05-29,127799.0,128046.0,126801.0,127446.0,7707,4819
2026-05-25,GOLDGUINEA,2026-06-30,129060.0,129300.0,128485.0,128956.0,4805,9362
2026-05-25,GOLDGUINEA,2026-07-31,130495.0,131800.0,130180.0,130431.0,1566,4186
2026-05-25,GOLDGUINEA,2026-08-31,131872.0,132745.0,131429.0,131650.0,301,1151
2026-05-25,GOLDGUINEA,2026-09-30,132840.0,133869.0,132611.0,132969.0,127,336
2026-05-25,GOLDGUINEA,2026-10-30,134501.0,134999.0,134248.0,134757.0,63,86
2026-05-25,GOLDM,2026-06-05,158998.0,159259.0,158338.0,158515.0,21509,33770
2026-05-25,GOLDM,2026-07-03,160499.0,160822.0,160100.0,160368.0,7767,21929
2026-05-25,GOLDM,2026-08-05,162697.0,162697.0,161720.0,162300.0,2758,4921
2026-05-25,GOLDM,2026-09-04,166221.0,166221.0,163627.0,164167.0,360,1236
2026-05-25,GOLDM,2026-10-05,165852.0,166266.0,165310.0,166026.0,106,355
2026-05-25,GOLDM,2026-11-05,167585.0,167634.0,167051.0,167482.0,36,81
2026-05-25,GOLDPETAL,2026-05-29,16139.0,16139.0,15925.0,15941.0,53334,60948
2026-05-25,GOLDPETAL,2026-06-30,16113.0,16180.0,16113.0,16133.0,65781,149186
2026-05-25,GOLDPETAL,2026-07-31,16338.0,16349.0,16284.0,16308.0,25390,58457
2026-05-25,GOLDPETAL,2026-08-31,16513.0,16541.0,16450.0,16475.0,6372,26016
2026-05-25,GOLDPETAL,2026-09-30,16700.0,16723.0,16623.0,16658.0,2263,11252
2026-05-25,GOLDPETAL,2026-10-30,16833.0,16904.0,16803.0,16831.0,1653,9002
2026-05-25,GOLDTEN,2026-05-29,159043.0,159280.0,158177.0,158506.0,8233,14697
2026-05-25,GOLDTEN,2026-06-30,160498.0,161298.0,160368.0,160511.0,9912,19672
2026-05-25,GOLDTEN,2026-07-31,162065.0,162800.0,162065.0,162561.0,3392,9566
2026-05-25,GOLDTEN,2026-08-31,164222.0,164439.0,163705.0,164264.0,704,2994
2026-05-25,GOLDTEN,2026-09-30,165369.0,166077.0,165341.0,165880.0,118,1085
2026-05-25,GOLDTEN,2026-10-30,167673.0,167849.0,167441.0,167792.0,33,302
2026-05-26,GOLDGUINEA,2026-05-29,127209.0,127500.0,124000.0,124854.0,8074,2575
2026-05-26,GOLDGUINEA,2026-06-30,128705.0,128887.0,127500.0,127639.0,9704,11454
2026-05-26,GOLDGUINEA,2026-07-31,130363.0,130363.0,129000.0,129184.0,2024,4829
2026-05-26,GOLDGUINEA,2026-08-31,131469.0,131665.0,130499.0,130738.0,436,1149
2026-05-26,GOLDGUINEA,2026-09-30,132911.0,132998.0,132048.0,132242.0,107,374
2026-05-26,GOLDGUINEA,2026-10-30,134511.0,134511.0,133858.0,134054.0,27,102
2026-05-26,GOLDM,2026-06-05,158120.0,158150.0,156905.0,157143.0,23452,33063
2026-05-26,GOLDM,2026-07-03,159816.0,160033.0,158826.0,158964.0,11423,24999
2026-05-26,GOLDM,2026-08-05,161800.0,161935.0,160700.0,160877.0,3770,5489
2026-05-26,GOLDM,2026-09-04,163711.0,163871.0,162643.0,162858.0,381,1342
2026-05-26,GOLDM,2026-10-05,165497.0,165520.0,164746.0,164770.0,140,375
2026-05-26,GOLDM,2026-11-05,167010.0,167309.0,166701.0,166913.0,24,77
2026-05-26,GOLDPETAL,2026-05-29,15919.0,15919.0,15603.0,15665.0,104887,23647
2026-05-26,GOLDPETAL,2026-06-30,16108.0,16110.0,15958.0,15972.0,155248,175892
2026-05-26,GOLDPETAL,2026-07-31,16281.0,16287.0,16150.0,16168.0,41788,67181
2026-05-26,GOLDPETAL,2026-08-31,16465.0,16469.0,16362.0,16375.0,12254,24635
2026-05-26,GOLDPETAL,2026-09-30,16646.0,16652.0,16562.0,16583.0,4759,11867
2026-05-26,GOLDPETAL,2026-10-30,16821.0,16955.0,16776.0,16802.0,5493,12011
2026-05-26,GOLDTEN,2026-05-29,158299.0,158299.0,156118.0,156521.0,15009,9916
2026-05-26,GOLDTEN,2026-06-30,160200.0,160272.0,159000.0,159113.0,17295,24752
2026-05-26,GOLDTEN,2026-07-31,161948.0,162218.0,161020.0,161143.0,4056,10512
2026-05-26,GOLDTEN,2026-08-31,163490.0,163906.0,162661.0,162982.0,1422,3174
2026-05-26,GOLDTEN,2026-09-30,165493.0,165493.0,164800.0,164994.0,216,1137
2026-05-26,GOLDTEN,2026-10-30,167200.0,167388.0,166800.0,166857.0,50,332
2026-05-27,GOLDGUINEA,2026-05-29,124742.0,125776.0,123279.0,124291.0,2549,1919
2026-05-27,GOLDGUINEA,2026-06-30,127986.0,127988.0,125800.0,126478.0,12888,12668
2026-05-27,GOLDGUINEA,2026-07-31,128907.0,129679.0,127321.0,128120.0,2937,5400
2026-05-27,GOLDGUINEA,2026-08-31,131047.0,131047.0,128767.0,129653.0,1025,1342
2026-05-27,GOLDGUINEA,2026-09-30,132363.0,132363.0,130550.0,131373.0,294,375
2026-05-27,GOLDGUINEA,2026-10-30,134005.0,134005.0,132105.0,133019.0,157,102
2026-05-27,GOLDM,2026-06-05,157260.0,157409.0,154435.0,155261.0,36387,30246
2026-05-27,GOLDM,2026-07-03,158830.0,159234.0,156400.0,157378.0,20467,29056
2026-05-27,GOLDM,2026-08-05,161023.0,161279.0,158270.0,159541.0,5870,6163
2026-05-27,GOLDM,2026-09-04,162713.0,163338.0,160435.0,161509.0,687,1500
2026-05-27,GOLDM,2026-10-05,164402.0,164989.0,162400.0,163384.0,179,402
2026-05-27,GOLDM,2026-11-05,166750.0,166800.0,164481.0,165177.0,53,94
2026-05-27,GOLDPETAL,2026-05-29,15671.0,15735.0,15474.0,15620.0,29460,11217
2026-05-27,GOLDPETAL,2026-06-30,16015.0,16020.0,15741.0,15832.0,209849,190212
2026-05-27,GOLDPETAL,2026-07-31,16183.0,16287.0,15911.0,16024.0,69035,78842
2026-05-27,GOLDPETAL,2026-08-31,16416.0,16416.0,16098.0,16225.0,26657,27402
2026-05-27,GOLDPETAL,2026-09-30,16605.0,16605.0,16300.0,16439.0,7869,12990
2026-05-27,GOLDPETAL,2026-10-30,16805.0,16818.0,16507.0,16652.0,4201,13177
2026-05-27,GOLDTEN,2026-05-29,156457.0,157000.0,154101.0,155240.0,7228,6492
2026-05-27,GOLDTEN,2026-06-30,159251.0,159399.0,156666.0,157557.0,29054,29200
2026-05-27,GOLDTEN,2026-07-31,161717.0,161717.0,158546.0,159652.0,6272,11661
2026-05-27,GOLDTEN,2026-08-31,163185.0,163265.0,160450.0,161514.0,2678,3731
2026-05-27,GOLDTEN,2026-09-30,165144.0,165186.0,162400.0,163399.0,482,1202
2026-05-27,GOLDTEN,2026-10-30,167087.0,167087.0,164081.0,165388.0,202,400
2026-05-28,GOLDGUINEA,2026-05-29,123978.0,127997.0,122473.0,125460.0,26,169
2026-05-28,GOLDGUINEA,2026-06-30,125808.0,127406.0,124916.0,127275.0,9606,12721
2026-05-28,GOLDGUINEA,2026-07-31,126824.0,129099.0,126153.0,128842.0,4150,5392
2026-05-28,GOLDGUINEA,2026-08-31,128572.0,130540.0,128192.0,130205.0,859,1395
2026-05-28,GOLDGUINEA,2026-09-30,130358.0,132194.0,129676.0,131869.0,127,380
2026-05-28,GOLDGUINEA,2026-10-30,132215.0,133699.0,131266.0,133515.0,54,113
2026-05-28,GOLDM,2026-06-05,153768.0,157751.0,153149.0,156336.0,34919,26865
2026-05-28,GOLDM,2026-07-03,156001.0,158600.0,155255.0,158410.0,18822,30812
2026-05-28,GOLDM,2026-08-05,158812.0,160910.0,157435.0,160713.0,5844,7252
2026-05-28,GOLDM,2026-09-04,160126.0,163132.0,159500.0,162892.0,671,1595
2026-05-28,GOLDM,2026-10-05,162910.0,164864.0,161400.0,164757.0,184,414
2026-05-28,GOLDM,2026-11-05,163800.0,166810.0,163403.0,166427.0,33,113
2026-05-28,GOLDPETAL,2026-05-29,15528.0,15781.0,15487.0,15692.0,1515,3959
2026-05-28,GOLDPETAL,2026-06-30,15763.0,15952.0,15566.0,15928.0,234490,184608
2026-05-28,GOLDPETAL,2026-07-31,15969.0,16143.0,15830.0,16112.0,84375,83769
2026-05-28,GOLDPETAL,2026-08-31,16176.0,16377.0,16039.0,16320.0,16210,27978
2026-05-28,GOLDPETAL,2026-09-30,16318.0,16558.0,16250.0,16525.0,5019,13188
2026-05-28,GOLDPETAL,2026-10-30,16598.0,16780.0,16470.0,16740.0,2111,13484
2026-05-28,GOLDTEN,2026-05-29,154691.0,158011.0,153402.0,156249.0,230,1694
2026-05-28,GOLDTEN,2026-06-30,156556.0,158747.0,155525.0,158563.0,19621,28190
2026-05-28,GOLDTEN,2026-07-31,158554.0,161017.0,157713.0,160797.0,6575,12176
2026-05-28,GOLDTEN,2026-08-31,160800.0,163000.0,159503.0,162823.0,2390,3766
2026-05-28,GOLDTEN,2026-09-30,161980.0,165129.0,161570.0,164678.0,491,1256
2026-05-28,GOLDTEN,2026-10-30,163895.0,166788.0,163599.0,166574.0,134,391
2026-05-29,GOLDGUINEA,2026-05-29,125623.0,125958.0,124713.0,125627.0,34,165
2026-05-29,GOLDGUINEA,2026-06-30,126951.0,127700.0,126550.0,127280.0,13538,12898
2026-05-29,GOLDGUINEA,2026-07-31,128842.0,129340.0,128150.0,128892.0,2686,5681
2026-05-29,GOLDGUINEA,2026-08-31,130109.0,130850.0,129683.0,130519.0,929,1477
2026-05-29,GOLDGUINEA,2026-09-30,131617.0,132389.0,131336.0,131934.0,158,395
2026-05-29,GOLDGUINEA,2026-10-30,133492.0,133756.0,132962.0,133323.0,37,114
2026-05-29,GOLDM,2026-06-05,155851.0,156778.0,154893.0,155986.0,43577,21836
2026-05-29,GOLDM,2026-07-03,158362.0,158900.0,157250.0,158354.0,29185,36477
2026-05-29,GOLDM,2026-08-05,160300.0,161456.0,159651.0,160729.0,8298,8564
2026-05-29,GOLDM,2026-09-04,162458.0,163499.0,161764.0,162851.0,604,1675
2026-05-29,GOLDM,2026-10-05,164104.0,165200.0,163775.0,164849.0,212,405
2026-05-29,GOLDM,2026-11-05,165994.0,166933.0,165890.0,166476.0,20,119
2026-05-29,GOLDPETAL,2026-05-29,15699.0,15824.0,15677.0,15723.0,614,3808
2026-05-29,GOLDPETAL,2026-06-30,15946.0,15995.0,15841.0,15954.0,222553,174114
2026-05-29,GOLDPETAL,2026-07-31,16131.0,16173.0,16024.0,16140.0,60072,84951
2026-05-29,GOLDPETAL,2026-08-31,16379.0,16400.0,16224.0,16348.0,18052,27435
2026-05-29,GOLDPETAL,2026-09-30,16544.0,16575.0,16431.0,16541.0,4293,13470
2026-05-29,GOLDPETAL,2026-10-30,16470.0,16779.0,16470.0,16742.0,2304,13593
2026-05-29,GOLDTEN,2026-05-29,156664.0,157999.0,156196.0,157354.0,151,1024
2026-05-29,GOLDTEN,2026-06-30,158022.0,159060.0,157528.0,158581.0,20324,27226
2026-05-29,GOLDTEN,2026-07-31,160501.0,161441.0,159823.0,160828.0,5472,13649
2026-05-29,GOLDTEN,2026-08-31,162315.0,163398.0,161805.0,162784.0,1422,3916
2026-05-29,GOLDTEN,2026-09-30,164245.0,165165.0,163810.0,164633.0,394,1228
2026-05-29,GOLDTEN,2026-10-30,166399.0,167094.0,165342.0,166837.0,63,391
2026-06-01,GOLDGUINEA,2026-06-30,126630.0,126902.0,125863.0,126334.0,9413,13743
2026-06-01,GOLDGUINEA,2026-07-31,128453.0,128555.0,127342.0,127879.0,2406,5688
2026-06-01,GOLDGUINEA,2026-08-31,129999.0,130103.0,129000.0,129574.0,823,1452
2026-06-01,GOLDGUINEA,2026-09-30,131400.0,131400.0,130506.0,131104.0,175,420
2026-06-01,GOLDGUINEA,2026-10-30,132900.0,133099.0,132400.0,133028.0,69,130
2026-06-01,GOLDGUINEA,2026-11-30,134377.0,134612.0,134377.0,134521.0,3,2
2026-06-01,GOLDM,2026-06-05,155389.0,155555.0,153848.0,154660.0,18146,18788
2026-06-01,GOLDM,2026-07-03,157987.0,157987.0,156200.0,156972.0,26843,39943
2026-06-01,GOLDM,2026-08-05,159910.0,160183.0,158295.0,159157.0,7642,8757
2026-06-01,GOLDM,2026-09-04,162300.0,162300.0,160573.0,161346.0,486,1746
2026-06-01,GOLDM,2026-10-05,163832.0,164000.0,162600.0,163256.0,162,441
2026-06-01,GOLDM,2026-11-05,166174.0,166174.0,164314.0,164775.0,89,158
2026-06-01,GOLDPETAL,2026-06-30,15877.0,15919.0,15755.0,15821.0,160943,177673
2026-06-01,GOLDPETAL,2026-07-31,16103.0,16130.0,15940.0,16009.0,62049,87095
2026-06-01,GOLDPETAL,2026-08-31,16296.0,16314.0,16131.0,16215.0,21127,30037
2026-06-01,GOLDPETAL,2026-09-30,16507.0,16524.0,16350.0,16403.0,4784,13842
2026-06-01,GOLDPETAL,2026-10-30,16717.0,16717.0,16557.0,16612.0,2362,13961
2026-06-01,GOLDPETAL,2026-11-30,16910.0,16910.0,16757.0,16823.0,334,159
2026-06-01,GOLDTEN,2026-06-30,158000.0,158180.0,156514.0,157219.0,18087,29091
2026-06-01,GOLDTEN,2026-07-31,160300.0,160300.0,158627.0,159345.0,6161,12925
2026-06-01,GOLDTEN,2026-08-31,162204.0,162232.0,160662.0,161396.0,2024,3878
2026-06-01,GOLDTEN,2026-09-30,164101.0,164148.0,162711.0,163317.0,268,1278
2026-06-01,GOLDTEN,2026-10-30,166109.0,166135.0,164789.0,165319.0,122,442
2026-06-01,GOLDTEN,2026-11-30,166542.0,167738.0,166542.0,167154.0,4,4
2026-06-02,GOLDGUINEA,2026-06-30,126709.0,127269.0,126221.0,126527.0,7586,13475
2026-06-02,GOLDGUINEA,2026-07-31,127925.0,128977.0,127700.0,128110.0,2480,5779
2026-06-02,GOLDGUINEA,2026-08-31,129676.0,130599.0,129429.0,129784.0,749,1486
2026-06-02,GOLDGUINEA,2026-09-30,131100.0,132172.0,131100.0,131257.0,118,432
2026-06-02,GOLDGUINEA,2026-10-30,133130.0,133828.0,132831.0,132971.0,39,125
2026-06-02,GOLDGUINEA,2026-11-30,135298.0,135508.0,135298.0,135403.0,2,4
2026-06-02,GOLDM,2026-06-05,154750.0,155880.0,154404.0,154620.0,13541,13647
2026-06-02,GOLDM,2026-07-03,156913.0,158237.0,156913.0,157055.0,27247,44904
2026-06-02,GOLDM,2026-08-05,159108.0,160550.0,159060.0,159209.0,7845,10080
2026-06-02,GOLDM,2026-09-04,161616.0,162680.0,161315.0,161481.0,498,1867
2026-06-02,GOLDM,2026-10-05,163366.0,164572.0,163281.0,163473.0,232,483
2026-06-02,GOLDM,2026-11-05,165200.0,166267.0,165163.0,165209.0,80,179
2026-06-02,GOLDPETAL,2026-06-30,15834.0,15947.0,15806.0,15840.0,171691,174059
2026-06-02,GOLDPETAL,2026-07-31,15971.0,16150.0,15971.0,16044.0,86166,78475
2026-06-02,GOLDPETAL,2026-08-31,16239.0,16364.0,16201.0,16263.0,20714,28337
2026-06-02,GOLDPETAL,2026-09-30,16427.0,16563.0,16391.0,16470.0,6465,13806
2026-06-02,GOLDPETAL,2026-10-30,16648.0,16775.0,16580.0,16673.0,2958,14127
2026-06-02,GOLDPETAL,2026-11-30,16804.0,16959.0,16802.0,16886.0,740,345
2026-06-02,GOLDTEN,2026-06-30,157405.0,158454.0,157194.0,157366.0,15225,28784
2026-06-02,GOLDTEN,2026-07-31,159476.0,160744.0,159350.0,159507.0,5949,11816
2026-06-02,GOLDTEN,2026-08-31,161222.0,162598.0,161222.0,161624.0,1655,3997
2026-06-02,GOLDTEN,2026-09-30,163360.0,164537.0,163220.0,163436.0,318,1309
2026-06-02,GOLDTEN,2026-10-30,165390.0,166765.0,165179.0,165225.0,89,450
2026-06-02,GOLDTEN,2026-11-30,167526.0,168399.0,167214.0,167893.0,9,7
2026-06-03,GOLDGUINEA,2026-06-30,126202.0,126710.0,125701.0,126011.0,7418,13787
2026-06-03,GOLDGUINEA,2026-07-31,128198.0,128575.0,127350.0,127631.0,2242,5906
2026-06-03,GOLDGUINEA,2026-08-31,130097.0,130097.0,129100.0,129376.0,766,1566
2026-06-03,GOLDGUINEA,2026-09-30,131288.0,131494.0,130530.0,130719.0,169,469
2026-06-03,GOLDGUINEA,2026-10-30,132971.0,133139.0,132302.0,132461.0,30,123
2026-06-03,GOLDGUINEA,2026-11-30,,,,135403.0,0,4
2026-06-03,GOLDM,2026-06-05,154000.0,155000.0,153691.0,154457.0,5109,11083
2026-06-03,GOLDM,2026-07-03,157130.0,157389.0,156000.0,156314.0,28993,46899
2026-06-03,GOLDM,2026-08-05,159200.0,159600.0,158050.0,158387.0,7341,10364
2026-06-03,GOLDM,2026-09-04,161566.0,161768.0,160191.0,160389.0,772,1897
2026-06-03,GOLDM,2026-10-05,163492.0,163854.0,161924.0,162049.0,522,612
2026-06-03,GOLDM,2026-11-05,165658.0,165658.0,163799.0,163993.0,121,211
2026-06-03,GOLDPETAL,2026-06-30,15855.0,15877.0,15740.0,15775.0,155013,178597
2026-06-03,GOLDPETAL,2026-07-31,16060.0,16098.0,15954.0,15979.0,57436,79372
2026-06-03,GOLDPETAL,2026-08-31,16249.0,16289.0,16160.0,16190.0,15266,30884
2026-06-03,GOLDPETAL,2026-09-30,16460.0,16493.0,16369.0,16404.0,3823,14551
2026-06-03,GOLDPETAL,2026-10-30,16713.0,16713.0,16570.0,16617.0,3366,14638
2026-06-03,GOLDPETAL,2026-11-30,17062.0,17062.0,16754.0,16822.0,718,705
2026-06-03,GOLDTEN,2026-06-30,157799.0,157799.0,156342.0,156610.0,14905,30095
2026-06-03,GOLDTEN,2026-07-31,159681.0,159818.0,158400.0,158704.0,4708,12076
2026-06-03,GOLDTEN,2026-08-31,161574.0,161936.0,160430.0,160715.0,2059,4133
2026-06-03,GOLDTEN,2026-09-30,163539.0,163745.0,162219.0,162495.0,704,1403
2026-06-03,GOLDTEN,2026-10-30,165578.0,165703.0,164150.0,164365.0,145,473
2026-06-03,GOLDTEN,2026-11-30,166580.0,167444.0,166019.0,166473.0,29,21
2026-06-04,GOLDGUINEA,2026-06-30,126311.0,127151.0,126125.0,126607.0,6846,12804
2026-06-04,GOLDGUINEA,2026-07-31,127790.0,128794.0,127721.0,128227.0,2588,5839
2026-06-04,GOLDGUINEA,2026-08-31,129700.0,130300.0,129321.0,129735.0,1001,1551
2026-06-04,GOLDGUINEA,2026-09-30,131093.0,131836.0,130859.0,131238.0,95,471
2026-06-04,GOLDGUINEA,2026-10-30,132933.0,133000.0,132553.0,132781.0,11,123
2026-06-04,GOLDGUINEA,2026-11-30,134675.0,134675.0,134675.0,134675.0,1,5
2026-06-04,GOLDM,2026-06-05,155090.0,156239.0,154675.0,155355.0,741,1929
2026-06-04,GOLDM,2026-07-03,157059.0,158044.0,156550.0,157289.0,25954,46951
2026-06-04,GOLDM,2026-08-05,159276.0,160205.0,158600.0,159381.0,8345,11251
2026-06-04,GOLDM,2026-09-04,161050.0,162000.0,160700.0,161273.0,696,1991
2026-06-04,GOLDM,2026-10-05,162795.0,163613.0,162298.0,162768.0,396,728
2026-06-04,GOLDM,2026-11-05,164431.0,165100.0,163855.0,164178.0,290,404
2026-06-04,GOLDPETAL,2026-06-30,15811.0,15919.0,15788.0,15851.0,152741,166943
2026-06-04,GOLDPETAL,2026-07-31,16010.0,16122.0,15989.0,16060.0,56048,78046
2026-06-04,GOLDPETAL,2026-08-31,16256.0,16323.0,16199.0,16244.0,19511,31568
2026-06-04,GOLDPETAL,2026-09-30,16502.0,16513.0,16401.0,16437.0,3270,14499
2026-06-04,GOLDPETAL,2026-10-30,16644.0,16704.0,16604.0,16645.0,1739,14653
2026-06-04,GOLDPETAL,2026-11-30,16847.0,16912.0,16813.0,16853.0,655,930
2026-06-04,GOLDTEN,2026-06-30,157328.0,158276.0,156800.0,157541.0,14956,27996
2026-06-04,GOLDTEN,2026-07-31,159328.0,160409.0,158823.0,159627.0,5001,11856
2026-06-04,GOLDTEN,2026-08-31,161339.0,162150.0,160915.0,161383.0,1474,4123
2026-06-04,GOLDTEN,2026-09-30,163328.0,163900.0,162620.0,163066.0,314,1394
2026-06-04,GOLDTEN,2026-10-30,164672.0,165550.0,163865.0,164572.0,174,525
2026-06-04,GOLDTEN,2026-11-30,166711.0,167661.0,166291.0,166799.0,14,27
2026-06-05,GOLDGUINEA,2026-06-30,126049.0,126100.0,123600.0,124034.0,13644,14354
2026-06-05,GOLDGUINEA,2026-07-31,127699.0,127701.0,125000.0,125757.0,5018,6488
2026-06-05,GOLDGUINEA,2026-08-31,129256.0,129299.0,126843.0,127381.0,1928,1929
2026-06-05,GOLDGUINEA,2026-09-30,130687.0,130687.0,128500.0,129036.0,400,497
2026-06-05,GOLDGUINEA,2026-10-30,132158.0,132419.0,130180.0,130529.0,151,170
2026-06-05,GOLDGUINEA,2026-11-30,134125.0,134125.0,132180.0,132952.0,7,10
2026-06-05,GOLDM,2026-06-05,154705.0,154986.0,151189.0,151684.0,576,821
2026-06-05,GOLDM,2026-07-03,156487.0,156666.0,153023.0,153712.0,51399,49812
2026-06-05,GOLDM,2026-08-05,159000.0,159000.0,154849.0,155549.0,17217,10642
2026-06-05,GOLDM,2026-09-04,160400.0,160400.0,156435.0,157115.0,2133,2270
2026-06-05,GOLDM,2026-10-05,161758.0,162046.0,158401.0,158855.0,679,886
2026-06-05,GOLDM,2026-11-05,163500.0,163610.0,159661.0,160343.0,163,404
2026-06-05,GOLDPETAL,2026-06-30,15821.0,15821.0,15479.0,15530.0,259922,191737
2026-06-05,GOLDPETAL,2026-07-31,16021.0,16021.0,15627.0,15733.0,115132,89885
2026-06-05,GOLDPETAL,2026-08-31,16201.0,16203.0,15874.0,15931.0,40825,37997
2026-06-05,GOLDPETAL,2026-09-30,16357.0,16401.0,16076.0,16144.0,10282,15258
2026-06-05,GOLDPETAL,2026-10-30,16616.0,16616.0,16280.0,16356.0,6385,16186
2026-06-05,GOLDPETAL,2026-11-30,16771.0,16810.0,16500.0,16563.0,2033,1587
2026-06-05,GOLDTEN,2026-06-30,156699.0,156743.0,153426.0,154097.0,27892,32787
2026-06-05,GOLDTEN,2026-07-31,158999.0,158999.0,155215.0,155939.0,11270,13289
2026-06-05,GOLDTEN,2026-08-31,161047.0,161047.0,156909.0,157655.0,4282,4356
2026-06-05,GOLDTEN,2026-09-30,162199.0,162404.0,158800.0,159342.0,1134,1546
2026-06-05,GOLDTEN,2026-10-30,164071.0,164104.0,160560.0,160939.0,338,618
2026-06-05,GOLDTEN,2026-11-30,165648.0,166295.0,162527.0,162608.0,156,78
2026-06-08,GOLDGUINEA,2026-06-30,123600.0,123600.0,121612.0,123255.0,11488,14008
2026-06-08,GOLDGUINEA,2026-07-31,125121.0,125475.0,123305.0,124795.0,4328,6587
2026-06-08,GOLDGUINEA,2026-08-31,126944.0,126944.0,124815.0,126219.0,1833,2141
2026-06-08,GOLDGUINEA,2026-09-30,127775.0,127905.0,126470.0,127617.0,579,646
2026-06-08,GOLDGUINEA,2026-10-30,130506.0,130506.0,128000.0,129327.0,85,175
2026-06-08,GOLDGUINEA,2026-11-30,130587.0,131136.0,130353.0,131066.0,19,21
2026-06-08,GOLDM,2026-07-03,153043.0,153340.0,150800.0,152900.0,38846,49398
2026-06-08,GOLDM,2026-08-05,154509.0,155203.0,152666.0,154723.0,12412,10850
2026-06-08,GOLDM,2026-09-04,156517.0,158000.0,154470.0,156724.0,1806,2278
2026-06-08,GOLDM,2026-10-05,157575.0,158513.0,156072.0,158029.0,515,924
2026-06-08,GOLDM,2026-11-05,158767.0,160021.0,157800.0,159556.0,154,430
2026-06-08,GOLDM,2026-12-04,159850.0,161828.0,159850.0,160966.0,3,2
2026-06-08,GOLDPETAL,2026-06-30,15498.0,15499.0,15225.0,15436.0,220443,184964
2026-06-08,GOLDPETAL,2026-07-31,15663.0,15668.0,15424.0,15632.0,89498,87182
2026-06-08,GOLDPETAL,2026-08-31,15859.0,15893.0,15625.0,15820.0,33797,39573
2026-06-08,GOLDPETAL,2026-09-30,16095.0,16111.0,15831.0,16007.0,12423,16371
2026-06-08,GOLDPETAL,2026-10-30,16287.0,16287.0,16035.0,16205.0,6102,16377
2026-06-08,GOLDPETAL,2026-11-30,16515.0,16515.0,16270.0,16398.0,2004,2053
2026-06-08,GOLDTEN,2026-06-30,153201.0,153591.0,151100.0,153208.0,21802,31338
2026-06-08,GOLDTEN,2026-07-31,155346.0,155489.0,152938.0,154982.0,7801,13130
2026-06-08,GOLDTEN,2026-08-31,156920.0,157334.0,154800.0,156816.0,3551,4440
2026-06-08,GOLDTEN,2026-09-30,158306.0,158855.0,156500.0,158510.0,701,1567
2026-06-08,GOLDTEN,2026-10-30,160111.0,160357.0,158312.0,159944.0,239,650
2026-06-08,GOLDTEN,2026-11-30,162011.0,162011.0,160000.0,161960.0,125,116
2026-06-09,GOLDGUINEA,2026-06-30,122581.0,123749.0,121450.0,121695.0,10695,14463
2026-06-09,GOLDGUINEA,2026-07-31,124893.0,125333.0,123050.0,123301.0,3599,6915
2026-06-09,GOLDGUINEA,2026-08-31,126381.0,126780.0,124650.0,124822.0,1599,2256
2026-06-09,GOLDGUINEA,2026-09-30,127974.0,128173.0,125952.0,126166.0,356,686
2026-06-09,GOLDGUINEA,2026-10-30,129309.0,129828.0,127348.0,127571.0,165,202
2026-06-09,GOLDGUINEA,2026-11-30,131300.0,131300.0,129700.0,129700.0,12,20
2026-06-09,GOLDM,2026-07-03,152899.0,153685.0,150300.0,150767.0,36384,50107
2026-06-09,GOLDM,2026-08-05,154709.0,155500.0,152050.0,152515.0,12372,11298
2026-06-09,GOLDM,2026-09-04,156520.0,157200.0,153861.0,154324.0,1451,2582
2026-06-09,GOLDM,2026-10-05,158044.0,158780.0,155500.0,155939.0,602,1140
2026-06-09,GOLDM,2026-11-05,159524.0,160200.0,157161.0,157256.0,77,438
2026-06-09,GOLDM,2026-12-04,159709.0,159709.0,159600.0,159655.0,2,2
2026-06-09,GOLDPETAL,2026-06-30,15442.0,15508.0,15200.0,15239.0,201394,189214
2026-06-09,GOLDPETAL,2026-07-31,15669.0,15695.0,15383.0,15425.0,86245,93753
2026-06-09,GOLDPETAL,2026-08-31,15751.0,15882.0,15575.0,15611.0,33168,41996
2026-06-09,GOLDPETAL,2026-09-30,15992.0,16073.0,15772.0,15806.0,11207,16941
2026-06-09,GOLDPETAL,2026-10-30,16205.0,16264.0,15957.0,15999.0,5458,17266
2026-06-09,GOLDPETAL,2026-11-30,16417.0,16460.0,16160.0,16191.0,1606,2464
2026-06-09,GOLDTEN,2026-06-30,153050.0,153933.0,150700.0,151053.0,23670,31890
2026-06-09,GOLDTEN,2026-07-31,155000.0,155750.0,152450.0,152881.0,8036,13735
2026-06-09,GOLDTEN,2026-08-31,156783.0,157570.0,154276.0,154689.0,2980,4840
2026-06-09,GOLDTEN,2026-09-30,158474.0,159107.0,156000.0,156451.0,667,1634
2026-06-09,GOLDTEN,2026-10-30,159847.0,160700.0,157609.0,158004.0,257,653
2026-06-09,GOLDTEN,2026-11-30,162000.0,162200.0,159605.0,160043.0,119,126
2026-06-10,GOLDGUINEA,2026-06-30,121397.0,121397.0,118101.0,118294.0,16715,15396
2026-06-10,GOLDGUINEA,2026-07-31,122141.0,122141.0,119750.0,119989.0,6475,7645
2026-06-10,GOLDGUINEA,2026-08-31,122521.0,123352.0,121232.0,121571.0,3007,2752
2026-06-10,GOLDGUINEA,2026-09-30,124439.0,125185.0,122684.0,122932.0,751,724
2026-06-10,GOLDGUINEA,2026-10-30,126006.0,126615.0,124250.0,124390.0,329,243
2026-06-10,GOLDGUINEA,2026-11-30,127914.0,127914.0,125812.0,126080.0,66,48
2026-06-10,GOLDM,2026-07-03,150300.0,150301.0,146262.0,146388.0,57222,51410
2026-06-10,GOLDM,2026-08-05,150615.0,150923.0,148000.0,148103.0,18154,12289
2026-06-10,GOLDM,2026-09-04,151341.0,152580.0,149718.0,149853.0,2373,2893
2026-06-10,GOLDM,2026-10-05,153289.0,154020.0,151265.0,151432.0,1025,1311
2026-06-10,GOLDM,2026-11-05,155051.0,155499.0,152830.0,153055.0,274,444
2026-06-10,GOLDM,2026-12-04,156333.0,156333.0,154900.0,155557.0,9,7
2026-06-10,GOLDPETAL,2026-06-30,15111.0,15200.0,14779.0,14794.0,292818,191172
2026-06-10,GOLDPETAL,2026-07-31,15351.0,15368.0,14970.0,14980.0,124194,95698
2026-06-10,GOLDPETAL,2026-08-31,15504.0,15504.0,15154.0,15170.0,54985,46452
2026-06-10,GOLDPETAL,2026-09-30,15704.0,15708.0,15345.0,15360.0,20466,17917
2026-06-10,GOLDPETAL,2026-10-30,15856.0,15856.0,15525.0,15543.0,11422,17636
2026-06-10,GOLDPETAL,2026-11-30,15959.0,16040.0,15706.0,15734.0,4676,3006
2026-06-10,GOLDTEN,2026-06-30,150125.0,150125.0,146600.0,146751.0,32103,32029
2026-06-10,GOLDTEN,2026-07-31,151801.0,151801.0,148310.0,148482.0,12085,15033
2026-06-10,GOLDTEN,2026-08-31,154279.0,154279.0,150072.0,150207.0,6047,5614
2026-06-10,GOLDTEN,2026-09-30,155800.0,155800.0,151789.0,151948.0,1344,1713
2026-06-10,GOLDTEN,2026-10-30,156000.0,156156.0,153500.0,153651.0,556,709
2026-06-10,GOLDTEN,2026-11-30,158811.0,158811.0,155112.0,155383.0,223,206
2026-06-11,GOLDGUINEA,2026-06-30,116177.0,119944.0,116177.0,118731.0,14019,14451
2026-06-11,GOLDGUINEA,2026-07-31,119150.0,120819.0,118500.0,120217.0,5394,7697
2026-06-11,GOLDGUINEA,2026-08-31,120571.0,122650.0,120029.0,121747.0,2822,2894
2026-06-11,GOLDGUINEA,2026-09-30,121986.0,123820.0,121528.0,123164.0,463,712
2026-06-11,GOLDGUINEA,2026-10-30,123573.0,125603.0,122946.0,124893.0,345,261
2026-06-11,GOLDGUINEA,2026-11-30,125229.0,126999.0,124787.0,125947.0,59,58
2026-06-11,GOLDM,2026-07-03,144328.0,147750.0,144328.0,147121.0,47767,50630
2026-06-11,GOLDM,2026-08-05,144001.0,149700.0,144001.0,148976.0,15987,12883
2026-06-11,GOLDM,2026-09-04,146853.0,151443.0,146853.0,150788.0,2065,2910
2026-06-11,GOLDM,2026-10-05,150188.0,152990.0,149320.0,152422.0,713,1204
2026-06-11,GOLDM,2026-11-05,151811.0,154523.0,151584.0,153885.0,121,450
2026-06-11,GOLDM,2026-12-04,153793.0,157482.0,153310.0,155388.0,24,12
2026-06-11,GOLDPETAL,2026-06-30,14779.0,14924.0,14612.0,14843.0,267202,187779
2026-06-11,GOLDPETAL,2026-07-31,14887.0,15120.0,14781.0,15045.0,118609,96124
2026-06-11,GOLDPETAL,2026-08-31,15151.0,15300.0,15000.0,15224.0,45250,45191
2026-06-11,GOLDPETAL,2026-09-30,15319.0,15496.0,15200.0,15425.0,17675,19601
2026-06-11,GOLDPETAL,2026-10-30,15798.0,15799.0,15363.0,15616.0,7748,17640
2026-06-11,GOLDPETAL,2026-11-30,15581.0,15870.0,15517.0,15814.0,3942,3922
2026-06-11,GOLDTEN,2026-06-30,145900.0,148050.0,145051.0,147457.0,28139,30709
2026-06-11,GOLDTEN,2026-07-31,147007.0,149997.0,146201.0,149244.0,10640,15212
2026-06-11,GOLDTEN,2026-08-31,149486.0,151785.0,148305.0,151029.0,4618,5736
2026-06-11,GOLDTEN,2026-09-30,150660.0,153457.0,150469.0,152861.0,928,1772
2026-06-11,GOLDTEN,2026-10-30,152643.0,154947.0,152300.0,154241.0,250,716
2026-06-11,GOLDTEN,2026-11-30,154436.0,156499.0,154020.0,155930.0,149,210
2026-06-12,GOLDGUINEA,2026-06-30,120066.0,120100.0,119003.0,119835.0,11473,13551
2026-06-12,GOLDGUINEA,2026-07-31,121137.0,121779.0,120600.0,121453.0,4169,7748
2026-06-12,GOLDGUINEA,2026-08-31,123410.0,123433.0,122035.0,122916.0,1808,2902
2026-06-12,GOLDGUINEA,2026-09-30,124222.0,125623.0,123600.0,124380.0,705,689
2026-06-12,GOLDGUINEA,2026-10-30,126102.0,126669.0,125162.0,125940.0,94,257
2026-06-12,GOLDGUINEA,2026-11-30,127719.0,128203.0,126735.0,127408.0,22,61
2026-06-12,GOLDM,2026-07-03,147888.0,149121.0,147651.0,148719.0,39667,48223
2026-06-12,GOLDM,2026-08-05,150388.0,151100.0,149516.0,150639.0,12609,13645
2026-06-12,GOLDM,2026-09-04,152229.0,152890.0,151339.0,152504.0,1290,2851
2026-06-12,GOLDM,2026-10-05,153817.0,154500.0,153000.0,154142.0,292,1218
2026-06-12,GOLDM,2026-11-05,155501.0,156050.0,154471.0,155635.0,99,452
2026-06-12,GOLDM,2026-12-04,156356.0,157516.0,156356.0,156808.0,5,14
2026-06-12,GOLDPETAL,2026-06-30,14929.0,15044.0,14882.0,14989.0,232771,187628
2026-06-12,GOLDPETAL,2026-07-31,15131.0,15235.0,15088.0,15193.0,94752,96187
2026-06-12,GOLDPETAL,2026-08-31,15323.0,15423.0,15277.0,15388.0,32118,45600
2026-06-12,GOLDPETAL,2026-09-30,15530.0,15604.0,15467.0,15572.0,9429,21202
2026-06-12,GOLDPETAL,2026-10-30,15700.0,15814.0,15639.0,15753.0,3757,17938
2026-06-12,GOLDPETAL,2026-11-30,15976.0,16137.0,15822.0,15939.0,2639,4391
2026-06-12,GOLDTEN,2026-06-30,148885.0,149788.0,147868.0,148962.0,27376,31390
2026-06-12,GOLDTEN,2026-07-31,150920.0,151300.0,149810.0,150971.0,9274,14856
2026-06-12,GOLDTEN,2026-08-31,152808.0,153133.0,151679.0,152798.0,3301,5707
2026-06-12,GOLDTEN,2026-09-30,154855.0,154855.0,153411.0,154386.0,622,1751
2026-06-12,GOLDTEN,2026-10-30,155736.0,156430.0,155071.0,155939.0,250,740
2026-06-12,GOLDTEN,2026-11-30,157390.0,157872.0,156779.0,157410.0,117,217
2026-06-15,GOLDGUINEA,2026-06-30,120887.0,122435.0,120887.0,121616.0,8245,12776
2026-06-15,GOLDGUINEA,2026-07-31,122687.0,123914.0,122687.0,123316.0,3766,7553
2026-06-15,GOLDGUINEA,2026-08-31,124287.0,125333.0,124287.0,124880.0,1789,2898
2026-06-15,GOLDGUINEA,2026-09-30,126207.0,126802.0,126036.0,126276.0,329,707
2026-06-15,GOLDGUINEA,2026-10-30,128230.0,128350.0,127699.0,127950.0,135,263
2026-06-15,GOLDGUINEA,2026-11-30,129552.0,130144.0,129231.0,129609.0,38,73
2026-06-15,GOLDM,2026-07-03,151061.0,151787.0,150612.0,150922.0,29315,47644
2026-06-15,GOLDM,2026-08-05,152979.0,153855.0,152689.0,152967.0,10804,13738
2026-06-15,GOLDM,2026-09-04,155642.0,155762.0,154601.0,154809.0,2296,3400
2026-06-15,GOLDM,2026-10-05,156887.0,157406.0,156360.0,156609.0,470,1122
2026-06-15,GOLDM,2026-11-05,157879.0,159049.0,157879.0,158418.0,123,447
2026-06-15,GOLDM,2026-12-04,159704.0,160131.0,159704.0,159950.0,7,17
2026-06-15,GOLDPETAL,2026-06-30,15142.0,15285.0,15141.0,15215.0,125435,178979
2026-06-15,GOLDPETAL,2026-07-31,15318.0,15501.0,15302.0,15431.0,98201,99251
2026-06-15,GOLDPETAL,2026-08-31,15469.0,15716.0,15468.0,15619.0,43798,46843
2026-06-15,GOLDPETAL,2026-09-30,15629.0,15889.0,15629.0,15811.0,8175,22791
2026-06-15,GOLDPETAL,2026-10-30,16029.0,16094.0,15970.0,16016.0,3947,18427
2026-06-15,GOLDPETAL,2026-11-30,16260.0,16300.0,16142.0,16211.0,2125,4563
2026-06-15,GOLDTEN,2026-06-30,149999.0,153430.0,148966.0,151164.0,19160,30834
2026-06-15,GOLDTEN,2026-07-31,152671.0,155354.0,152249.0,153260.0,6502,15098
2026-06-15,GOLDTEN,2026-08-31,156966.0,156966.0,154856.0,155199.0,2818,5818
2026-06-15,GOLDTEN,2026-09-30,157777.0,158501.0,156642.0,157009.0,618,1685
2026-06-15,GOLDTEN,2026-10-30,158580.0,159300.0,158294.0,158664.0,265,738
2026-06-15,GOLDTEN,2026-11-30,159894.0,160998.0,159672.0,160639.0,92,211
2026-06-16,GOLDGUINEA,2026-06-30,121308.0,122089.0,121104.0,121618.0,6788,12798
2026-06-16,GOLDGUINEA,2026-07-31,123078.0,123670.0,122807.0,123322.0,2369,7668
2026-06-16,GOLDGUINEA,2026-08-31,125379.0,125380.0,124000.0,124701.0,966,2931
2026-06-16,GOLDGUINEA,2026-09-30,126119.0,126587.0,125743.0,126172.0,140,725
2026-06-16,GOLDGUINEA,2026-10-30,127806.0,128282.0,127473.0,127745.0,68,282
2026-06-16,GOLDGUINEA,2026-11-30,129438.0,129880.0,129259.0,129651.0,15,78
2026-06-16,GOLDM,2026-07-03,150894.0,151489.0,150201.0,150985.0,27129,47618
2026-06-16,GOLDM,2026-08-05,152967.0,153501.0,152320.0,153064.0,9413,14402
2026-06-16,GOLDM,2026-09-04,154791.0,155339.0,154196.0,154917.0,1230,3540
2026-06-16,GOLDM,2026-10-05,156811.0,157069.0,156066.0,156833.0,326,1096
2026-06-16,GOLDM,2026-11-05,158380.0,158963.0,157631.0,158769.0,298,431
2026-06-16,GOLDM,2026-12-04,160210.0,160330.0,159484.0,160014.0,9,18
2026-06-16,GOLDPETAL,2026-06-30,15206.0,15287.0,15116.0,15199.0,138426,190404
2026-06-16,GOLDPETAL,2026-07-31,15424.0,15460.0,15365.0,15418.0,75302,105820
2026-06-16,GOLDPETAL,2026-08-31,15617.0,15650.0,15554.0,15601.0,25752,49335
2026-06-16,GOLDPETAL,2026-09-30,15805.0,15845.0,15742.0,15796.0,4990,24028
2026-06-16,GOLDPETAL,2026-10-30,15991.0,16043.0,15941.0,15992.0,3684,18868
2026-06-16,GOLDPETAL,2026-11-30,16190.0,16225.0,16133.0,16166.0,1554,4845
2026-06-16,GOLDTEN,2026-06-30,150502.0,151680.0,150442.0,151202.0,14700,31737
2026-06-16,GOLDTEN,2026-07-31,152988.0,153720.0,152569.0,153295.0,5353,15317
2026-06-16,GOLDTEN,2026-08-31,154990.0,155690.0,154547.0,155198.0,2341,6347
2026-06-16,GOLDTEN,2026-09-30,156720.0,157480.0,156384.0,157029.0,548,1715
2026-06-16,GOLDTEN,2026-10-30,158816.0,159323.0,158156.0,159073.0,281,768
2026-06-16,GOLDTEN,2026-11-30,160417.0,162298.0,159212.0,160920.0,354,230
2026-06-17,GOLDGUINEA,2026-06-30,121594.0,122260.0,121020.0,122111.0,5814,12478
2026-06-17,GOLDGUINEA,2026-07-31,123109.0,123980.0,122750.0,123748.0,2758,7665
2026-06-17,GOLDGUINEA,2026-08-31,124224.0,125299.0,124168.0,125125.0,895,3015
2026-06-17,GOLDGUINEA,2026-09-30,126114.0,126728.0,125773.0,126548.0,140,736
2026-06-17,GOLDGUINEA,2026-10-30,127765.0,128250.0,127400.0,128226.0,51,283
2026-06-17,GOLDGUINEA,2026-11-30,129435.0,129611.0,128956.0,129564.0,56,104
2026-06-17,GOLDM,2026-07-03,150950.0,151930.0,150265.0,151747.0,24158,47502
2026-06-17,GOLDM,2026-08-05,152890.0,154036.0,152325.0,153819.0,11165,15604
2026-06-17,GOLDM,2026-09-04,155271.0,155850.0,154178.0,155595.0,1087,3577
2026-06-17,GOLDM,2026-10-05,156783.0,157699.0,156124.0,157427.0,156,1097
2026-06-17,GOLDM,2026-11-05,158599.0,159656.0,158010.0,159269.0,91,425
2026-06-17,GOLDM,2026-12-04,160450.0,160450.0,160450.0,160450.0,1,19
2026-06-17,GOLDPETAL,2026-06-30,15200.0,15288.0,14765.0,15265.0,114792,183116
2026-06-17,GOLDPETAL,2026-07-31,15406.0,15880.0,14956.0,15486.0,65084,109289
2026-06-17,GOLDPETAL,2026-08-31,15595.0,15872.0,15133.0,15665.0,21743,50070
2026-06-17,GOLDPETAL,2026-09-30,15781.0,15906.0,15723.0,15843.0,7306,24972
2026-06-17,GOLDPETAL,2026-10-30,16041.0,16060.0,15893.0,16030.0,2342,18703
2026-06-17,GOLDPETAL,2026-11-30,16042.0,16232.0,16042.0,16210.0,1370,5104
2026-06-17,GOLDTEN,2026-06-30,150970.0,152100.0,150526.0,151959.0,12619,31054
2026-06-17,GOLDTEN,2026-07-31,153285.0,156000.0,151226.0,154051.0,5392,16338
2026-06-17,GOLDTEN,2026-08-31,155108.0,156780.0,154431.0,155893.0,2738,6592
2026-06-17,GOLDTEN,2026-09-30,157515.0,158044.0,156400.0,157740.0,459,1732
2026-06-17,GOLDTEN,2026-10-30,158723.0,159862.0,158395.0,159537.0,176,765
2026-06-17,GOLDTEN,2026-11-30,160386.0,161763.0,160070.0,161427.0,51,241
2026-06-18,GOLDGUINEA,2026-06-30,121711.0,121711.0,118600.0,118955.0,10755,13477
2026-06-18,GOLDGUINEA,2026-07-31,123327.0,123327.0,120221.0,120669.0,5586,8743
2026-06-18,GOLDGUINEA,2026-08-31,124357.0,124866.0,121822.0,122266.0,2648,3403
2026-06-18,GOLDGUINEA,2026-09-30,126146.0,126171.0,123400.0,123501.0,412,779
2026-06-18,GOLDGUINEA,2026-10-30,127627.0,127627.0,124969.0,125104.0,254,341
2026-06-18,GOLDGUINEA,2026-11-30,128797.0,128797.0,126429.0,126767.0,52,117
2026-06-18,GOLDM,2026-07-03,150802.0,150890.0,145122.0,147424.0,46189,48628
2026-06-18,GOLDM,2026-08-05,152911.0,152911.0,148949.0,149343.0,19102,17194
2026-06-18,GOLDM,2026-09-04,154469.0,154861.0,150698.0,151083.0,3098,3719
2026-06-18,GOLDM,2026-10-05,156199.0,156561.0,152408.0,152932.0,855,1347
2026-06-18,GOLDM,2026-11-05,158279.0,158451.0,154135.0,154523.0,195,461
2026-06-18,GOLDM,2026-12-04,159818.0,159818.0,155836.0,156683.0,18,19
2026-06-18,GOLDPETAL,2026-06-30,15201.0,15201.0,14825.0,14863.0,202600,188136
2026-06-18,GOLDPETAL,2026-07-31,15386.0,15415.0,15035.0,15079.0,126708,120158
2026-06-18,GOLDPETAL,2026-08-31,15600.0,15601.0,15230.0,15273.0,59698,53900
2026-06-18,GOLDPETAL,2026-09-30,15737.0,15785.0,15410.0,15454.0,19172,27165
2026-06-18,GOLDPETAL,2026-10-30,15950.0,15983.0,15617.0,15653.0,9255,20653
2026-06-18,GOLDPETAL,2026-11-30,16160.0,16161.0,15805.0,15849.0,3358,5222
2026-06-18,GOLDTEN,2026-06-30,151098.0,151126.0,147286.0,147687.0,23735,32417
2026-06-18,GOLDTEN,2026-07-31,153300.0,153300.0,149151.0,149679.0,14460,19592
2026-06-18,GOLDTEN,2026-08-31,154500.0,155080.0,151065.0,151466.0,6285,8291
2026-06-18,GOLDTEN,2026-09-30,156506.0,156908.0,152956.0,153216.0,1342,1935
2026-06-18,GOLDTEN,2026-10-30,158364.0,158709.0,154892.0,155223.0,544,878
2026-06-18,GOLDTEN,2026-11-30,160410.0,160654.0,156706.0,157217.0,160,294
2026-06-19,GOLDGUINEA,2026-06-30,117994.0,118225.0,116021.0,117347.0,11351,13014
2026-06-19,GOLDGUINEA,2026-07-31,120126.0,120126.0,117660.0,118946.0,7156,9668
2026-06-19,GOLDGUINEA,2026-08-31,121377.0,121478.0,119172.0,120543.0,4146,3791
2026-06-19,GOLDGUINEA,2026-09-30,122077.0,123305.0,120158.0,121877.0,1215,910
2026-06-19,GOLDGUINEA,2026-10-30,124468.0,124468.0,122150.0,123492.0,328,376
2026-06-19,GOLDGUINEA,2026-11-30,124877.0,125800.0,123614.0,124925.0,50,133
2026-06-19,GOLDM,2026-07-03,145500.0,146321.0,143688.0,145221.0,44500,47106
2026-06-19,GOLDM,2026-08-05,147593.0,148365.0,145729.0,147214.0,19739,18027
2026-06-19,GOLDM,2026-09-04,149740.0,150300.0,147500.0,149053.0,4125,4011
2026-06-19,GOLDM,2026-10-05,152500.0,152500.0,149301.0,150916.0,784,1384
2026-06-19,GOLDM,2026-11-05,152806.0,153550.0,151203.0,152750.0,217,470
2026-06-19,GOLDM,2026-12-04,154110.0,154500.0,152955.0,154429.0,19,30
2026-06-19,GOLDPETAL,2026-06-30,14769.0,14769.0,14496.0,14658.0,212489,176226
2026-06-19,GOLDPETAL,2026-07-31,15025.0,15025.0,14704.0,14866.0,162710,131692
2026-06-19,GOLDPETAL,2026-08-31,15199.0,15199.0,14894.0,15056.0,60014,56688
2026-06-19,GOLDPETAL,2026-09-30,15327.0,15370.0,15080.0,15235.0,23723,28947
2026-06-19,GOLDPETAL,2026-10-30,15586.0,15587.0,15272.0,15434.0,11323,22482
2026-06-19,GOLDPETAL,2026-11-30,15732.0,15745.0,15480.0,15627.0,4201,5326
2026-06-19,GOLDTEN,2026-06-30,146068.0,146574.0,144000.0,145488.0,24687,30770
2026-06-19,GOLDTEN,2026-07-31,148130.0,148626.0,146065.0,147552.0,15100,21486
2026-06-19,GOLDTEN,2026-08-31,149854.0,150646.0,147835.0,149494.0,5749,8781
2026-06-19,GOLDTEN,2026-09-30,151681.0,152346.0,149601.0,151373.0,1172,1998
2026-06-19,GOLDTEN,2026-10-30,153506.0,154136.0,151545.0,153223.0,413,920
2026-06-19,GOLDTEN,2026-11-30,155026.0,155894.0,153154.0,155103.0,235,346
2026-06-22,GOLDGUINEA,2026-06-30,117861.0,118810.0,117336.0,118036.0,7484,12079
2026-06-22,GOLDGUINEA,2026-07-31,119500.0,120469.0,118971.0,119571.0,4799,9695
2026-06-22,GOLDGUINEA,2026-08-31,120935.0,121810.0,120605.0,121179.0,2285,4034
2026-06-22,GOLDGUINEA,2026-09-30,121898.0,123180.0,121898.0,122562.0,294,926
2026-06-22,GOLDGUINEA,2026-10-30,123599.0,124689.0,123583.0,123965.0,138,387
2026-06-22,GOLDGUINEA,2026-11-30,124999.0,126000.0,124999.0,125836.0,17,136
2026-06-22,GOLDM,2026-07-03,145699.0,147124.0,145341.0,146125.0,29250,46720
2026-06-22,GOLDM,2026-08-05,147985.0,149150.0,147429.0,148068.0,14778,18305
2026-06-22,GOLDM,2026-09-04,149391.0,150925.0,149250.0,149966.0,1836,4102
2026-06-22,GOLDM,2026-10-05,151334.0,152700.0,150997.0,151750.0,509,1329
2026-06-22,GOLDM,2026-11-05,153011.0,154606.0,152985.0,153583.0,191,529
2026-06-22,GOLDM,2026-12-04,154875.0,156070.0,154737.0,155759.0,16,33
2026-06-22,GOLDPETAL,2026-06-30,14702.0,14844.0,14663.0,14745.0,153103,153248
2026-06-22,GOLDPETAL,2026-07-31,14887.0,15035.0,14868.0,14951.0,105449,135234
2026-06-22,GOLDPETAL,2026-08-31,15066.0,15220.0,15062.0,15135.0,33223,59420
2026-06-22,GOLDPETAL,2026-09-30,15253.0,15402.0,15242.0,15322.0,8898,30022
2026-06-22,GOLDPETAL,2026-10-30,15448.0,15605.0,15425.0,15524.0,3958,22909
2026-06-22,GOLDPETAL,2026-11-30,15628.0,15790.0,15628.0,15712.0,2131,5502
2026-06-22,GOLDTEN,2026-06-30,146072.0,147372.0,145633.0,146384.0,16730,27883
2026-06-22,GOLDTEN,2026-07-31,148071.0,149444.0,147710.0,148439.0,10590,22013
2026-06-22,GOLDTEN,2026-08-31,149924.0,151200.0,149661.0,150378.0,3783,9401
2026-06-22,GOLDTEN,2026-09-30,151634.0,153006.0,151517.0,152033.0,742,1987
2026-06-22,GOLDTEN,2026-10-30,153625.0,154780.0,153395.0,153786.0,275,904
2026-06-22,GOLDTEN,2026-11-30,155653.0,156717.0,155300.0,155705.0,140,342
2026-06-23,GOLDGUINEA,2026-06-30,117051.0,117250.0,116170.0,116808.0,8038,10969
2026-06-23,GOLDGUINEA,2026-07-31,118724.0,118910.0,117660.0,118398.0,5926,10420
2026-06-23,GOLDGUINEA,2026-08-31,119900.0,120485.0,119276.0,120002.0,2816,4319
2026-06-23,GOLDGUINEA,2026-09-30,121399.0,121844.0,120732.0,121489.0,565,989
2026-06-23,GOLDGUINEA,2026-10-30,122982.0,123273.0,122275.0,122875.0,204,409
2026-06-23,GOLDGUINEA,2026-11-30,124631.0,124778.0,124000.0,124685.0,56,149
2026-06-23,GOLDM,2026-07-03,145000.0,145220.0,143518.0,144666.0,35294,44169
2026-06-23,GOLDM,2026-08-05,147547.0,147547.0,145522.0,146512.0,17746,19674
2026-06-23,GOLDM,2026-09-04,148650.0,148965.0,147326.0,148334.0,3079,4503
2026-06-23,GOLDM,2026-10-05,150394.0,150751.0,149118.0,150126.0,770,1295
2026-06-23,GOLDM,2026-11-05,152316.0,152500.0,150884.0,152111.0,183,548
2026-06-23,GOLDM,2026-12-04,153740.0,154071.0,152813.0,153209.0,19,39
2026-06-23,GOLDPETAL,2026-06-30,14598.0,14659.0,14515.0,14607.0,142703,137993
2026-06-23,GOLDPETAL,2026-07-31,14900.0,14901.0,14697.0,14804.0,121765,151414
2026-06-23,GOLDPETAL,2026-08-31,15077.0,15077.0,14900.0,15002.0,41996,62429
2026-06-23,GOLDPETAL,2026-09-30,15236.0,15236.0,15083.0,15187.0,19187,31990
2026-06-23,GOLDPETAL,2026-10-30,15386.0,15451.0,15279.0,15388.0,7689,24296
2026-06-23,GOLDPETAL,2026-11-30,15596.0,15614.0,15475.0,15568.0,2491,6064
2026-06-23,GOLDTEN,2026-06-30,145352.0,145550.0,144126.0,145160.0,18727,25548
2026-06-23,GOLDTEN,2026-07-31,147501.0,147532.0,145900.0,146866.0,16510,24161
2026-06-23,GOLDTEN,2026-08-31,149290.0,149393.0,147767.0,148741.0,4661,10250
2026-06-23,GOLDTEN,2026-09-30,150717.0,151067.0,149647.0,150566.0,1196,2097
2026-06-23,GOLDTEN,2026-10-30,152664.0,152972.0,151492.0,152558.0,356,928
2026-06-23,GOLDTEN,2026-11-30,154032.0,154864.0,153632.0,154132.0,189,405
2026-06-24,GOLDGUINEA,2026-06-30,115889.0,116100.0,112000.0,112552.0,11819,9376
2026-06-24,GOLDGUINEA,2026-07-31,118106.0,118106.0,113397.0,114103.0,16588,12812
2026-06-24,GOLDGUINEA,2026-08-31,118972.0,118990.0,115100.0,115523.0,7179,5047
2026-06-24,GOLDGUINEA,2026-09-30,119854.0,120479.0,116577.0,116927.0,1548,1265
2026-06-24,GOLDGUINEA,2026-10-30,121852.0,122000.0,118209.0,118418.0,637,459
2026-06-24,GOLDGUINEA,2026-11-30,123479.0,123594.0,119550.0,119788.0,271,240
2026-06-24,GOLDM,2026-07-03,142360.0,143599.0,139318.0,139524.0,63162,42850
2026-06-24,GOLDM,2026-08-05,144311.0,145456.0,140695.0,141255.0,44162,25388
2026-06-24,GOLDM,2026-09-04,145918.0,147288.0,142445.0,142916.0,7568,5409
2026-06-24,GOLDM,2026-10-05,148276.0,149050.0,144207.0,144682.0,1780,1648
2026-06-24,GOLDM,2026-11-05,150200.0,150862.0,145896.0,146297.0,638,604
2026-06-24,GOLDM,2026-12-04,151553.0,152429.0,147673.0,148845.0,78,69
2026-06-24,GOLDPETAL,2026-06-30,14500.0,14500.0,14024.0,14085.0,201649,113969
2026-06-24,GOLDPETAL,2026-07-31,14704.0,14750.0,14218.0,14261.0,275290,182097
2026-06-24,GOLDPETAL,2026-08-31,14801.0,14872.0,14320.0,14441.0,117759,76067
2026-06-24,GOLDPETAL,2026-09-30,15055.0,15077.0,14580.0,14623.0,46400,34800
2026-06-24,GOLDPETAL,2026-10-30,15280.0,15286.0,14775.0,14819.0,21772,25299
2026-06-24,GOLDPETAL,2026-11-30,15440.0,15569.0,14950.0,15006.0,9248,7768
2026-06-24,GOLDTEN,2026-06-30,144002.0,144002.0,139260.0,139880.0,23822,21294
2026-06-24,GOLDTEN,2026-07-31,145501.0,145887.0,141322.0,141664.0,32881,27431
2026-06-24,GOLDTEN,2026-08-31,146766.0,147751.0,139817.0,143320.0,11074,11543
2026-06-24,GOLDTEN,2026-09-30,149003.0,149512.0,144821.0,145144.0,2583,2407
2026-06-24,GOLDTEN,2026-10-30,150916.0,151395.0,146690.0,147066.0,860,1032
2026-06-24,GOLDTEN,2026-11-30,153011.0,153344.0,148424.0,148944.0,710,590
2026-06-25,GOLDGUINEA,2026-06-30,112399.0,114096.0,111752.0,113051.0,12759,3041
2026-06-25,GOLDGUINEA,2026-07-31,113444.0,115490.0,113401.0,114896.0,21318,15752
2026-06-25,GOLDGUINEA,2026-08-31,115176.0,117151.0,114750.0,116668.0,6506,5732
2026-06-25,GOLDGUINEA,2026-09-30,116000.0,118679.0,116000.0,118045.0,1741,1449
2026-06-25,GOLDGUINEA,2026-10-30,118025.0,119988.0,117725.0,119528.0,352,476
2026-06-25,GOLDGUINEA,2026-11-30,119399.0,121400.0,119080.0,121232.0,223,296
2026-06-25,GOLDM,2026-07-03,139212.0,141651.0,138707.0,141298.0,55394,39298
2026-06-25,GOLDM,2026-08-05,140536.0,143450.0,140500.0,143097.0,41061,28955
2026-06-25,GOLDM,2026-09-04,141919.0,145180.0,141919.0,144744.0,7784,5472
2026-06-25,GOLDM,2026-10-05,144038.0,146732.0,143631.0,146378.0,1035,1601
2026-06-25,GOLDM,2026-11-05,145826.0,148432.0,145579.0,147982.0,416,699
2026-06-25,GOLDM,2026-12-04,147551.0,150010.0,147244.0,149822.0,70,75
2026-06-25,GOLDPETAL,2026-06-30,14045.0,14223.0,13976.0,14126.0,220988,38401
2026-06-25,GOLDPETAL,2026-07-31,14201.0,14439.0,14126.0,14367.0,318929,223342
2026-06-25,GOLDPETAL,2026-08-31,14411.0,14634.0,14360.0,14574.0,96240,78871
2026-06-25,GOLDPETAL,2026-09-30,14582.0,14830.0,14467.0,14770.0,39831,35771
2026-06-25,GOLDPETAL,2026-10-30,14690.0,15019.0,14626.0,14971.0,18547,26838
2026-06-25,GOLDPETAL,2026-11-30,14929.0,15213.0,14912.0,15156.0,9918,8550
2026-06-25,GOLDTEN,2026-06-30,139399.0,141797.0,138100.0,141169.0,28314,10292
2026-06-25,GOLDTEN,2026-07-31,141699.0,143700.0,140853.0,143295.0,38673,30711
2026-06-25,GOLDTEN,2026-08-31,143169.0,145521.0,142567.0,145020.0,9592,12283
2026-06-25,GOLDTEN,2026-09-30,144599.0,147245.0,144290.0,146850.0,2341,2566
2026-06-25,GOLDTEN,2026-10-30,146434.0,148985.0,146182.0,148723.0,637,1107
2026-06-25,GOLDTEN,2026-11-30,148511.0,151000.0,147724.0,150665.0,409,723
2026-06-26,GOLDGUINEA,2026-06-30,113551.0,114910.0,113301.0,114348.0,2725,1842
2026-06-26,GOLDGUINEA,2026-07-31,115101.0,116300.0,115000.0,116000.0,11430,16973
2026-06-26,GOLDGUINEA,2026-08-31,118152.0,118152.0,116685.0,117600.0,2564,5798
2026-06-26,GOLDGUINEA,2026-09-30,118948.0,119394.0,118172.0,119114.0,827,1486
2026-06-26,GOLDGUINEA,2026-10-30,120100.0,121022.0,119699.0,120749.0,111,487
2026-06-26,GOLDGUINEA,2026-11-30,119404.0,122520.0,119404.0,122239.0,39,298
2026-06-26,GOLDM,2026-07-03,141584.0,142755.0,140983.0,142012.0,37888,35292
2026-06-26,GOLDM,2026-08-05,143519.0,144721.0,142890.0,144113.0,27199,33341
2026-06-26,GOLDM,2026-09-04,145342.0,146400.0,144601.0,145939.0,2361,5522
2026-06-26,GOLDM,2026-10-05,147180.0,148148.0,146369.0,147805.0,456,1560
2026-06-26,GOLDM,2026-11-05,148869.0,149651.0,147927.0,149314.0,160,720
2026-06-26,GOLDM,2026-12-04,150549.0,151401.0,149998.0,150996.0,41,88
2026-06-26,GOLDPETAL,2026-06-30,14209.0,14388.0,14160.0,14317.0,30061,25388
2026-06-26,GOLDPETAL,2026-07-31,14399.0,14546.0,14350.0,14506.0,194834,234310
2026-06-26,GOLDPETAL,2026-08-31,14611.0,14738.0,14530.0,14708.0,41821,81551
2026-06-26,GOLDPETAL,2026-09-30,14820.0,14928.0,14771.0,14905.0,13500,35986
2026-06-26,GOLDPETAL,2026-10-30,14999.0,15124.0,14990.0,15111.0,4201,27437
2026-06-26,GOLDPETAL,2026-11-30,15166.0,15320.0,15123.0,15290.0,1490,8763
2026-06-26,GOLDTEN,2026-06-30,141759.0,142882.0,141158.0,142474.0,8556,5914
2026-06-26,GOLDTEN,2026-07-31,143997.0,144916.0,143201.0,144393.0,22600,31468
2026-06-26,GOLDTEN,2026-08-31,145368.0,146664.0,145040.0,146230.0,5014,12766
2026-06-26,GOLDTEN,2026-09-30,147391.0,148525.0,146930.0,148117.0,1088,2704
2026-06-26,GOLDTEN,2026-10-30,149180.0,150461.0,148700.0,149871.0,275,1138
2026-06-26,GOLDTEN,2026-11-30,150558.0,152500.0,150558.0,151890.0,147,757
2026-06-29,GOLDGUINEA,2026-06-30,114688.0,114688.0,113413.0,113535.0,94,1386
2026-06-29,GOLDGUINEA,2026-07-31,116557.0,116699.0,114252.0,114761.0,12024,16407
2026-06-29,GOLDGUINEA,2026-08-31,117905.0,117905.0,115881.0,116341.0,3365,6125
2026-06-29,GOLDGUINEA,2026-09-30,118666.0,119090.0,117307.0,117733.0,1164,1645
2026-06-29,GOLDGUINEA,2026-10-30,120473.0,120473.0,118941.0,119217.0,224,509
2026-06-29,GOLDGUINEA,2026-11-30,121784.0,121869.0,120557.0,120814.0,91,318
2026-06-29,GOLDM,2026-07-03,141778.0,142182.0,140033.0,140454.0,24172,29421
2026-06-29,GOLDM,2026-08-05,144131.0,144171.0,141833.0,142322.0,32271,38385
2026-06-29,GOLDM,2026-09-04,146001.0,146028.0,143678.0,144172.0,3505,5850
2026-06-29,GOLDM,2026-10-05,147365.0,147365.0,145370.0,145801.0,722,1732
2026-06-29,GOLDM,2026-11-05,149170.0,149170.0,147128.0,147544.0,139,742
2026-06-29,GOLDM,2026-12-04,150239.0,150763.0,149100.0,149382.0,30,100
2026-06-29,GOLDPETAL,2026-06-30,14303.0,14390.0,14128.0,14178.0,2987,17095
2026-06-29,GOLDPETAL,2026-07-31,14524.0,14574.0,14295.0,14350.0,228493,230417
2026-06-29,GOLDPETAL,2026-08-31,14750.0,14751.0,14495.0,14550.0,53228,84667
2026-06-29,GOLDPETAL,2026-09-30,14950.0,14950.0,14686.0,14734.0,16030,36957
2026-06-29,GOLDPETAL,2026-10-30,15132.0,15136.0,14887.0,14929.0,8573,28238
2026-06-29,GOLDPETAL,2026-11-30,15327.0,15329.0,15082.0,15116.0,3562,9889
2026-06-29,GOLDTEN,2026-06-30,142232.0,144409.0,140472.0,142378.0,992,2713
2026-06-29,GOLDTEN,2026-07-31,144331.0,144880.0,142250.0,142649.0,25381,32771
2026-06-29,GOLDTEN,2026-08-31,146287.0,146300.0,144064.0,144580.0,4736,13678
2026-06-29,GOLDTEN,2026-09-30,148982.0,148983.0,145932.0,146367.0,1223,2840
2026-06-29,GOLDTEN,2026-10-30,150992.0,150992.0,147748.0,148177.0,379,1173
2026-06-29,GOLDTEN,2026-11-30,151386.0,151386.0,149640.0,149956.0,201,777
2026-06-30,GOLDGUINEA,2026-06-30,112622.0,120347.0,112622.0,114345.0,83,199
2026-06-30,GOLDGUINEA,2026-07-31,113900.0,115575.0,113299.0,114806.0,15389,16046
2026-06-30,GOLDGUINEA,2026-08-31,115112.0,117130.0,114855.0,116405.0,4571,6340
2026-06-30,GOLDGUINEA,2026-09-30,116968.0,118551.0,116392.0,117968.0,1534,1673
2026-06-30,GOLDGUINEA,2026-10-30,118090.0,120670.0,117872.0,119527.0,949,588
2026-06-30,GOLDGUINEA,2026-11-30,120083.0,121369.0,119331.0,120835.0,211,395
2026-06-30,GOLDM,2026-07-03,139500.0,141649.0,138552.0,140190.0,28868,21996
2026-06-30,GOLDM,2026-08-05,140926.0,143522.0,140340.0,142371.0,63027,45340
2026-06-30,GOLDM,2026-09-04,143452.0,145315.0,141999.0,144262.0,5526,6510
2026-06-30,GOLDM,2026-10-05,144190.0,146972.0,143949.0,146014.0,1178,1898
2026-06-30,GOLDM,2026-11-05,146146.0,148742.0,145737.0,147656.0,214,795
2026-06-30,GOLDM,2026-12-04,147900.0,150299.0,147680.0,149366.0,97,115
2026-06-30,GOLDPETAL,2026-06-30,14100.0,14260.0,14099.0,14260.0,744,4611
2026-06-30,GOLDPETAL,2026-07-31,14298.0,14465.0,14152.0,14349.0,308236,225422
2026-06-30,GOLDPETAL,2026-08-31,14512.0,14651.0,14350.0,14546.0,76514,85205
2026-06-30,GOLDPETAL,2026-09-30,14625.0,14846.0,14472.0,14743.0,22837,37240
2026-06-30,GOLDPETAL,2026-10-30,14800.0,15038.0,14754.0,14943.0,10424,28914
2026-06-30,GOLDPETAL,2026-11-30,14956.0,15205.0,14943.0,15126.0,3966,10707
2026-06-30,GOLDTEN,2026-06-30,139333.0,141329.0,138107.0,141285.0,263,1492
2026-06-30,GOLDTEN,2026-07-31,142224.0,143790.0,140774.0,142751.0,31018,32785
2026-06-30,GOLDTEN,2026-08-31,143497.0,145645.0,142652.0,144651.0,6971,13759
2026-06-30,GOLDTEN,2026-09-30,144328.0,147498.0,144096.0,146442.0,2007,2919
2026-06-30,GOLDTEN,2026-10-30,146791.0,149214.0,146410.0,148363.0,435,1192
2026-06-30,GOLDTEN,2026-11-30,148811.0,151000.0,148226.0,150299.0,323,819
2026-07-01,GOLDGUINEA,2026-07-31,114127.0,116999.0,112801.0,116316.0,24478,15963
2026-07-01,GOLDGUINEA,2026-08-31,114973.0,118411.0,114972.0,117779.0,5774,6474
2026-07-01,GOLDGUINEA,2026-09-30,117052.0,119859.0,116515.0,119122.0,1896,1766
2026-07-01,GOLDGUINEA,2026-10-30,118662.0,121259.0,118000.0,120651.0,772,599
2026-07-01,GOLDGUINEA,2026-11-30,120035.0,122500.0,119438.0,122053.0,297,387
2026-07-01,GOLDGUINEA,2026-12-31,120640.0,124062.0,120640.0,123501.0,55,27
2026-07-01,GOLDM,2026-07-03,139327.0,143548.0,138600.0,142461.0,8119,17696
2026-07-01,GOLDM,2026-08-05,141778.0,145439.0,140510.0,144305.0,83424,48814
2026-07-01,GOLDM,2026-09-04,143056.0,147213.0,142382.0,146153.0,9475,7044
2026-07-01,GOLDM,2026-10-05,144847.0,148948.0,144118.0,147871.0,1858,1987
2026-07-01,GOLDM,2026-11-05,146629.0,150518.0,145910.0,149513.0,407,841
2026-07-01,GOLDM,2026-12-04,149100.0,152117.0,147700.0,151322.0,174,117
2026-07-01,GOLDPETAL,2026-07-31,14301.0,14630.0,14187.0,14534.0,406046,223024
2026-07-01,GOLDPETAL,2026-08-31,14511.0,14820.0,14385.0,14720.0,118298,89830
2026-07-01,GOLDPETAL,2026-09-30,14651.0,14994.0,14580.0,14903.0,39168,37331
2026-07-01,GOLDPETAL,2026-10-30,14851.0,15171.0,14771.0,15087.0,16840,29193
2026-07-01,GOLDPETAL,2026-11-30,14995.0,15349.0,14951.0,15259.0,7177,11802
2026-07-01,GOLDPETAL,2026-12-31,15239.0,15586.0,15132.0,15431.0,2602,1546
2026-07-01,GOLDTEN,2026-07-31,142223.0,145730.0,140888.0,144661.0,44327,31835
2026-07-01,GOLDTEN,2026-08-31,143555.0,147477.0,142828.0,146538.0,12578,13414
2026-07-01,GOLDTEN,2026-09-30,145500.0,149200.0,144647.0,148304.0,4172,2973
2026-07-01,GOLDTEN,2026-10-30,147150.0,151035.0,146503.0,150088.0,1014,1113
2026-07-01,GOLDTEN,2026-11-30,148833.0,152743.0,148400.0,151965.0,488,814
2026-07-01,GOLDTEN,2026-12-31,150347.0,154498.0,149932.0,153504.0,218,82
2026-07-02,GOLDGUINEA,2026-07-31,116317.0,117915.0,115716.0,117356.0,17873,16145
2026-07-02,GOLDGUINEA,2026-08-31,117824.0,119351.0,117327.0,118815.0,5183,6566
2026-07-02,GOLDGUINEA,2026-09-30,119220.0,121137.0,118800.0,120219.0,1814,1810
2026-07-02,GOLDGUINEA,2026-10-30,120798.0,122212.0,120300.0,121631.0,636,547
2026-07-02,GOLDGUINEA,2026-11-30,122075.0,123550.0,121681.0,122953.0,214,447
2026-07-02,GOLDGUINEA,2026-12-31,123396.0,124975.0,123396.0,124692.0,16,32
2026-07-02,GOLDM,2026-07-03,142267.0,144785.0,141839.0,144014.0,3681,5489
2026-07-02,GOLDM,2026-08-05,143948.0,146488.0,143612.0,145619.0,61718,50369
2026-07-02,GOLDM,2026-09-04,145848.0,148289.0,145500.0,147448.0,8166,7936
2026-07-02,GOLDM,2026-10-05,147468.0,150000.0,147269.0,149295.0,1589,2007
2026-07-02,GOLDM,2026-11-05,149265.0,151653.0,149030.0,150907.0,352,853
2026-07-02,GOLDM,2026-12-04,151180.0,153309.0,150966.0,152697.0,118,142
2026-07-02,GOLDPETAL,2026-07-31,14501.0,14733.0,14445.0,14666.0,338221,221146
2026-07-02,GOLDPETAL,2026-08-31,14689.0,14930.0,14667.0,14855.0,92179,93516
2026-07-02,GOLDPETAL,2026-09-30,14876.0,15116.0,14856.0,15039.0,30875,38083
2026-07-02,GOLDPETAL,2026-10-30,15053.0,15300.0,15045.0,15227.0,13211,29107
2026-07-02,GOLDPETAL,2026-11-30,15243.0,15483.0,15192.0,15398.0,4835,12417
2026-07-02,GOLDPETAL,2026-12-31,15438.0,15649.0,15405.0,15567.0,1558,1631
2026-07-02,GOLDTEN,2026-07-31,144639.0,146786.0,143571.0,145961.0,31939,31812
2026-07-02,GOLDTEN,2026-08-31,147477.0,148571.0,145915.0,147814.0,10822,13413
2026-07-02,GOLDTEN,2026-09-30,147954.0,150382.0,147790.0,149744.0,3535,3301
2026-07-02,GOLDTEN,2026-10-30,149910.0,152227.0,149584.0,151480.0,906,1104
2026-07-02,GOLDTEN,2026-11-30,151736.0,154100.0,151567.0,153087.0,418,849
2026-07-02,GOLDTEN,2026-12-31,153807.0,156123.0,153046.0,154664.0,88,103
2026-07-03,GOLDGUINEA,2026-07-31,118374.0,119224.0,118053.0,118567.0,13105,15014
2026-07-03,GOLDGUINEA,2026-08-31,120799.0,120799.0,118851.0,119868.0,4365,6223
2026-07-03,GOLDGUINEA,2026-09-30,121391.0,121998.0,121000.0,121481.0,1695,1827
2026-07-03,GOLDGUINEA,2026-10-30,122804.0,123417.0,122502.0,122864.0,397,528
2026-07-03,GOLDGUINEA,2026-11-30,124115.0,124767.0,123470.0,124287.0,152,442
2026-07-03,GOLDGUINEA,2026-12-31,125765.0,126420.0,125721.0,125926.0,92,72
2026-07-03,GOLDM,2026-07-03,146080.0,147276.0,145350.0,145504.0,272,3466
2026-07-03,GOLDM,2026-08-05,147039.0,147907.0,146580.0,147200.0,37908,48583
2026-07-03,GOLDM,2026-09-04,149566.0,149755.0,148310.0,149003.0,6062,8079
2026-07-03,GOLDM,2026-10-05,151367.0,151490.0,150029.0,150725.0,1873,2268
2026-07-03,GOLDM,2026-11-05,152540.0,153228.0,151706.0,152446.0,320,849
2026-07-03,GOLDM,2026-12-04,154745.0,154990.0,153750.0,154067.0,120,154
2026-07-03,GOLDPETAL,2026-07-31,14700.0,14880.0,14700.0,14823.0,255536,209313
2026-07-03,GOLDPETAL,2026-08-31,14942.0,15072.0,14894.0,15015.0,73022,95220
2026-07-03,GOLDPETAL,2026-09-30,15121.0,15250.0,15121.0,15201.0,24128,39582
2026-07-03,GOLDPETAL,2026-10-30,15341.0,15430.0,15311.0,15389.0,8447,28829
2026-07-03,GOLDPETAL,2026-11-30,15490.0,15609.0,15490.0,15566.0,3334,12543
2026-07-03,GOLDPETAL,2026-12-31,15712.0,15783.0,15698.0,15749.0,872,1749
2026-07-03,GOLDTEN,2026-07-31,146999.0,148155.0,146841.0,147510.0,22129,29504
2026-07-03,GOLDTEN,2026-08-31,148500.0,150000.0,148500.0,149323.0,7681,13390
2026-07-03,GOLDTEN,2026-09-30,150250.0,151920.0,150250.0,151073.0,2741,3388
2026-07-03,GOLDTEN,2026-10-30,153404.0,153609.0,152371.0,152776.0,758,1202
2026-07-03,GOLDTEN,2026-11-30,155000.0,155456.0,154100.0,154616.0,323,842
2026-07-03,GOLDTEN,2026-12-31,156856.0,157069.0,156000.0,156612.0,92,122
2026-07-06,GOLDGUINEA,2026-07-31,118667.0,120700.0,117600.0,118217.0,9881,15009
2026-07-06,GOLDGUINEA,2026-08-31,119967.0,120336.0,119247.0,119709.0,2817,6460
2026-07-06,GOLDGUINEA,2026-09-30,121579.0,121783.0,120750.0,121150.0,1012,1962
2026-07-06,GOLDGUINEA,2026-10-30,122999.0,123062.0,122108.0,122649.0,159,546
2026-07-06,GOLDGUINEA,2026-11-30,124312.0,124402.0,123571.0,123977.0,57,442
2026-07-06,GOLDGUINEA,2026-12-31,125964.0,126072.0,125153.0,125724.0,10,74
2026-07-06,GOLDM,2026-08-05,146901.0,147412.0,146102.0,146758.0,30874,48562
2026-07-06,GOLDM,2026-09-04,149047.0,149200.0,147901.0,148517.0,4388,8428
2026-07-06,GOLDM,2026-10-05,150794.0,150940.0,149580.0,150183.0,1128,2539
2026-07-06,GOLDM,2026-11-05,152232.0,152628.0,151367.0,151986.0,140,859
2026-07-06,GOLDM,2026-12-04,154000.0,154213.0,153250.0,153654.0,120,192
2026-07-06,GOLDM,2027-01-05,156330.0,156330.0,155490.0,155743.0,5,3
2026-07-06,GOLDPETAL,2026-07-31,14850.0,14878.0,14712.0,14782.0,172505,207206
2026-07-06,GOLDPETAL,2026-08-31,15027.0,15031.0,14910.0,14971.0,51651,96841
2026-07-06,GOLDPETAL,2026-09-30,15229.0,15231.0,15099.0,15154.0,18410,39974
2026-07-06,GOLDPETAL,2026-10-30,15402.0,15402.0,15290.0,15339.0,4219,29266
2026-07-06,GOLDPETAL,2026-11-30,15571.0,15586.0,15466.0,15506.0,1493,12584
2026-07-06,GOLDPETAL,2026-12-31,15749.0,15749.0,15655.0,15684.0,553,1750
2026-07-06,GOLDTEN,2026-07-31,147887.0,147887.0,146401.0,147060.0,19477,29581
2026-07-06,GOLDTEN,2026-08-31,149499.0,149500.0,148248.0,148860.0,5332,13618
2026-07-06,GOLDTEN,2026-09-30,151206.0,151304.0,150055.0,150655.0,1636,3774
2026-07-06,GOLDTEN,2026-10-30,152919.0,153001.0,151771.0,152422.0,510,1313
2026-07-06,GOLDTEN,2026-11-30,154400.0,154888.0,153509.0,154306.0,196,825
2026-07-06,GOLDTEN,2026-12-31,156441.0,156471.0,155300.0,155589.0,88,114
2026-07-07,GOLDGUINEA,2026-07-31,117926.0,118017.0,116810.0,117179.0,11593,15145
2026-07-07,GOLDGUINEA,2026-08-31,119156.0,119460.0,118340.0,118649.0,3290,6836
2026-07-07,GOLDGUINEA,2026-09-30,120626.0,120988.0,119851.0,120133.0,1179,2190
2026-07-07,GOLDGUINEA,2026-10-30,122100.0,122454.0,121224.0,121553.0,371,565
2026-07-07,GOLDGUINEA,2026-11-30,123518.0,123587.0,122718.0,123012.0,71,441
2026-07-07,GOLDGUINEA,2026-12-31,125035.0,125035.0,124221.0,124586.0,12,77
2026-07-07,GOLDM,2026-08-05,146002.0,146455.0,144905.0,145277.0,41962,49427
2026-07-07,GOLDM,2026-09-04,147805.0,148193.0,146685.0,147002.0,7469,9560
2026-07-07,GOLDM,2026-10-05,149309.0,149903.0,148353.0,148600.0,2363,3089
2026-07-07,GOLDM,2026-11-05,151570.0,151589.0,150162.0,150435.0,328,880
2026-07-07,GOLDM,2026-12-04,153231.0,153288.0,151965.0,152173.0,120,182
2026-07-07,GOLDM,2027-01-05,,,,155743.0,0,3
2026-07-07,GOLDPETAL,2026-07-31,14733.0,14759.0,14604.0,14643.0,202360,202650
2026-07-07,GOLDPETAL,2026-08-31,14909.0,14934.0,14799.0,14833.0,62316,98048
2026-07-07,GOLDPETAL,2026-09-30,15015.0,15125.0,14990.0,15017.0,24952,41037
2026-07-07,GOLDPETAL,2026-10-30,15279.0,15310.0,15180.0,15208.0,7545,29945
2026-07-07,GOLDPETAL,2026-11-30,15446.0,15477.0,15350.0,15385.0,2260,12756
2026-07-07,GOLDPETAL,2026-12-31,15651.0,15667.0,15532.0,15576.0,610,1838
2026-07-07,GOLDTEN,2026-07-31,146384.0,146748.0,145211.0,145598.0,20888,30171
2026-07-07,GOLDTEN,2026-08-31,148139.0,148500.0,147099.0,147371.0,7927,14169
2026-07-07,GOLDTEN,2026-09-30,149998.0,150304.0,148945.0,149107.0,2598,4195
2026-07-07,GOLDTEN,2026-10-30,151700.0,151999.0,150669.0,150844.0,697,1481
2026-07-07,GOLDTEN,2026-11-30,153661.0,153799.0,152439.0,152593.0,237,869
2026-07-07,GOLDTEN,2026-12-31,155086.0,155400.0,154200.0,154605.0,54,125
2026-07-08,GOLDGUINEA,2026-07-31,116882.0,117087.0,114822.0,115661.0,15078,14977
2026-07-08,GOLDGUINEA,2026-08-31,118517.0,118599.0,116355.0,117142.0,5175,6969
2026-07-08,GOLDGUINEA,2026-09-30,120093.0,120111.0,117911.0,118674.0,1780,2339
2026-07-08,GOLDGUINEA,2026-10-30,121300.0,121450.0,119297.0,120042.0,538,612
2026-07-08,GOLDGUINEA,2026-11-30,122500.0,122802.0,120720.0,121484.0,279,454
2026-07-08,GOLDGUINEA,2026-12-31,124246.0,124304.0,122218.0,122826.0,152,104
2026-07-08,GOLDM,2026-08-05,144990.0,145599.0,142300.0,143551.0,54870,49529
2026-07-08,GOLDM,2026-09-04,147006.0,147196.0,144120.0,145286.0,8953,9900
2026-07-08,GOLDM,2026-10-05,148664.0,148726.0,145811.0,146968.0,2397,3276
2026-07-08,GOLDM,2026-11-05,150430.0,150430.0,147491.0,148653.0,529,936
2026-07-08,GOLDM,2026-12-04,151980.0,152129.0,149300.0,150340.0,151,205
2026-07-08,GOLDM,2027-01-05,152092.0,152400.0,151381.0,151978.0,12,4
2026-07-08,GOLDPETAL,2026-07-31,14619.0,14653.0,14352.0,14461.0,278966,197294
2026-07-08,GOLDPETAL,2026-08-31,14826.0,14836.0,14546.0,14647.0,93391,99198
2026-07-08,GOLDPETAL,2026-09-30,15001.0,15012.0,14742.0,14841.0,39912,44659
2026-07-08,GOLDPETAL,2026-10-30,15207.0,15209.0,14927.0,15031.0,11507,31183
2026-07-08,GOLDPETAL,2026-11-30,15370.0,15375.0,15108.0,15192.0,4873,12741
2026-07-08,GOLDPETAL,2026-12-31,15568.0,15568.0,15300.0,15364.0,1340,2104
2026-07-08,GOLDTEN,2026-07-31,145559.0,145595.0,142615.0,143814.0,36225,29095
2026-07-08,GOLDTEN,2026-08-31,147203.0,147355.0,144501.0,145641.0,10190,14661
2026-07-08,GOLDTEN,2026-09-30,149023.0,149088.0,146306.0,147396.0,3458,4618
2026-07-08,GOLDTEN,2026-10-30,150764.0,150800.0,148080.0,149243.0,787,1524
2026-07-08,GOLDTEN,2026-11-30,152353.0,152479.0,149905.0,150909.0,523,930
2026-07-08,GOLDTEN,2026-12-31,154137.0,154320.0,151702.0,152752.0,107,146
2026-07-09,GOLDGUINEA,2026-07-31,115283.0,117100.0,115283.0,117012.0,13710,15653
2026-07-09,GOLDGUINEA,2026-08-31,117015.0,118554.0,116748.0,118435.0,3197,6937
2026-07-09,GOLDGUINEA,2026-09-30,118303.0,119950.0,118201.0,119837.0,1185,2301
2026-07-09,GOLDGUINEA,2026-10-30,120056.0,121349.0,119618.0,121226.0,367,610
2026-07-09,GOLDGUINEA,2026-11-30,121363.0,122901.0,120990.0,122618.0,189,480
2026-07-09,GOLDGUINEA,2026-12-31,122554.0,124299.0,122408.0,124187.0,129,138
2026-07-09,GOLDM,2026-08-05,143160.0,145275.0,143017.0,145163.0,37779,49479
2026-07-09,GOLDM,2026-09-04,144879.0,146951.0,144762.0,146852.0,5428,10123
2026-07-09,GOLDM,2026-10-05,146516.0,148600.0,146400.0,148517.0,1605,3395
2026-07-09,GOLDM,2026-11-05,148652.0,150311.0,148144.0,150187.0,304,945
2026-07-09,GOLDM,2026-12-04,150065.0,152002.0,149892.0,151902.0,71,204
2026-07-09,GOLDM,2027-01-05,152146.0,153544.0,152027.0,152586.0,10,8
2026-07-09,GOLDPETAL,2026-07-31,14423.0,14640.0,14400.0,14623.0,210991,198692
2026-07-09,GOLDPETAL,2026-08-31,14616.0,14815.0,14600.0,14803.0,59838,99554
2026-07-09,GOLDPETAL,2026-09-30,14801.0,14998.0,14782.0,14988.0,24846,45148
2026-07-09,GOLDPETAL,2026-10-30,14981.0,15187.0,14950.0,15177.0,6896,31410
2026-07-09,GOLDPETAL,2026-11-30,15150.0,15367.0,15138.0,15355.0,4676,12828
2026-07-09,GOLDPETAL,2026-12-31,15328.0,15633.0,15328.0,15532.0,2626,2083
2026-07-09,GOLDTEN,2026-07-31,143700.0,145800.0,143288.0,145467.0,23245,28534
2026-07-09,GOLDTEN,2026-08-31,145341.0,147289.0,145098.0,147165.0,6969,14241
2026-07-09,GOLDTEN,2026-09-30,147196.0,149080.0,146900.0,148904.0,2064,4516
2026-07-09,GOLDTEN,2026-10-30,148918.0,150739.0,148619.0,150552.0,809,1532
2026-07-09,GOLDTEN,2026-11-30,150392.0,152412.0,150170.0,152241.0,263,964
2026-07-09,GOLDTEN,2026-12-31,152679.0,154000.0,152350.0,153875.0,108,150
2026-07-10,GOLDGUINEA,2026-07-31,116798.0,116920.0,115510.0,115602.0,9919,16472
2026-07-10,GOLDGUINEA,2026-08-31,118331.0,118418.0,116847.0,116929.0,4128,7464
2026-07-10,GOLDGUINEA,2026-09-30,119837.0,119950.0,118130.0,118278.0,1378,2541
2026-07-10,GOLDGUINEA,2026-10-30,121226.0,121226.0,119443.0,119556.0,565,660
2026-07-10,GOLDGUINEA,2026-11-30,122477.0,122570.0,121000.0,121077.0,225,532
2026-07-10,GOLDGUINEA,2026-12-31,124040.0,124040.0,122168.0,122335.0,110,158
2026-07-10,GOLDM,2026-08-05,145044.0,145044.0,143212.0,143376.0,36891,49799
2026-07-10,GOLDM,2026-09-04,146422.0,146711.0,144796.0,144917.0,7541,11307
2026-07-10,GOLDM,2026-10-05,148203.0,148388.0,146063.0,146234.0,4135,4506
2026-07-10,GOLDM,2026-11-05,150026.0,150137.0,147689.0,147776.0,921,1464
2026-07-10,GOLDM,2026-12-04,151759.0,151759.0,149320.0,149380.0,206,250
2026-07-10,GOLDM,2027-01-05,152900.0,152969.0,152900.0,152923.0,3,9
2026-07-10,GOLDPETAL,2026-07-31,14634.0,14640.0,14430.0,14442.0,211774,215187
2026-07-10,GOLDPETAL,2026-08-31,14777.0,14800.0,14601.0,14613.0,66378,105266
2026-07-10,GOLDPETAL,2026-09-30,14927.0,14985.0,14770.0,14780.0,33629,55835
2026-07-10,GOLDPETAL,2026-10-30,15156.0,15180.0,14957.0,14972.0,7477,33345
2026-07-10,GOLDPETAL,2026-11-30,15354.0,15365.0,15148.0,15159.0,2338,12674
2026-07-10,GOLDPETAL,2026-12-31,15529.0,15617.0,15325.0,15341.0,1043,2216
2026-07-10,GOLDTEN,2026-07-31,145725.0,145725.0,143491.0,143682.0,17818,29268
2026-07-10,GOLDTEN,2026-08-31,147265.0,147344.0,145149.0,145276.0,7090,15156
2026-07-10,GOLDTEN,2026-09-30,149020.0,149020.0,146599.0,146720.0,3437,5128
2026-07-10,GOLDTEN,2026-10-30,150279.0,150445.0,148242.0,148371.0,1062,1659
2026-07-10,GOLDTEN,2026-11-30,151863.0,152124.0,149933.0,150016.0,374,996
2026-07-10,GOLDTEN,2026-12-31,153955.0,153970.0,151553.0,151760.0,88,155
2026-07-13,GOLDGUINEA,2026-07-31,114924.0,114999.0,113029.0,113200.0,10966,16549
2026-07-13,GOLDGUINEA,2026-08-31,116529.0,116529.0,114274.0,114444.0,6104,8743
2026-07-13,GOLDGUINEA,2026-09-30,117500.0,117729.0,115612.0,115799.0,2119,2937
2026-07-13,GOLDGUINEA,2026-10-30,119000.0,119194.0,116802.0,117042.0,734,700
2026-07-13,GOLDGUINEA,2026-11-30,119802.0,120508.0,118250.0,118520.0,644,671
2026-07-13,GOLDGUINEA,2026-12-31,122000.0,122000.0,119500.0,119683.0,260,265
2026-07-13,GOLDM,2026-08-05,143334.0,143334.0,140064.0,140282.0,41377,49947
2026-07-13,GOLDM,2026-09-04,143731.0,144158.0,141500.0,141709.0,9893,12590
2026-07-13,GOLDM,2026-10-05,145249.0,145664.0,142712.0,142922.0,3517,4737
2026-07-13,GOLDM,2026-11-05,146333.0,147169.0,144076.0,144335.0,826,1614
2026-07-13,GOLDM,2026-12-04,148267.0,148550.0,145281.0,145556.0,882,523
2026-07-13,GOLDM,2027-01-05,149876.0,150150.0,148337.0,149118.0,21,28
2026-07-13,GOLDPETAL,2026-07-31,14363.0,14423.0,14132.0,14149.0,191778,218181
2026-07-13,GOLDPETAL,2026-08-31,14601.0,14601.0,14292.0,14310.0,84117,107600
2026-07-13,GOLDPETAL,2026-09-30,14751.0,14769.0,14450.0,14468.0,49273,61823
2026-07-13,GOLDPETAL,2026-10-30,14951.0,14971.0,14620.0,14646.0,14163,34518
2026-07-13,GOLDPETAL,2026-11-30,15125.0,15125.0,14776.0,14811.0,8609,14862
2026-07-13,GOLDPETAL,2026-12-31,15300.0,15300.0,14952.0,14987.0,3903,3001
2026-07-13,GOLDTEN,2026-07-31,143334.0,143334.0,140404.0,140591.0,23178,30821
2026-07-13,GOLDTEN,2026-08-31,145146.0,145146.0,141900.0,142140.0,10038,16724
2026-07-13,GOLDTEN,2026-09-30,145731.0,146000.0,143251.0,143464.0,4672,5761
2026-07-13,GOLDTEN,2026-10-30,148093.0,148093.0,144501.0,144912.0,1488,1966
2026-07-13,GOLDTEN,2026-11-30,148786.0,149340.0,146000.0,146217.0,1099,1467
2026-07-13,GOLDTEN,2026-12-31,151511.0,151511.0,147551.0,148001.0,237,216
2026-07-14,GOLDGUINEA,2026-07-31,113200.0,115293.0,113102.0,114693.0,12576,16185
2026-07-14,GOLDGUINEA,2026-08-31,114544.0,116327.0,114484.0,115769.0,6702,8679
2026-07-14,GOLDGUINEA,2026-09-30,117756.0,117756.0,115799.0,116892.0,1995,2969
2026-07-14,GOLDGUINEA,2026-10-30,116500.0,118600.0,116500.0,118027.0,591,748
2026-07-14,GOLDGUINEA,2026-11-30,118750.0,119621.0,118213.0,118868.0,360,739
2026-07-14,GOLDGUINEA,2026-12-31,120267.0,120797.0,119502.0,119967.0,165,319
2026-07-14,GOLDM,2026-08-05,140190.0,143101.0,140063.0,142192.0,46720,47899
2026-07-14,GOLDM,2026-09-04,141863.0,144366.0,141863.0,143530.0,10254,12714
2026-07-14,GOLDM,2026-10-05,143269.0,145603.0,142800.0,144591.0,5053,4696
2026-07-14,GOLDM,2026-11-05,144820.0,146600.0,144054.0,145811.0,1285,1534
2026-07-14,GOLDM,2026-12-04,146101.0,147606.0,144544.0,146814.0,1372,669
2026-07-14,GOLDM,2027-01-05,148313.0,148810.0,146888.0,147561.0,22,46
2026-07-14,GOLDPETAL,2026-07-31,14175.0,14408.0,14175.0,14330.0,243677,208374
2026-07-14,GOLDPETAL,2026-08-31,14318.0,14612.0,14318.0,14468.0,94322,108719
2026-07-14,GOLDPETAL,2026-09-30,14505.0,14699.0,14450.0,14606.0,42463,60491
2026-07-14,GOLDPETAL,2026-10-30,14679.0,14846.0,14654.0,14749.0,14420,35067
2026-07-14,GOLDPETAL,2026-11-30,14847.0,14981.0,14803.0,14880.0,9155,17422
2026-07-14,GOLDPETAL,2026-12-31,14936.0,15168.0,14936.0,15002.0,4913,3948
2026-07-14,GOLDTEN,2026-07-31,140697.0,143433.0,140404.0,142467.0,28165,29029
2026-07-14,GOLDTEN,2026-08-31,141900.0,144673.0,141900.0,143880.0,10721,16629
2026-07-14,GOLDTEN,2026-09-30,143131.0,145926.0,143131.0,145124.0,4384,5664
2026-07-14,GOLDTEN,2026-10-30,145584.0,147000.0,144727.0,146348.0,1443,1941
2026-07-14,GOLDTEN,2026-11-30,146932.0,148200.0,145700.0,147346.0,1072,1649
2026-07-14,GOLDTEN,2026-12-31,148725.0,149866.0,147720.0,148829.0,223,242
2026-07-15,GOLDGUINEA,2026-07-31,114600.0,114873.0,113746.0,114392.0,11253,16696
2026-07-15,GOLDGUINEA,2026-08-31,115201.0,115800.0,114712.0,115412.0,3745,8800
2026-07-15,GOLDGUINEA,2026-09-30,116264.0,116788.0,115842.0,116319.0,1802,3111
2026-07-15,GOLDGUINEA,2026-10-30,117270.0,117918.0,117060.0,117444.0,556,830
2026-07-15,GOLDGUINEA,2026-11-30,118556.0,118799.0,117813.0,118147.0,432,848
2026-07-15,GOLDGUINEA,2026-12-31,118768.0,119995.0,118768.0,119501.0,193,317
2026-07-15,GOLDM,2026-08-05,141402.0,142452.0,140936.0,141796.0,41346,47498
2026-07-15,GOLDM,2026-09-04,142611.0,143482.0,142200.0,142898.0,8094,13317
2026-07-15,GOLDM,2026-10-05,143995.0,144150.0,142838.0,143695.0,3673,5263
2026-07-15,GOLDM,2026-11-05,144031.0,145246.0,143702.0,144548.0,1069,1661
2026-07-15,GOLDM,2026-12-04,145848.0,146296.0,144346.0,145199.0,1552,1109
2026-07-15,GOLDM,2027-01-05,147514.0,147514.0,145902.0,146233.0,40,56
2026-07-15,GOLDPETAL,2026-07-31,14255.0,14352.0,14207.0,14287.0,211716,210515
2026-07-15,GOLDPETAL,2026-08-31,14444.0,14471.0,14350.0,14423.0,72440,113218
2026-07-15,GOLDPETAL,2026-09-30,14597.0,14597.0,14485.0,14542.0,36419,59279
2026-07-15,GOLDPETAL,2026-10-30,14767.0,14767.0,14609.0,14663.0,15060,36366
2026-07-15,GOLDPETAL,2026-11-30,14888.0,14888.0,14732.0,14781.0,7426,18012
2026-07-15,GOLDPETAL,2026-12-31,14975.0,14998.0,14842.0,14906.0,4034,3669
2026-07-15,GOLDTEN,2026-07-31,142532.0,142748.0,141278.0,142084.0,19291,29931
2026-07-15,GOLDTEN,2026-08-31,143300.0,143875.0,142621.0,143318.0,8795,17364
2026-07-15,GOLDTEN,2026-09-30,144500.0,144749.0,143489.0,144236.0,4140,6399
2026-07-15,GOLDTEN,2026-10-30,146096.0,146098.0,144435.0,145057.0,1246,2054
2026-07-15,GOLDTEN,2026-11-30,146454.0,146858.0,145002.0,145957.0,1050,1901
2026-07-15,GOLDTEN,2026-12-31,148050.0,148528.0,146700.0,147380.0,199,285
2026-07-16,GOLDGUINEA,2026-07-31,114122.0,114300.0,113114.0,113294.0,8872,16913
2026-07-16,GOLDGUINEA,2026-08-31,115786.0,115786.0,113810.0,113942.0,5669,10125
2026-07-16,GOLDGUINEA,2026-09-30,116000.0,116327.0,114601.0,114752.0,2150,3234
2026-07-16,GOLDGUINEA,2026-10-30,117169.0,117444.0,115056.0,115448.0,702,848
2026-07-16,GOLDGUINEA,2026-11-30,117958.0,118193.0,115821.0,115925.0,495,937
2026-07-16,GOLDGUINEA,2026-12-31,119612.0,119613.0,116705.0,116969.0,294,346
2026-07-16,GOLDM,2026-08-05,141105.0,141750.0,140119.0,140320.0,41701,49313
2026-07-16,GOLDM,2026-09-04,142210.0,142743.0,141045.0,141120.0,10867,13427
2026-07-16,GOLDM,2026-10-05,142900.0,143682.0,141169.0,141409.0,4865,5668
2026-07-16,GOLDM,2026-11-05,143614.0,144656.0,141545.0,141862.0,1440,1716
2026-07-16,GOLDM,2026-12-04,144611.0,145317.0,141601.0,142061.0,1576,1520
2026-07-16,GOLDM,2027-01-05,145745.0,146663.0,142800.0,143240.0,74,81
2026-07-16,GOLDPETAL,2026-07-31,14240.0,14350.0,14127.0,14153.0,198819,214198
2026-07-16,GOLDPETAL,2026-08-31,14398.0,14475.0,14231.0,14250.0,93679,119626
2026-07-16,GOLDPETAL,2026-09-30,14597.0,14600.0,14305.0,14326.0,47217,61514
2026-07-16,GOLDPETAL,2026-10-30,14615.0,14763.0,14402.0,14421.0,17975,37666
2026-07-16,GOLDPETAL,2026-11-30,14861.0,14874.0,14500.0,14510.0,12012,18800
2026-07-16,GOLDPETAL,2026-12-31,14887.0,15029.0,14574.0,14611.0,6832,4197
2026-07-16,GOLDTEN,2026-07-31,141361.0,142000.0,140500.0,140643.0,17727,30333
2026-07-16,GOLDTEN,2026-08-31,142176.0,143115.0,141500.0,141607.0,9890,17932
2026-07-16,GOLDTEN,2026-09-30,143023.0,144183.0,141790.0,142001.0,5543,6845
2026-07-16,GOLDTEN,2026-10-30,143801.0,145092.0,142100.0,142359.0,2409,2182
2026-07-16,GOLDTEN,2026-11-30,144504.0,145947.0,142510.0,142749.0,1675,1941
2026-07-16,GOLDTEN,2026-12-31,146111.0,147518.0,143686.0,143886.0,528,414
2026-07-17,GOLDGUINEA,2026-07-31,113450.0,113999.0,112786.0,113870.0,14899,15193
2026-07-17,GOLDGUINEA,2026-08-31,113900.0,114971.0,113377.0,114540.0,7173,9923
2026-07-17,GOLDGUINEA,2026-09-30,114791.0,116000.0,114060.0,115115.0,2638,3227
2026-07-17,GOLDGUINEA,2026-10-30,115899.0,116189.0,115000.0,115771.0,667,956
2026-07-17,GOLDGUINEA,2026-11-30,115921.0,116350.0,115188.0,116040.0,351,988
2026-07-17,GOLDGUINEA,2026-12-31,117216.0,117818.0,116353.0,117496.0,179,334
2026-07-17,GOLDM,2026-08-05,140687.0,140961.0,139800.0,140782.0,44571,48611
2026-07-17,GOLDM,2026-09-04,141206.0,141739.0,140418.0,141512.0,9871,13322
2026-07-17,GOLDM,2026-10-05,141561.0,142121.0,140675.0,141814.0,4667,5787
2026-07-17,GOLDM,2026-11-05,142150.0,142740.0,141200.0,142331.0,1260,1834
2026-07-17,GOLDM,2026-12-04,142194.0,142900.0,141151.0,142394.0,1697,1861
2026-07-17,GOLDM,2027-01-05,142891.0,143712.0,142500.0,143401.0,65,72
2026-07-17,GOLDPETAL,2026-07-31,14200.0,14250.0,14090.0,14222.0,293012,170541
2026-07-17,GOLDPETAL,2026-08-31,14291.0,14360.0,14143.0,14333.0,114773,113779
2026-07-17,GOLDPETAL,2026-09-30,14353.0,14429.0,14254.0,14406.0,49553,59320
2026-07-17,GOLDPETAL,2026-10-30,14457.0,14504.0,14359.0,14487.0,17671,37034
2026-07-17,GOLDPETAL,2026-11-30,14503.0,14600.0,14421.0,14557.0,13165,17098
2026-07-17,GOLDPETAL,2026-12-31,14647.0,14717.0,14515.0,14639.0,5669,4673
2026-07-17,GOLDTEN,2026-07-31,140546.0,141463.0,140120.0,141105.0,20630,29555
2026-07-17,GOLDTEN,2026-08-31,141948.0,142100.0,140900.0,141940.0,11984,18165
2026-07-17,GOLDTEN,2026-09-30,142305.0,142750.0,141400.0,142478.0,5398,6876
2026-07-17,GOLDTEN,2026-10-30,142979.0,143490.0,141921.0,143034.0,2002,2195
2026-07-17,GOLDTEN,2026-11-30,141741.0,144408.0,141716.0,143180.0,1684,1809
2026-07-17,GOLDTEN,2026-12-31,144300.0,144570.0,143125.0,143936.0,567,533
2026-07-20,GOLDGUINEA,2026-07-31,113961.0,114821.0,113576.0,114218.0,6728,14863
2026-07-20,GOLDGUINEA,2026-08-31,114540.0,115567.0,113825.0,114974.0,3812,10544
2026-07-20,GOLDGUINEA,2026-09-30,115366.0,116295.0,115307.0,115778.0,865,3244
2026-07-20,GOLDGUINEA,2026-10-30,115706.0,117088.0,115705.0,116470.0,438,921
2026-07-20,GOLDGUINEA,2026-11-30,116506.0,117879.0,116283.0,117108.0,310,1034
2026-07-20,GOLDGUINEA,2026-12-31,117520.0,118200.0,117484.0,117732.0,61,337
2026-07-20,GOLDM,2026-08-05,140782.0,142200.0,140782.0,141341.0,30156,47808
2026-07-20,GOLDM,2026-09-04,141950.0,143000.0,141516.0,142231.0,7229,13237
2026-07-20,GOLDM,2026-10-05,142007.0,143400.0,142001.0,142612.0,2682,6239
2026-07-20,GOLDM,2026-11-05,142797.0,144074.0,142534.0,143246.0,702,1852
2026-07-20,GOLDM,2026-12-04,142782.0,144549.0,142520.0,143677.0,849,1773
2026-07-20,GOLDM,2027-01-05,143601.0,145100.0,143601.0,144696.0,27,72
2026-07-20,GOLDPETAL,2026-07-31,14232.0,14440.0,14222.0,14268.0,169629,167125
2026-07-20,GOLDPETAL,2026-08-31,14317.0,14450.0,14316.0,14377.0,69257,110878
2026-07-20,GOLDPETAL,2026-09-30,14447.0,14540.0,14421.0,14466.0,34053,63013
2026-07-20,GOLDPETAL,2026-10-30,14502.0,14658.0,14502.0,14563.0,15386,38187
2026-07-20,GOLDPETAL,2026-11-30,14582.0,14735.0,14582.0,14643.0,4267,16778
2026-07-20,GOLDPETAL,2026-12-31,14675.0,14798.0,14616.0,14731.0,2015,4501
2026-07-20,GOLDTEN,2026-07-31,141139.0,142448.0,141138.0,141649.0,14742,27849
2026-07-20,GOLDTEN,2026-08-31,142295.0,143444.0,142000.0,142677.0,8912,17527
2026-07-20,GOLDTEN,2026-09-30,142915.0,143950.0,142740.0,143233.0,3251,6969
2026-07-20,GOLDTEN,2026-10-30,143488.0,144652.0,143204.0,143910.0,1098,2256
2026-07-20,GOLDTEN,2026-11-30,143767.0,145329.0,143372.0,144410.0,759,1761
2026-07-20,GOLDTEN,2026-12-31,144089.0,145460.0,143890.0,144750.0,322,619
2026-07-21,GOLDGUINEA,2026-07-31,114656.0,115318.0,114573.0,115074.0,7671,13649
2026-07-21,GOLDGUINEA,2026-08-31,115300.0,116077.0,115300.0,115884.0,3872,10627
2026-07-21,GOLDGUINEA,2026-09-30,116307.0,116940.0,116155.0,116741.0,1047,3113
2026-07-21,GOLDGUINEA,2026-10-30,117095.0,117730.0,116789.0,117646.0,330,920
2026-07-21,GOLDGUINEA,2026-11-30,117709.0,118350.0,117446.0,118233.0,199,1020
2026-07-21,GOLDGUINEA,2026-12-31,118618.0,119000.0,117900.0,118838.0,77,340
2026-07-21,GOLDM,2026-08-05,142228.0,142931.0,142093.0,142759.0,31670,46049
2026-07-21,GOLDM,2026-09-04,142939.0,143990.0,142882.0,143786.0,7834,13259
2026-07-21,GOLDM,2026-10-05,143961.0,144605.0,143413.0,144322.0,2841,6304
2026-07-21,GOLDM,2026-11-05,144686.0,145300.0,144062.0,145010.0,495,1842
2026-07-21,GOLDM,2026-12-04,144649.0,145823.0,144500.0,145369.0,563,1708
2026-07-21,GOLDM,2027-01-05,145021.0,146500.0,145021.0,146267.0,63,82
2026-07-21,GOLDPETAL,2026-07-31,14350.0,14402.0,14311.0,14379.0,112329,156256
2026-07-21,GOLDPETAL,2026-08-31,14464.0,14516.0,14410.0,14500.0,71548,112946
2026-07-21,GOLDPETAL,2026-09-30,14467.0,14616.0,14467.0,14588.0,32543,62307
2026-07-21,GOLDPETAL,2026-10-30,14622.0,14724.0,14595.0,14692.0,9658,37161
2026-07-21,GOLDPETAL,2026-11-30,14694.0,14815.0,14682.0,14793.0,5171,16235
2026-07-21,GOLDPETAL,2026-12-31,14778.0,14888.0,14778.0,14859.0,2874,5492
2026-07-21,GOLDTEN,2026-07-31,142542.0,143174.0,142316.0,142962.0,15568,26197
2026-07-21,GOLDTEN,2026-08-31,143500.0,144374.0,143426.0,144159.0,10676,19077
2026-07-21,GOLDTEN,2026-09-30,144000.0,145149.0,144000.0,144952.0,3266,6904
2026-07-21,GOLDTEN,2026-10-30,144909.0,145892.0,144716.0,145632.0,910,2226
2026-07-21,GOLDTEN,2026-11-30,145499.0,146317.0,145109.0,146023.0,524,1722
2026-07-21,GOLDTEN,2026-12-31,145823.0,146891.0,145542.0,146776.0,208,691
2026-07-22,GOLDGUINEA,2026-07-31,115504.0,116981.0,115504.0,116829.0,8609,11417
2026-07-22,GOLDGUINEA,2026-08-31,116834.0,117950.0,116174.0,117800.0,6296,11027
2026-07-22,GOLDGUINEA,2026-09-30,117500.0,118998.0,117001.0,118906.0,2036,2932
2026-07-22,GOLDGUINEA,2026-10-30,118540.0,120100.0,118332.0,119893.0,545,908
2026-07-22,GOLDGUINEA,2026-11-30,119415.0,120981.0,119100.0,120726.0,306,953
2026-07-22,GOLDGUINEA,2026-12-31,120000.0,121759.0,119726.0,121320.0,113,341
2026-07-22,GOLDM,2026-08-05,143236.0,145740.0,143236.0,145415.0,40271,42996
2026-07-22,GOLDM,2026-09-04,145000.0,146614.0,145000.0,146348.0,10703,13766
2026-07-22,GOLDM,2026-10-05,146074.0,147655.0,145868.0,147200.0,5374,5235
2026-07-22,GOLDM,2026-11-05,146851.0,148407.0,146687.0,148107.0,826,1725
2026-07-22,GOLDM,2026-12-04,147199.0,148989.0,146993.0,148674.0,699,1616
2026-07-22,GOLDM,2027-01-05,148138.0,149639.0,147965.0,149531.0,60,83
2026-07-22,GOLDPETAL,2026-07-31,14439.0,14679.0,14439.0,14604.0,147356,137552
2026-07-22,GOLDPETAL,2026-08-31,14550.0,14765.0,14550.0,14739.0,99742,120544
2026-07-22,GOLDPETAL,2026-09-30,14624.0,14885.0,14624.0,14864.0,40877,56014
2026-07-22,GOLDPETAL,2026-10-30,14736.0,15030.0,14736.0,15004.0,16701,36223
2026-07-22,GOLDPETAL,2026-11-30,14834.0,15113.0,14794.0,15099.0,7613,16255
2026-07-22,GOLDPETAL,2026-12-31,14949.0,15199.0,14911.0,15173.0,3151,5541
2026-07-22,GOLDTEN,2026-07-31,143110.0,145782.0,143110.0,145373.0,18995,24915
2026-07-22,GOLDTEN,2026-08-31,144383.0,146935.0,144383.0,146637.0,15879,17910
2026-07-22,GOLDTEN,2026-09-30,145310.0,148001.0,145310.0,147692.0,4800,6861
2026-07-22,GOLDTEN,2026-10-30,146667.0,148919.0,146667.0,148711.0,1263,2191
2026-07-22,GOLDTEN,2026-11-30,147560.0,149602.0,147506.0,149463.0,720,1644
2026-07-22,GOLDTEN,2026-12-31,148398.0,150000.0,148064.0,149699.0,449,835
2026-07-23,GOLDGUINEA,2026-07-31,116375.0,116790.0,114577.0,114788.0,8474,11154
2026-07-23,GOLDGUINEA,2026-08-31,117502.0,117699.0,115650.0,115774.0,5910,11364
2026-07-23,GOLDGUINEA,2026-09-30,118465.0,118730.0,116601.0,116778.0,1946,3239
2026-07-23,GOLDGUINEA,2026-10-30,119506.0,119654.0,117579.0,117918.0,537,945
2026-07-23,GOLDGUINEA,2026-11-30,120585.0,120585.0,118302.0,118641.0,303,992
2026-07-23,GOLDGUINEA,2026-12-31,121099.0,121099.0,119215.0,119911.0,144,379
2026-07-23,GOLDM,2026-08-05,145001.0,145130.0,142500.0,142618.0,37816,40255
2026-07-23,GOLDM,2026-09-04,145887.0,146099.0,143251.0,143603.0,12489,13931
2026-07-23,GOLDM,2026-10-05,147154.0,147154.0,143700.0,144176.0,4238,5991
2026-07-23,GOLDM,2026-11-05,147651.0,147700.0,144583.0,144931.0,712,1887
2026-07-23,GOLDM,2026-12-04,148518.0,148518.0,145142.0,145518.0,681,1814
2026-07-23,GOLDM,2027-01-05,149084.0,149087.0,146190.0,146466.0,91,111
2026-07-23,GOLDPETAL,2026-07-31,14598.0,14614.0,14321.0,14345.0,150724,124382
2026-07-23,GOLDPETAL,2026-08-31,14734.0,14735.0,14457.0,14484.0,104767,127754
2026-07-23,GOLDPETAL,2026-09-30,14859.0,14877.0,14561.0,14578.0,53809,67134
2026-07-23,GOLDPETAL,2026-10-30,14999.0,15015.0,14692.0,14710.0,18308,38723
2026-07-23,GOLDPETAL,2026-11-30,15101.0,15104.0,14790.0,14808.0,9075,16394
2026-07-23,GOLDPETAL,2026-12-31,15182.0,15182.0,14900.0,14919.0,3568,5994
2026-07-23,GOLDTEN,2026-07-31,145272.0,145285.0,142444.0,142685.0,17901,23943
2026-07-23,GOLDTEN,2026-08-31,146553.0,146699.0,143676.0,143905.0,14949,18497
2026-07-23,GOLDTEN,2026-09-30,147290.0,147350.0,144266.0,144823.0,5264,7282
2026-07-23,GOLDTEN,2026-10-30,148636.0,148636.0,145321.0,145620.0,1278,2352
2026-07-23,GOLDTEN,2026-11-30,149000.0,149000.0,145784.0,146139.0,892,1831
2026-07-23,GOLDTEN,2026-12-31,149575.0,149796.0,146945.0,147006.0,416,857
2026-07-24,GOLDGUINEA,2026-07-31,114265.0,115596.0,113837.0,114944.0,7559,10669
2026-07-24,GOLDGUINEA,2026-08-31,115293.0,116329.0,114825.0,115924.0,6123,11831
2026-07-24,GOLDGUINEA,2026-09-30,116483.0,117203.0,115841.0,116836.0,1811,3466
2026-07-24,GOLDGUINEA,2026-10-30,117552.0,118283.0,116895.0,117980.0,540,1015
2026-07-24,GOLDGUINEA,2026-11-30,118028.0,119109.0,117690.0,118614.0,276,1045
2026-07-24,GOLDGUINEA,2026-12-31,119069.0,120274.0,118650.0,119992.0,105,429
2026-07-24,GOLDM,2026-08-05,142153.0,143372.0,141592.0,142997.0,34543,38654
2026-07-24,GOLDM,2026-09-04,143260.0,144277.0,142503.0,143914.0,11235,14730
2026-07-24,GOLDM,2026-10-05,143616.0,144874.0,143006.0,144454.0,3630,6425
2026-07-24,GOLDM,2026-11-05,144313.0,145535.0,143735.0,145110.0,673,1991
2026-07-24,GOLDM,2026-12-04,144800.0,146049.0,144255.0,145562.0,788,1868
2026-07-24,GOLDM,2027-01-05,145966.0,146872.0,145218.0,146470.0,71,138
2026-07-24,GOLDPETAL,2026-07-31,14308.0,14424.0,14221.0,14354.0,136797,117813
2026-07-24,GOLDPETAL,2026-08-31,14479.0,14546.0,14363.0,14497.0,111868,134150
2026-07-24,GOLDPETAL,2026-09-30,14567.0,14640.0,14457.0,14597.0,39600,72832
2026-07-24,GOLDPETAL,2026-10-30,14684.0,14771.0,14602.0,14734.0,12501,40286
2026-07-24,GOLDPETAL,2026-11-30,14776.0,14887.0,14693.0,14834.0,7849,16680
2026-07-24,GOLDPETAL,2026-12-31,14870.0,14983.0,14811.0,14949.0,2439,5754
2026-07-24,GOLDTEN,2026-07-31,142448.0,143428.0,141626.0,142977.0,13231,23604
2026-07-24,GOLDTEN,2026-08-31,143267.0,144500.0,142750.0,144174.0,17270,21078
2026-07-24,GOLDTEN,2026-09-30,144111.0,145439.0,143569.0,145052.0,4918,7720
2026-07-24,GOLDTEN,2026-10-30,145001.0,146157.0,144451.0,145744.0,1184,2393
2026-07-24,GOLDTEN,2026-11-30,145513.0,146763.0,144951.0,146434.0,567,1872
2026-07-24,GOLDTEN,2026-12-31,145976.0,147471.0,145045.0,147059.0,422,901
2026-07-27,GOLDGUINEA,2026-07-31,115202.0,115740.0,114438.0,114888.0,6402,9007
2026-07-27,GOLDGUINEA,2026-08-31,116700.0,116700.0,115555.0,115894.0,6930,12764
2026-07-27,GOLDGUINEA,2026-09-30,117029.0,117771.0,116700.0,117108.0,1728,3758
2026-07-27,GOLDGUINEA,2026-10-30,118460.0,118980.0,117840.0,118051.0,660,1248
2026-07-27,GOLDGUINEA,2026-11-30,119265.0,119741.0,118619.0,118823.0,154,1055
2026-07-27,GOLDGUINEA,2026-12-31,120590.0,120748.0,119600.0,119700.0,72,432
2026-07-27,GOLDM,2026-08-05,144497.0,144497.0,142710.0,142900.0,27803,38553
2026-07-27,GOLDM,2026-09-04,145478.0,145478.0,143620.0,143883.0,12731,16808
2026-07-27,GOLDM,2026-10-05,146388.0,146555.0,144137.0,144422.0,3140,7086
2026-07-27,GOLDM,2026-11-05,146626.0,146626.0,144876.0,145202.0,448,2062
2026-07-27,GOLDM,2026-12-04,147569.0,147569.0,145416.0,145596.0,390,1927
2026-07-27,GOLDM,2027-01-05,146503.0,147559.0,146361.0,146579.0,82,155
2026-07-27,GOLDPETAL,2026-07-31,14414.0,14460.0,14316.0,14351.0,113647,96648
2026-07-27,GOLDPETAL,2026-08-31,14555.0,14598.0,14457.0,14496.0,125657,151110
2026-07-27,GOLDPETAL,2026-09-30,14668.0,14701.0,14576.0,14619.0,32889,77384
2026-07-27,GOLDPETAL,2026-10-30,14817.0,14849.0,14714.0,14749.0,10678,41823
2026-07-27,GOLDPETAL,2026-11-30,14896.0,14970.0,14825.0,14845.0,6133,18107
2026-07-27,GOLDPETAL,2026-12-31,15070.0,15099.0,14938.0,14955.0,2029,6197
2026-07-27,GOLDTEN,2026-07-31,143906.0,144052.0,142691.0,142920.0,12177,22472
2026-07-27,GOLDTEN,2026-08-31,144924.0,145200.0,143895.0,144186.0,14553,23876
2026-07-27,GOLDTEN,2026-09-30,145411.0,146073.0,144764.0,144974.0,3316,8315
2026-07-27,GOLDTEN,2026-10-30,145701.0,146890.0,145589.0,145807.0,883,2579
2026-07-27,GOLDTEN,2026-11-30,147327.0,147425.0,146200.0,146468.0,525,2111
2026-07-27,GOLDTEN,2026-12-31,147825.0,148000.0,147000.0,147278.0,220,874
2026-07-28,GOLDGUINEA,2026-07-31,114024.0,114442.0,113017.0,113251.0,8232,4621
2026-07-28,GOLDGUINEA,2026-08-31,115498.0,115518.0,114349.0,114505.0,13157,15976
2026-07-28,GOLDGUINEA,2026-09-30,116997.0,116997.0,115500.0,115728.0,2323,4104
2026-07-28,GOLDGUINEA,2026-10-30,117764.0,117764.0,116577.0,116788.0,767,1354
2026-07-28,GOLDGUINEA,2026-11-30,118665.0,118665.0,117022.0,117697.0,274,1089
2026-07-28,GOLDGUINEA,2026-12-31,119639.0,119639.0,118800.0,119078.0,122,469
2026-07-28,GOLDM,2026-08-05,142601.0,142602.0,141030.0,141448.0,29627,36307
2026-07-28,GOLDM,2026-09-04,143459.0,143460.0,142130.0,142562.0,14461,18869
2026-07-28,GOLDM,2026-10-05,143737.0,143738.0,142741.0,143115.0,3357,7510
2026-07-28,GOLDM,2026-11-05,143968.0,144410.0,143435.0,143789.0,733,2139
2026-07-28,GOLDM,2026-12-04,144448.0,144911.0,143987.0,144319.0,655,2125
2026-07-28,GOLDM,2027-01-05,145677.0,145780.0,144921.0,145237.0,113,222
2026-07-28,GOLDPETAL,2026-07-31,14225.0,14285.0,14134.0,14151.0,140685,55411
2026-07-28,GOLDPETAL,2026-08-31,14475.0,14475.0,14304.0,14319.0,181068,187074
2026-07-28,GOLDPETAL,2026-09-30,14564.0,14564.0,14429.0,14451.0,46369,83060
2026-07-28,GOLDPETAL,2026-10-30,14704.0,14712.0,14556.0,14602.0,15084,44294
2026-07-28,GOLDPETAL,2026-11-30,14801.0,14815.0,14684.0,14716.0,6915,18395
2026-07-28,GOLDPETAL,2026-12-31,14902.0,14920.0,14811.0,14843.0,2708,6941
2026-07-28,GOLDTEN,2026-07-31,142032.0,142307.0,141100.0,141432.0,15514,19059
2026-07-28,GOLDTEN,2026-08-31,143601.0,143601.0,142300.0,142689.0,23890,31128
2026-07-28,GOLDTEN,2026-09-30,144467.0,144467.0,143300.0,143677.0,4993,9512
2026-07-28,GOLDTEN,2026-10-30,144889.0,145043.0,144161.0,144593.0,1334,2834
2026-07-28,GOLDTEN,2026-11-30,145666.0,145900.0,144884.0,145185.0,674,2323
2026-07-28,GOLDTEN,2026-12-31,146639.0,146684.0,145560.0,146052.0,324,975
2026-07-29,GOLDGUINEA,2026-07-31,113309.0,114188.0,112532.0,113462.0,7412,2858
2026-07-29,GOLDGUINEA,2026-08-31,114976.0,115190.0,113840.0,114649.0,14224,18033
2026-07-29,GOLDGUINEA,2026-09-30,115669.0,116214.0,114880.0,115710.0,2591,4278
2026-07-29,GOLDGUINEA,2026-10-30,116480.0,117330.0,115939.0,116702.0,1067,1556
2026-07-29,GOLDGUINEA,2026-11-30,117913.0,118278.0,116957.0,117781.0,376,1116
2026-07-29,GOLDGUINEA,2026-12-31,119387.0,119499.0,117562.0,118638.0,280,546
2026-07-29,GOLDM,2026-08-05,141700.0,141979.0,140527.0,141674.0,36887,34893
2026-07-29,GOLDM,2026-09-04,142562.0,143049.0,141600.0,142729.0,19557,21687
2026-07-29,GOLDM,2026-10-05,143068.0,143629.0,142122.0,143470.0,5561,8184
2026-07-29,GOLDM,2026-11-05,143900.0,144399.0,142900.0,144247.0,727,2365
2026-07-29,GOLDM,2026-12-04,144319.0,144930.0,143430.0,144673.0,586,2149
2026-07-29,GOLDM,2027-01-05,145238.0,145700.0,144313.0,145570.0,105,266
2026-07-29,GOLDPETAL,2026-07-31,14013.0,14300.0,14013.0,14198.0,36499,38262
2026-07-29,GOLDPETAL,2026-08-31,14359.0,14419.0,14245.0,14342.0,213270,209155
2026-07-29,GOLDPETAL,2026-09-30,14550.0,14561.0,14377.0,14471.0,45542,85752
2026-07-29,GOLDPETAL,2026-10-30,14763.0,14765.0,14512.0,14616.0,16240,45736
2026-07-29,GOLDPETAL,2026-11-30,14748.0,14767.0,14614.0,14733.0,6465,18855
2026-07-29,GOLDPETAL,2026-12-31,14850.0,14898.0,14752.0,14857.0,4280,8051
2026-07-29,GOLDTEN,2026-07-31,141171.0,142539.0,140510.0,142052.0,8315,15496
2026-07-29,GOLDTEN,2026-08-31,142827.0,143150.0,141750.0,142832.0,23325,33001
2026-07-29,GOLDTEN,2026-09-30,143719.0,144260.0,142701.0,144095.0,8701,12461
2026-07-29,GOLDTEN,2026-10-30,144224.0,145088.0,143631.0,144910.0,1485,3126
2026-07-29,GOLDTEN,2026-11-30,145251.0,145696.0,144303.0,145294.0,602,2548
2026-07-29,GOLDTEN,2026-12-31,145830.0,146499.0,145000.0,146188.0,373,1090
2026-07-30,GOLDGUINEA,2026-07-31,113837.0,115574.0,113601.0,114723.0,201,1716
2026-07-30,GOLDGUINEA,2026-08-31,114850.0,115765.0,114473.0,115695.0,10218,18279
2026-07-30,GOLDGUINEA,2026-09-30,116037.0,116782.0,115530.0,116730.0,2517,4125
2026-07-30,GOLDGUINEA,2026-10-30,116729.0,117704.0,116442.0,117676.0,719,1505
2026-07-30,GOLDGUINEA,2026-11-30,117744.0,118716.0,117408.0,118598.0,411,1135
2026-07-30,GOLDGUINEA,2026-12-31,118583.0,119499.0,118389.0,119272.0,151,569
2026-07-30,GOLDM,2026-08-05,141899.0,143200.0,141426.0,143072.0,24704,30316
2026-07-30,GOLDM,2026-09-04,143050.0,144200.0,142313.0,144069.0,24703,24008
2026-07-30,GOLDM,2026-10-05,143550.0,145140.0,143047.0,144914.0,8429,8579
2026-07-30,GOLDM,2026-11-05,144600.0,145824.0,143785.0,145714.0,1377,2402
2026-07-30,GOLDM,2026-12-04,144681.0,146371.0,144348.0,146232.0,823,2265
2026-07-30,GOLDM,2027-01-05,145538.0,147062.0,145108.0,147012.0,139,247
2026-07-30,GOLDPETAL,2026-07-31,14248.0,14524.0,14217.0,14383.0,6819,22791
2026-07-30,GOLDPETAL,2026-08-31,14337.0,14488.0,14310.0,14470.0,209766,212122
2026-07-30,GOLDPETAL,2026-09-30,14501.0,14623.0,14438.0,14610.0,55808,79444
2026-07-30,GOLDPETAL,2026-10-30,14618.0,14772.0,14574.0,14749.0,19980,44178
2026-07-30,GOLDPETAL,2026-11-30,14795.0,14915.0,14680.0,14854.0,10697,19981
2026-07-30,GOLDPETAL,2026-12-31,14871.0,14977.0,14809.0,14959.0,4067,7969
2026-07-30,GOLDTEN,2026-07-31,142583.0,143801.0,141655.0,143703.0,1233,5618
2026-07-30,GOLDTEN,2026-08-31,143079.0,144350.0,142500.0,144173.0,26027,31007
2026-07-30,GOLDTEN,2026-09-30,144223.0,145600.0,143599.0,145398.0,9662,12379
2026-07-30,GOLDTEN,2026-10-30,145348.0,146400.0,144500.0,146231.0,1596,3044
2026-07-30,GOLDTEN,2026-11-30,145316.0,146929.0,145101.0,146801.0,814,2362
2026-07-30,GOLDTEN,2026-12-31,146489.0,147511.0,145752.0,147307.0,402,1104
2026-07-31,GOLDGUINEA,2026-07-31,114125.0,114465.0,114001.0,114130.0,38,1258
2026-07-31,GOLDGUINEA,2026-08-31,115223.0,115464.0,114597.0,114799.0,7136,17796
2026-07-31,GOLDGUINEA,2026-09-30,116468.0,116564.0,115604.0,115912.0,1806,4253
2026-07-31,GOLDGUINEA,2026-10-30,117076.0,117493.0,116583.0,116816.0,452,1581
2026-07-31,GOLDGUINEA,2026-11-30,118201.0,118434.0,117546.0,117626.0,339,1206
2026-07-31,GOLDGUINEA,2026-12-31,119000.0,119299.0,118600.0,118914.0,102,583
2026-07-31,GOLDM,2026-08-05,142490.0,142899.0,140850.0,141355.0,26472,21489
2026-07-31,GOLDM,2026-09-04,143699.0,143699.0,142337.0,142610.0,29138,31565
2026-07-31,GOLDM,2026-10-05,144600.0,144600.0,143042.0,143446.0,8923,9871
2026-07-31,GOLDM,2026-11-05,145015.0,145236.0,143809.0,144217.0,1017,2704
2026-07-31,GOLDM,2026-12-04,145522.0,145750.0,144345.0,144796.0,1239,2751
2026-07-31,GOLDM,2027-01-05,146196.0,146541.0,145264.0,145743.0,223,407
2026-07-31,GOLDPETAL,2026-07-31,14386.0,14429.0,14286.0,14402.0,1368,14557
2026-07-31,GOLDPETAL,2026-08-31,14440.0,14440.0,14330.0,14363.0,135557,206127
2026-07-31,GOLDPETAL,2026-09-30,14553.0,14577.0,14443.0,14483.0,41180,86351
2026-07-31,GOLDPETAL,2026-10-30,14682.0,14732.0,14595.0,14620.0,13997,47166
2026-07-31,GOLDPETAL,2026-11-30,14781.0,14819.0,14700.0,14725.0,7018,21535
2026-07-31,GOLDPETAL,2026-12-31,14879.0,14943.0,14821.0,14844.0,2799,8463
2026-07-31,GOLDTEN,2026-07-31,142888.0,143480.0,141950.0,142130.0,92,2826
2026-07-31,GOLDTEN,2026-08-31,143501.0,143782.0,142516.0,142866.0,17640,30969
2026-07-31,GOLDTEN,2026-09-30,144892.0,144892.0,143525.0,143970.0,6250,13304
2026-07-31,GOLDTEN,2026-10-30,145651.0,145900.0,144510.0,144863.0,1253,3302
2026-07-31,GOLDTEN,2026-11-30,146022.0,146475.0,145101.0,145518.0,546,2427
2026-07-31,GOLDTEN,2026-12-31,146723.0,147233.0,146011.0,146493.0,227,1126
2026-08-03,GOLDGUINEA,2026-08-31,115128.0,115241.0,114301.0,114530.0,6443,17791
2026-08-03,GOLDGUINEA,2026-09-30,116248.0,116313.0,115400.0,115653.0,1557,4429
2026-08-03,GOLDGUINEA,2026-10-30,116962.0,117250.0,116400.0,116703.0,597,1696
2026-08-03,GOLDGUINEA,2026-11-30,118248.0,118248.0,117329.0,117603.0,256,1252
2026-08-03,GOLDGUINEA,2026-12-31,118812.0,119492.0,118450.0,118601.0,91,600
2026-08-03,GOLDGUINEA,2027-01-29,120292.0,120292.0,120292.0,120292.0,1,1
2026-08-03,GOLDM,2026-08-05,141551.0,141980.0,140740.0,141103.0,9130,18098
2026-08-03,GOLDM,2026-09-04,142710.0,143174.0,141850.0,142209.0,28107,37126
2026-08-03,GOLDM,2026-10-05,143700.0,144100.0,142662.0,143028.0,8622,11064
2026-08-03,GOLDM,2026-11-05,144259.0,144800.0,143500.0,143884.0,1022,2957
2026-08-03,GOLDM,2026-12-04,145123.0,145344.0,144038.0,144407.0,826,3120
2026-08-03,GOLDM,2027-01-05,145987.0,146248.0,144928.0,145314.0,105,474
2026-08-03,GOLDPETAL,2026-08-31,14379.0,14418.0,14300.0,14324.0,119734,212086
2026-08-03,GOLDPETAL,2026-09-30,14499.0,14540.0,14419.0,14449.0,33785,88705
2026-08-03,GOLDPETAL,2026-10-30,14665.0,14684.0,14558.0,14585.0,16196,50066
2026-08-03,GOLDPETAL,2026-11-30,14766.0,14775.0,14650.0,14675.0,8946,25093
2026-08-03,GOLDPETAL,2026-12-31,14885.0,14902.0,14771.0,14805.0,2577,8904
2026-08-03,GOLDPETAL,2027-01-29,14999.0,15024.0,14902.0,14946.0,328,222
2026-08-03,GOLDTEN,2026-08-31,143000.0,143433.0,142035.0,142472.0,15806,31467
2026-08-03,GOLDTEN,2026-09-30,144652.0,144680.0,143148.0,143571.0,5438,13731
2026-08-03,GOLDTEN,2026-10-30,145025.0,145500.0,144251.0,144597.0,1367,3661
2026-08-03,GOLDTEN,2026-11-30,145956.0,146129.0,144895.0,145199.0,453,2448
2026-08-03,GOLDTEN,2026-12-31,147000.0,147178.0,145809.0,145954.0,189,1175
2026-08-03,GOLDTEN,2027-01-29,146851.0,147155.0,146851.0,147031.0,6,5
2026-08-04,GOLDGUINEA,2026-08-31,114910.0,115551.0,114750.0,115368.0,8188,17702
2026-08-04,GOLDGUINEA,2026-09-30,115888.0,116435.0,115750.0,116273.0,2123,4286
2026-08-04,GOLDGUINEA,2026-10-30,117199.0,117270.0,116691.0,117101.0,658,1679
2026-08-04,GOLDGUINEA,2026-11-30,117875.0,118083.0,117533.0,117944.0,282,1263
2026-08-04,GOLDGUINEA,2026-12-31,118823.0,119205.0,118610.0,119113.0,97,631
2026-08-04,GOLDGUINEA,2027-01-29,,,,120292.0,0,1
2026-08-04,GOLDM,2026-08-05,141381.0,142947.0,141381.0,142728.0,893,4257
2026-08-04,GOLDM,2026-09-04,142148.0,143665.0,142148.0,143438.0,28761,35542
2026-08-04,GOLDM,2026-10-05,143615.0,144686.0,143055.0,144347.0,8868,10926
2026-08-04,GOLDM,2026-11-05,144497.0,145251.0,144210.0,145028.0,1446,3027
2026-08-04,GOLDM,2026-12-04,145297.0,145887.0,144773.0,145606.0,749,3125
2026-08-04,GOLDM,2027-01-05,145993.0,146701.0,145700.0,146538.0,91,476
2026-08-04,GOLDPETAL,2026-08-31,14379.0,14445.0,14346.0,14425.0,134918,208270
2026-08-04,GOLDPETAL,2026-09-30,14507.0,14560.0,14470.0,14541.0,39084,87429
2026-08-04,GOLDPETAL,2026-10-30,14648.0,14678.0,14595.0,14658.0,12643,49238
2026-08-04,GOLDPETAL,2026-11-30,14735.0,14761.0,14687.0,14745.0,5745,25170
2026-08-04,GOLDPETAL,2026-12-31,14841.0,14875.0,14797.0,14868.0,1953,8524
2026-08-04,GOLDPETAL,2027-01-29,14961.0,15000.0,14939.0,14993.0,444,473
2026-08-04,GOLDTEN,2026-08-31,142773.0,143842.0,142702.0,143619.0,17118,30371
2026-08-04,GOLDTEN,2026-09-30,143882.0,145027.0,143882.0,144770.0,6594,13084
2026-08-04,GOLDTEN,2026-10-30,145120.0,145855.0,144750.0,145632.0,1149,3637
2026-08-04,GOLDTEN,2026-11-30,145501.0,146395.0,145379.0,146252.0,458,2454
2026-08-04,GOLDTEN,2026-12-31,146328.0,147250.0,146086.0,147153.0,255,1172
2026-08-04,GOLDTEN,2027-01-29,148090.0,149300.0,147928.0,148379.0,20,23
2026-08-05,GOLDGUINEA,2026-08-31,115699.0,118300.0,115699.0,118009.0,15785,17684
2026-08-05,GOLDGUINEA,2026-09-30,116709.0,119389.0,116688.0,119160.0,5205,4656
2026-08-05,GOLDGUINEA,2026-10-30,117728.0,120217.0,117552.0,120080.0,2013,1699
2026-08-05,GOLDGUINEA,2026-11-30,118896.0,121040.0,118377.0,120863.0,1007,1118
2026-08-05,GOLDGUINEA,2026-12-31,119500.0,121800.0,119320.0,121571.0,430,581
2026-08-05,GOLDGUINEA,2027-01-29,120344.0,123017.0,120344.0,121852.0,7,4
2026-08-05,GOLDM,2026-08-05,142998.0,146964.0,142998.0,146433.0,732,3765
2026-08-05,GOLDM,2026-09-04,143700.0,147550.0,143700.0,147194.0,57205,31793
2026-08-05,GOLDM,2026-10-05,145021.0,148792.0,144628.0,148389.0,17692,12283
2026-08-05,GOLDM,2026-11-05,145796.0,149671.0,145796.0,149229.0,3304,2976
2026-08-05,GOLDM,2026-12-04,146459.0,151473.0,146354.0,149944.0,2275,2727
2026-08-05,GOLDM,2027-01-05,147324.0,151216.0,147195.0,150806.0,551,441
2026-08-05,GOLDPETAL,2026-08-31,14448.0,14803.0,14448.0,14770.0,264202,215267
2026-08-05,GOLDPETAL,2026-09-30,14570.0,14926.0,14512.0,14902.0,112527,77897
2026-08-05,GOLDPETAL,2026-10-30,14682.0,15053.0,14682.0,15032.0,51502,44241
2026-08-05,GOLDPETAL,2026-11-30,14771.0,15150.0,14771.0,15133.0,23898,22914
2026-08-05,GOLDPETAL,2026-12-31,14900.0,15250.0,14900.0,15226.0,10111,8173
2026-08-05,GOLDPETAL,2027-01-29,15005.0,15350.0,15005.0,15340.0,1599,962
2026-08-05,GOLDTEN,2026-08-31,144000.0,147700.0,144000.0,147318.0,40041,25860
2026-08-05,GOLDTEN,2026-09-30,145632.0,148951.0,145136.0,148588.0,18704,12192
2026-08-05,GOLDTEN,2026-10-30,146319.0,150427.0,146018.0,149722.0,4214,3472
2026-08-05,GOLDTEN,2026-11-30,146945.0,150800.0,146896.0,150423.0,2423,2166
2026-08-05,GOLDTEN,2026-12-31,147612.0,151410.0,147584.0,151159.0,1389,1614
2026-08-05,GOLDTEN,2027-01-29,148898.0,152435.0,148898.0,151922.0,48,30
2026-08-06,GOLDGUINEA,2026-08-31,118753.0,119411.0,117886.0,118499.0,14939,17183
2026-08-06,GOLDGUINEA,2026-09-30,119543.0,120444.0,119003.0,119482.0,5354,5151
2026-08-06,GOLDGUINEA,2026-10-30,120464.0,121503.0,119843.0,120319.0,2347,1771
2026-08-06,GOLDGUINEA,2026-11-30,121472.0,122104.0,120588.0,121077.0,869,1162
2026-08-06,GOLDGUINEA,2026-12-31,122453.0,122928.0,121606.0,122037.0,338,571
2026-08-06,GOLDGUINEA,2027-01-29,123374.0,123374.0,123000.0,123185.0,5,6
2026-08-06,GOLDM,2026-09-04,147310.0,148749.0,146804.0,147522.0,52799,30741
2026-08-06,GOLDM,2026-10-05,148847.0,149924.0,148056.0,148659.0,12305,12547
2026-08-06,GOLDM,2026-11-05,149799.0,150804.0,148946.0,149538.0,2561,3125
2026-08-06,GOLDM,2026-12-04,150740.0,151545.0,149553.0,150152.0,1953,2901
2026-08-06,GOLDM,2027-01-05,151164.0,152423.0,150454.0,151074.0,389,490
2026-08-06,GOLDM,2027-02-05,,,,148400.0,0,0
2026-08-06,GOLDPETAL,2026-08-31,14800.0,14932.0,14750.0,14823.0,260226,196450
2026-08-06,GOLDPETAL,2026-09-30,14933.0,15067.0,14893.0,14953.0,121887,73093
2026-08-06,GOLDPETAL,2026-10-30,15074.0,15185.0,14955.0,15065.0,46959,43321
2026-08-06,GOLDPETAL,2026-11-30,15148.0,15275.0,15108.0,15160.0,24034,23983
2026-08-06,GOLDPETAL,2026-12-31,15226.0,15396.0,15226.0,15284.0,9859,9113
2026-08-06,GOLDPETAL,2027-01-29,15338.0,15500.0,15323.0,15402.0,3142,1345
2026-08-06,GOLDTEN,2026-08-31,147505.0,148864.0,146931.0,147635.0,34074,25053
2026-08-06,GOLDTEN,2026-09-30,148752.0,150100.0,148256.0,148818.0,12692,12125
2026-08-06,GOLDTEN,2026-10-30,150272.0,151278.0,149408.0,149963.0,3565,3727
2026-08-06,GOLDTEN,2026-11-30,150898.0,152039.0,150051.0,150717.0,1817,2238
2026-08-06,GOLDTEN,2026-12-31,151837.0,152800.0,150920.0,151383.0,772,1673
2026-08-06,GOLDTEN,2027-01-29,153015.0,154959.0,152470.0,152657.0,339,142
2026-08-07,GOLDGUINEA,2026-08-31,119145.0,121348.0,118322.0,120896.0,16314,14242
2026-08-07,GOLDGUINEA,2026-09-30,119904.0,122500.0,119713.0,121995.0,5993,5531
2026-08-07,GOLDGUINEA,2026-10-30,120718.0,123316.0,120551.0,122962.0,2347,1795
2026-08-07,GOLDGUINEA,2026-11-30,121579.0,124117.0,121515.0,123816.0,1140,1169
2026-08-07,GOLDGUINEA,2026-12-31,122625.0,125024.0,122481.0,124796.0,435,661
2026-08-07,GOLDGUINEA,2027-01-29,124000.0,125984.0,124000.0,125263.0,14,7
2026-08-07,GOLDM,2026-09-04,147988.0,150990.0,147829.0,150471.0,56326,31603
2026-08-07,GOLDM,2026-10-05,148958.0,152350.0,148958.0,151669.0,17009,13493
2026-08-07,GOLDM,2026-11-05,149999.0,153350.0,149915.0,152652.0,3773,2966
2026-08-07,GOLDM,2026-12-04,150699.0,154145.0,150474.0,153415.0,2519,2733
2026-08-07,GOLDM,2027-01-05,151623.0,155008.0,151622.0,154290.0,557,488
2026-08-07,GOLDM,2027-02-05,152976.0,155540.0,152720.0,154375.0,14,6
2026-08-07,GOLDPETAL,2026-08-31,14831.0,15180.0,14831.0,15118.0,267226,187158
2026-08-07,GOLDPETAL,2026-09-30,14978.0,15310.0,14975.0,15256.0,118689,75197
2026-08-07,GOLDPETAL,2026-10-30,15079.0,15438.0,15079.0,15393.0,51495,42545
2026-08-07,GOLDPETAL,2026-11-30,15206.0,15550.0,15200.0,15496.0,29394,22728
2026-08-07,GOLDPETAL,2026-12-31,15328.0,15695.0,15310.0,15635.0,15093,10762
2026-08-07,GOLDPETAL,2027-01-29,15459.0,15833.0,15413.0,15766.0,6530,3210
2026-08-07,GOLDTEN,2026-08-31,147980.0,151128.0,147979.0,150539.0,37632,23334
2026-08-07,GOLDTEN,2026-09-30,149272.0,152449.0,149200.0,151791.0,15195,12915
2026-08-07,GOLDTEN,2026-10-30,150461.0,153758.0,150412.0,152970.0,5088,3946
2026-08-07,GOLDTEN,2026-11-30,151164.0,154611.0,151155.0,154010.0,2684,2222
2026-08-07,GOLDTEN,2026-12-31,151973.0,155336.0,151840.0,154602.0,1263,1951
2026-08-07,GOLDTEN,2027-01-29,153810.0,156373.0,153236.0,155794.0,278,93
2026-08-10,GOLDGUINEA,2026-08-31,120210.0,122100.0,120210.0,121872.0,14463,13530
2026-08-10,GOLDGUINEA,2026-09-30,121994.0,123100.0,121477.0,122899.0,5591,5492
2026-08-10,GOLDGUINEA,2026-10-30,122962.0,124200.0,122480.0,124033.0,2001,1881
2026-08-10,GOLDGUINEA,2026-11-30,123885.0,124989.0,123388.0,124827.0,894,1268
2026-08-10,GOLDGUINEA,2026-12-31,125793.0,125955.0,124369.0,125783.0,456,773
2026-08-10,GOLDGUINEA,2027-01-29,125999.0,127489.0,125999.0,126927.0,34,25
2026-08-10,GOLDM,2026-09-04,150214.0,152000.0,149750.0,151775.0,42234,31810
2026-08-10,GOLDM,2026-10-05,151091.0,153100.0,151091.0,152986.0,12733,12817
2026-08-10,GOLDM,2026-11-05,152662.0,153951.0,152056.0,153825.0,2699,3040
2026-08-10,GOLDM,2026-12-04,153755.0,154800.0,153000.0,154635.0,1909,2851
2026-08-10,GOLDM,2027-01-05,154101.0,155663.0,154073.0,155497.0,378,530
2026-08-10,GOLDM,2027-02-05,155348.0,156772.0,155243.0,156460.0,77,47
2026-08-10,GOLDPETAL,2026-08-31,15076.0,15267.0,15050.0,15239.0,234082,185214
2026-08-10,GOLDPETAL,2026-09-30,15228.0,15396.0,15211.0,15373.0,86431,75343
2026-08-10,GOLDPETAL,2026-10-30,15364.0,15530.0,15309.0,15507.0,43688,44194
2026-08-10,GOLDPETAL,2026-11-30,15470.0,15646.0,15469.0,15619.0,24021,24738
2026-08-10,GOLDPETAL,2026-12-31,15635.0,15785.0,15579.0,15749.0,15963,10041
2026-08-10,GOLDPETAL,2027-01-29,15756.0,15950.0,15732.0,15881.0,7282,4898
2026-08-10,GOLDTEN,2026-08-31,150312.0,152100.0,150001.0,151857.0,25666,23510
2026-08-10,GOLDTEN,2026-09-30,151250.0,153273.0,151250.0,153077.0,11300,13387
2026-08-10,GOLDTEN,2026-10-30,153049.0,154378.0,152600.0,154229.0,4727,4208
2026-08-10,GOLDTEN,2026-11-30,153538.0,155357.0,153538.0,155196.0,2576,2643
2026-08-10,GOLDTEN,2026-12-31,154961.0,156000.0,154203.0,155840.0,1282,2098
2026-08-10,GOLDTEN,2027-01-29,155122.0,157344.0,155122.0,157055.0,263,169
2026-08-11,GOLDGUINEA,2026-08-31,122023.0,123500.0,122023.0,122488.0,13382,12423
2026-08-11,GOLDGUINEA,2026-09-30,124119.0,124500.0,123210.0,123623.0,4849,5582
2026-08-11,GOLDGUINEA,2026-10-30,125129.0,125500.0,124339.0,124817.0,2053,1909
2026-08-11,GOLDGUINEA,2026-11-30,125896.0,126305.0,125201.0,125772.0,1089,1267
2026-08-11,GOLDGUINEA,2026-12-31,126750.0,127265.0,126191.0,126840.0,479,816
2026-08-11,GOLDGUINEA,2027-01-29,128424.0,128558.0,127435.0,128058.0,95,67
2026-08-11,GOLDM,2026-09-04,152752.0,153895.0,151950.0,152485.0,43595,30503
2026-08-11,GOLDM,2026-10-05,154100.0,155262.0,153117.0,153707.0,12853,12682
2026-08-11,GOLDM,2026-11-05,155256.0,156000.0,153984.0,154699.0,2730,3208
2026-08-11,GOLDM,2026-12-04,156551.0,156789.0,154849.0,155610.0,2036,2971
2026-08-11,GOLDM,2027-01-05,157097.0,157690.0,156000.0,156725.0,481,606
2026-08-11,GOLDM,2027-02-05,158594.0,158705.0,157173.0,157931.0,73,76
2026-08-11,GOLDPETAL,2026-08-31,15298.0,15489.0,15270.0,15319.0,242585,174858
2026-08-11,GOLDPETAL,2026-09-30,15399.0,15575.0,15399.0,15456.0,91781,80893
2026-08-11,GOLDPETAL,2026-10-30,15539.0,15709.0,15539.0,15597.0,41894,46981
2026-08-11,GOLDPETAL,2026-11-30,15694.0,15840.0,15639.0,15719.0,21111,25981
2026-08-11,GOLDPETAL,2026-12-31,15828.0,15987.0,15762.0,15852.0,13512,12112
2026-08-11,GOLDPETAL,2027-01-29,15924.0,16130.0,15924.0,15987.0,5692,4747
2026-08-11,GOLDTEN,2026-08-31,152199.0,154074.0,152011.0,152593.0,25878,22396
2026-08-11,GOLDTEN,2026-09-30,153896.0,155150.0,153287.0,153826.0,12562,13791
2026-08-11,GOLDTEN,2026-10-30,155997.0,156200.0,154500.0,155165.0,4747,4481
2026-08-11,GOLDTEN,2026-11-30,155494.0,157219.0,155494.0,156150.0,2319,2622
2026-08-11,GOLDTEN,2026-12-31,156500.0,158000.0,156500.0,157112.0,1134,2077
2026-08-11,GOLDTEN,2027-01-29,157989.0,159424.0,157760.0,158127.0,219,198
2026-08-12,GOLDGUINEA,2026-08-31,123292.0,123946.0,122865.0,123520.0,11004,11887
2026-08-12,GOLDGUINEA,2026-09-30,124323.0,125050.0,123936.0,124649.0,5183,5462
2026-08-12,GOLDGUINEA,2026-10-30,125581.0,126125.0,125070.0,125773.0,2091,1970
2026-08-12,GOLDGUINEA,2026-11-30,126232.0,127209.0,125984.0,126773.0,917,1290
2026-08-12,GOLDGUINEA,2026-12-31,127393.0,128099.0,127047.0,127837.0,498,834
2026-08-12,GOLDGUINEA,2027-01-29,128336.0,129519.0,128292.0,129165.0,127,107
2026-08-12,GOLDM,2026-09-04,153422.0,154378.0,152865.0,153635.0,45150,31032
2026-08-12,GOLDM,2026-10-05,154797.0,155700.0,154109.0,154850.0,14440,13002
2026-08-12,GOLDM,2026-11-05,155699.0,156594.0,155052.0,155836.0,2825,3201
2026-08-12,GOLDM,2026-12-04,156500.0,157501.0,155675.0,156736.0,1974,3055
2026-08-12,GOLDM,2027-01-05,157849.0,158599.0,157000.0,157932.0,509,616
2026-08-12,GOLDM,2027-02-05,158666.0,159565.0,158426.0,159021.0,88,107
2026-08-12,GOLDPETAL,2026-08-31,15398.0,15501.0,15364.0,15445.0,222046,175809
2026-08-12,GOLDPETAL,2026-09-30,15525.0,15642.0,15505.0,15586.0,96304,80181
2026-08-12,GOLDPETAL,2026-10-30,15674.0,15775.0,15638.0,15728.0,44999,48149
2026-08-12,GOLDPETAL,2026-11-30,15843.0,15895.0,15757.0,15849.0,21148,26429
2026-08-12,GOLDPETAL,2026-12-31,15899.0,16039.0,15899.0,15983.0,14106,11647
2026-08-12,GOLDPETAL,2027-01-29,16075.0,16185.0,16040.0,16119.0,8176,6159
2026-08-12,GOLDTEN,2026-08-31,153259.0,154450.0,152971.0,153741.0,26233,21989
2026-08-12,GOLDTEN,2026-09-30,154629.0,155765.0,154198.0,154979.0,14005,14389
2026-08-12,GOLDTEN,2026-10-30,155520.0,156950.0,155329.0,156306.0,4379,4765
2026-08-12,GOLDTEN,2026-11-30,157000.0,157995.0,156500.0,157370.0,2282,2621
2026-08-12,GOLDTEN,2026-12-31,158174.0,158889.0,157391.0,158362.0,1276,2260
2026-08-12,GOLDTEN,2027-01-29,158817.0,160000.0,158701.0,159640.0,243,289
2026-08-13,GOLDGUINEA,2026-08-31,123449.0,123712.0,122279.0,122478.0,10790,11766
2026-08-13,GOLDGUINEA,2026-09-30,124328.0,124779.0,123400.0,123587.0,4335,5497
2026-08-13,GOLDGUINEA,2026-10-30,125404.0,125907.0,124520.0,124791.0,1439,2093
2026-08-13,GOLDGUINEA,2026-11-30,126813.0,126886.0,125373.0,125773.0,696,1362
2026-08-13,GOLDGUINEA,2026-12-31,127765.0,127765.0,126500.0,126980.0,323,866
2026-08-13,GOLDGUINEA,2027-01-29,129185.0,129185.0,127745.0,128174.0,80,130
2026-08-13,GOLDM,2026-09-04,153751.0,153751.0,152150.0,152320.0,38234,29635
2026-08-13,GOLDM,2026-10-05,155044.0,155102.0,153141.0,153405.0,12098,12293
2026-08-13,GOLDM,2026-11-05,156084.0,156084.0,154283.0,154449.0,2053,3257
2026-08-13,GOLDM,2026-12-04,156801.0,156961.0,155235.0,155475.0,1395,3162
2026-08-13,GOLDM,2027-01-05,158068.0,158118.0,156594.0,156730.0,268,680
2026-08-13,GOLDM,2027-02-05,159150.0,159150.0,157700.0,157965.0,90,141
2026-08-13,GOLDPETAL,2026-08-31,15445.0,15464.0,15288.0,15316.0,222203,170928
2026-08-13,GOLDPETAL,2026-09-30,15590.0,15601.0,15417.0,15450.0,81507,78946
2026-08-13,GOLDPETAL,2026-10-30,15746.0,15759.0,15559.0,15589.0,31815,50134
2026-08-13,GOLDPETAL,2026-11-30,15617.0,15886.0,15617.0,15723.0,13878,27016
2026-08-13,GOLDPETAL,2026-12-31,16056.0,16056.0,15834.0,15873.0,8842,13463
2026-08-13,GOLDPETAL,2027-01-29,16199.0,16250.0,15967.0,16009.0,4910,6712
2026-08-13,GOLDTEN,2026-08-31,153801.0,153903.0,152250.0,152437.0,23077,22305
2026-08-13,GOLDTEN,2026-09-30,155246.0,155247.0,153400.0,153601.0,12677,14297
2026-08-13,GOLDTEN,2026-10-30,156350.0,156389.0,154712.0,154983.0,4134,5334
2026-08-13,GOLDTEN,2026-11-30,157318.0,157531.0,155885.0,156083.0,1702,2894
2026-08-13,GOLDTEN,2026-12-31,158462.0,158462.0,157001.0,157252.0,850,2198
2026-08-13,GOLDTEN,2027-01-29,159699.0,159886.0,158267.0,158565.0,345,437
2026-08-14,GOLDGUINEA,2026-08-31,122000.0,123327.0,121113.0,123126.0,9861,11006
2026-08-14,GOLDGUINEA,2026-09-30,123225.0,124435.0,122254.0,124229.0,4455,5605
2026-08-14,GOLDGUINEA,2026-10-30,124000.0,125499.0,123500.0,125361.0,1635,2083
2026-08-14,GOLDGUINEA,2026-11-30,125000.0,126500.0,124550.0,126332.0,612,1394
2026-08-14,GOLDGUINEA,2026-12-31,126051.0,127595.0,125628.0,127368.0,266,911
2026-08-14,GOLDGUINEA,2027-01-29,127230.0,128699.0,127130.0,128516.0,62,113
2026-08-14,GOLDM,2026-09-04,152112.0,153498.0,150802.0,153188.0,39335,29363
2026-08-14,GOLDM,2026-10-05,152500.0,154840.0,151909.0,154462.0,11820,12749
2026-08-14,GOLDM,2026-11-05,153824.0,155802.0,152964.0,155473.0,1938,3209
2026-08-14,GOLDM,2026-12-04,155000.0,156810.0,153974.0,156503.0,1717,3307
2026-08-14,GOLDM,2027-01-05,155723.0,157900.0,155363.0,157722.0,301,676
2026-08-14,GOLDM,2027-02-05,156707.0,159020.0,156400.0,158790.0,139,167
2026-08-14,GOLDPETAL,2026-08-31,15273.0,15425.0,15157.0,15394.0,197984,161392
2026-08-14,GOLDPETAL,2026-09-30,15419.0,15560.0,15298.0,15536.0,97426,80172
2026-08-14,GOLDPETAL,2026-10-30,15539.0,15690.0,15437.0,15670.0,38104,52969
2026-08-14,GOLDPETAL,2026-11-30,15656.0,15817.0,15574.0,15790.0,13521,27846
2026-08-14,GOLDPETAL,2026-12-31,15800.0,15959.0,15718.0,15937.0,8480,13520
2026-08-14,GOLDPETAL,2027-01-29,15970.0,16100.0,15865.0,16079.0,5134,8098
2026-08-14,GOLDTEN,2026-08-31,151303.0,153600.0,150925.0,153298.0,22142,21031
2026-08-14,GOLDTEN,2026-09-30,152991.0,154895.0,152066.0,154563.0,10803,14497
2026-08-14,GOLDTEN,2026-10-30,154100.0,156179.0,153427.0,155850.0,4033,5342
2026-08-14,GOLDTEN,2026-11-30,155885.0,157300.0,154589.0,157022.0,1638,2839
2026-08-14,GOLDTEN,2026-12-31,156007.0,158256.0,155636.0,157970.0,867,2401
2026-08-14,GOLDTEN,2027-01-29,157811.0,160624.0,157355.0,159303.0,789,504
2026-08-17,GOLDGUINEA,2026-08-31,123200.0,124443.0,123200.0,124178.0,9361,10155
2026-08-17,GOLDGUINEA,2026-09-30,124527.0,125350.0,124266.0,125243.0,4507,5698
2026-08-17,GOLDGUINEA,2026-10-30,125499.0,126449.0,125400.0,126333.0,1882,2290
2026-08-17,GOLDGUINEA,2026-11-30,126556.0,127400.0,126251.0,127207.0,977,1543
2026-08-17,GOLDGUINEA,2026-12-31,127615.0,128410.0,127355.0,128273.0,493,890
2026-08-17,GOLDGUINEA,2027-01-29,129067.0,129508.0,128913.0,129397.0,147,148
2026-08-17,GOLDM,2026-09-04,153467.0,154700.0,153265.0,154571.0,33398,29744
2026-08-17,GOLDM,2026-10-05,154752.0,156032.0,154550.0,155865.0,11007,13467
2026-08-17,GOLDM,2026-11-05,155795.0,156978.0,155537.0,156837.0,2325,3289
2026-08-17,GOLDM,2026-12-04,156948.0,158025.0,156501.0,157851.0,1904,3460
2026-08-17,GOLDM,2027-01-05,158179.0,159207.0,157661.0,158961.0,395,732
2026-08-17,GOLDM,2027-02-05,159227.0,160363.0,158800.0,160201.0,148,210
2026-08-17,GOLDPETAL,2026-08-31,15408.0,15535.0,15406.0,15522.0,165580,156831
2026-08-17,GOLDPETAL,2026-09-30,15540.0,15679.0,15540.0,15659.0,76994,81239
2026-08-17,GOLDPETAL,2026-10-30,15698.0,15804.0,15674.0,15785.0,42985,51009
2026-08-17,GOLDPETAL,2026-11-30,15790.0,15937.0,15790.0,15913.0,18117,29275
2026-08-17,GOLDPETAL,2026-12-31,15977.0,16070.0,15948.0,16052.0,9724,14204
2026-08-17,GOLDPETAL,2027-01-29,16100.0,16209.0,16089.0,16193.0,5209,7981
2026-08-17,GOLDTEN,2026-08-31,153470.0,154750.0,153312.0,154609.0,19687,21085
2026-08-17,GOLDTEN,2026-09-30,154919.0,156098.0,154621.0,155910.0,11582,14622
2026-08-17,GOLDTEN,2026-10-30,156100.0,157350.0,155870.0,157148.0,4925,5033
2026-08-17,GOLDTEN,2026-11-30,157439.0,158483.0,157002.0,158352.0,2113,2918
2026-08-17,GOLDTEN,2026-12-31,158400.0,159461.0,158100.0,159320.0,724,2415
2026-08-17,GOLDTEN,2027-01-29,159695.0,160767.0,159200.0,160567.0,301,579
2026-08-18,GOLDGUINEA,2026-08-31,123609.0,124000.0,123003.0,123149.0,8001,10015
2026-08-18,GOLDGUINEA,2026-09-30,125000.0,125095.0,124005.0,124170.0,4060,5632
2026-08-18,GOLDGUINEA,2026-10-30,126273.0,126273.0,125218.0,125364.0,1333,2595
2026-08-18,GOLDGUINEA,2026-11-30,126969.0,127189.0,126190.0,126356.0,555,1544
2026-08-18,GOLDGUINEA,2026-12-31,127704.0,128232.0,127201.0,127441.0,270,864
2026-08-18,GOLDGUINEA,2027-01-29,129063.0,129412.0,128500.0,128783.0,73,198
2026-08-18,GOLDM,2026-09-04,153932.0,154327.0,152920.0,153083.0,34441,28044
2026-08-18,GOLDM,2026-10-05,155441.0,155689.0,154050.0,154239.0,14394,13760
2026-08-18,GOLDM,2026-11-05,156385.0,156676.0,155108.0,155326.0,2030,3490
2026-08-18,GOLDM,2026-12-04,157325.0,157679.0,156120.0,156344.0,1118,3727
2026-08-18,GOLDM,2027-01-05,158452.0,158899.0,157381.0,157534.0,355,829
2026-08-18,GOLDM,2027-02-05,159794.0,159993.0,158650.0,158905.0,120,255
2026-08-18,GOLDPETAL,2026-08-31,15488.0,15505.0,15365.0,15385.0,169130,149039
2026-08-18,GOLDPETAL,2026-09-30,15629.0,15640.0,15500.0,15523.0,81488,87328
2026-08-18,GOLDPETAL,2026-10-30,15765.0,15779.0,15640.0,15664.0,33183,53340
2026-08-18,GOLDPETAL,2026-11-30,15898.0,15908.0,15772.0,15793.0,14458,30402
2026-08-18,GOLDPETAL,2026-12-31,16021.0,16049.0,15916.0,15934.0,8833,15432
2026-08-18,GOLDPETAL,2027-01-29,16229.0,16229.0,16061.0,16075.0,4875,10313
2026-08-18,GOLDTEN,2026-08-31,154010.0,154385.0,153051.0,153203.0,16246,21041
2026-08-18,GOLDTEN,2026-09-30,155353.0,155717.0,154257.0,154392.0,12170,15178
2026-08-18,GOLDTEN,2026-10-30,157181.0,157181.0,155536.0,155710.0,4126,5610
2026-08-18,GOLDTEN,2026-11-30,157600.0,158134.0,156741.0,156946.0,1660,3349
2026-08-18,GOLDTEN,2026-12-31,158686.0,159343.0,157708.0,157995.0,638,2388
2026-08-18,GOLDTEN,2027-01-29,160000.0,160537.0,159000.0,159272.0,161,636
2026-08-19,GOLDGUINEA,2026-08-31,123038.0,126000.0,122211.0,125775.0,15128,8351
2026-08-19,GOLDGUINEA,2026-09-30,124000.0,127068.0,123250.0,126900.0,9766,6244
2026-08-19,GOLDGUINEA,2026-10-30,125319.0,127990.0,124397.0,127871.0,3938,2508
2026-08-19,GOLDGUINEA,2026-11-30,126694.0,129639.0,125500.0,128905.0,1815,1609
2026-08-19,GOLDGUINEA,2026-12-31,127696.0,130199.0,126536.0,129967.0,742,896
2026-08-19,GOLDGUINEA,2027-01-29,128500.0,131254.0,127901.0,131050.0,315,230
2026-08-19,GOLDM,2026-09-04,153009.0,156755.0,152080.0,156571.0,60365,29214
2026-08-19,GOLDM,2026-10-05,154103.0,158087.0,153360.0,157855.0,24781,15835
2026-08-19,GOLDM,2026-11-05,155249.0,159066.0,154348.0,158876.0,4315,3366
2026-08-19,GOLDM,2026-12-04,156078.0,160158.0,155380.0,159843.0,3481,3523
2026-08-19,GOLDM,2027-01-05,157534.0,161300.0,156700.0,161014.0,814,799
2026-08-19,GOLDM,2027-02-05,158781.0,162410.0,157863.0,162137.0,224,247
2026-08-19,GOLDPETAL,2026-08-31,15373.0,15739.0,15280.0,15715.0,258151,142074
2026-08-19,GOLDPETAL,2026-09-30,15514.0,15875.0,15413.0,15860.0,191147,112701
2026-08-19,GOLDPETAL,2026-10-30,15648.0,16006.0,15552.0,15992.0,86039,55116
2026-08-19,GOLDPETAL,2026-11-30,15771.0,16129.0,15690.0,16112.0,48211,25084
2026-08-19,GOLDPETAL,2026-12-31,15918.0,16267.0,15835.0,16243.0,24412,16196
2026-08-19,GOLDPETAL,2027-01-29,16055.0,16400.0,15976.0,16375.0,11429,8426
2026-08-19,GOLDTEN,2026-08-31,153000.0,156801.0,152170.0,156629.0,31437,20726
2026-08-19,GOLDTEN,2026-09-30,154463.0,158111.0,153430.0,157930.0,23986,16815
2026-08-19,GOLDTEN,2026-10-30,155501.0,159400.0,154728.0,159180.0,10001,5392
2026-08-19,GOLDTEN,2026-11-30,156872.0,160500.0,155956.0,160317.0,4503,2828
2026-08-19,GOLDTEN,2026-12-31,157995.0,161605.0,156926.0,161180.0,2290,2863
2026-08-19,GOLDTEN,2027-01-29,159690.0,162872.0,158370.0,162512.0,806,525
2026-08-20,GOLDGUINEA,2026-08-31,126201.0,127380.0,125045.0,126867.0,11989,7782
2026-08-20,GOLDGUINEA,2026-09-30,126949.0,128490.0,126212.0,128044.0,9719,6643
2026-08-20,GOLDGUINEA,2026-10-30,127996.0,129509.0,127261.0,129086.0,4193,3041
2026-08-20,GOLDGUINEA,2026-11-30,129050.0,130578.0,128299.0,130203.0,1915,1748
2026-08-20,GOLDGUINEA,2026-12-31,130972.0,131600.0,129450.0,131333.0,1038,1015
2026-08-20,GOLDGUINEA,2027-01-29,131500.0,133000.0,130650.0,132802.0,472,261
2026-08-20,GOLDM,2026-09-04,157157.0,158599.0,155727.0,158025.0,53552,28852
2026-08-20,GOLDM,2026-10-05,157949.0,159889.0,157005.0,159340.0,22293,16072
2026-08-20,GOLDM,2026-11-05,159001.0,160886.0,158040.0,160374.0,4567,3414
2026-08-20,GOLDM,2026-12-04,160100.0,161991.0,159100.0,161435.0,2824,3693
2026-08-20,GOLDM,2027-01-05,161399.0,163299.0,160352.0,162813.0,825,970
2026-08-20,GOLDM,2027-02-05,162650.0,164524.0,161501.0,164062.0,508,318
2026-08-20,GOLDPETAL,2026-08-31,15725.0,15918.0,15620.0,15854.0,253760,135330
2026-08-20,GOLDPETAL,2026-09-30,15871.0,16060.0,15772.0,16002.0,170613,118688
2026-08-20,GOLDPETAL,2026-10-30,16014.0,16190.0,15907.0,16139.0,77723,55922
2026-08-20,GOLDPETAL,2026-11-30,16141.0,16324.0,16030.0,16269.0,36477,25863
2026-08-20,GOLDPETAL,2026-12-31,16310.0,16457.0,16171.0,16409.0,20819,16858
2026-08-20,GOLDPETAL,2027-01-29,16371.0,16607.0,16320.0,16553.0,14221,11894
2026-08-20,GOLDTEN,2026-08-31,156134.0,158600.0,155800.0,158080.0,27996,20488
2026-08-20,GOLDTEN,2026-09-30,157966.0,159975.0,157058.0,159424.0,23836,16747
2026-08-20,GOLDTEN,2026-10-30,159202.0,161229.0,158319.0,160679.0,9908,5823
2026-08-20,GOLDTEN,2026-11-30,160667.0,162542.0,159548.0,161913.0,4523,3091
2026-08-20,GOLDTEN,2026-12-31,161983.0,163523.0,160500.0,163007.0,1673,3060
2026-08-20,GOLDTEN,2027-01-29,162813.0,164839.0,162015.0,164330.0,676,527
2026-08-21,GOLDGUINEA,2026-08-31,127409.0,129400.0,127136.0,129157.0,12888,7101
2026-08-21,GOLDGUINEA,2026-09-30,128544.0,130497.0,128300.0,130316.0,11969,7247
2026-08-21,GOLDGUINEA,2026-10-30,129656.0,131550.0,129229.0,131448.0,4634,3204
2026-08-21,GOLDGUINEA,2026-11-30,130501.0,132789.0,130269.0,132532.0,2670,1918
2026-08-21,GOLDGUINEA,2026-12-31,131477.0,133949.0,131476.0,133786.0,1205,1174
2026-08-21,GOLDGUINEA,2027-01-29,133194.0,135130.0,133000.0,134931.0,484,280
2026-08-21,GOLDM,2026-09-04,158400.0,161089.0,158277.0,160916.0,64059,27435
2026-08-21,GOLDM,2026-10-05,159772.0,162530.0,159550.0,162323.0,29368,18087
2026-08-21,GOLDM,2026-11-05,160969.0,163600.0,160670.0,163415.0,6388,3523
2026-08-21,GOLDM,2026-12-04,162055.0,164759.0,161731.0,164494.0,4604,4033
2026-08-21,GOLDM,2027-01-05,163370.0,166061.0,162938.0,165842.0,1356,1114
2026-08-21,GOLDM,2027-02-05,164556.0,167399.0,164274.0,166941.0,534,403
2026-08-21,GOLDPETAL,2026-08-31,15888.0,16150.0,15864.0,16133.0,272479,110510
2026-08-21,GOLDPETAL,2026-09-30,16041.0,16317.0,16035.0,16296.0,215799,126326
2026-08-21,GOLDPETAL,2026-10-30,16154.0,16460.0,16153.0,16437.0,112830,53717
2026-08-21,GOLDPETAL,2026-11-30,16300.0,16587.0,16293.0,16575.0,62347,24854
2026-08-21,GOLDPETAL,2026-12-31,16445.0,16735.0,16423.0,16715.0,32395,17988
2026-08-21,GOLDPETAL,2027-01-29,16594.0,16874.0,16583.0,16855.0,22709,16699
2026-08-21,GOLDTEN,2026-08-31,158111.0,161132.0,158111.0,160889.0,28898,18580
2026-08-21,GOLDTEN,2026-09-30,159626.0,162610.0,159626.0,162380.0,28826,18489
2026-08-21,GOLDTEN,2026-10-30,161061.0,163888.0,160904.0,163668.0,12568,6460
2026-08-21,GOLDTEN,2026-11-30,162443.0,165150.0,162247.0,164920.0,6109,2945
2026-08-21,GOLDTEN,2026-12-31,163593.0,166300.0,163131.0,166066.0,2686,3233
2026-08-21,GOLDTEN,2027-01-29,164994.0,167703.0,164451.0,167528.0,1185,669
2026-08-24,GOLDGUINEA,2026-08-31,129984.0,131200.0,129378.0,130004.0,11776,6038
2026-08-24,GOLDGUINEA,2026-09-30,130428.0,132330.0,130316.0,131193.0,12587,7615
2026-08-24,GOLDGUINEA,2026-10-30,131559.0,133525.0,131559.0,132325.0,5569,3415
2026-08-24,GOLDGUINEA,2026-11-30,133358.0,134716.0,132895.0,133463.0,2553,2321
2026-08-24,GOLDGUINEA,2026-12-31,134618.0,136641.0,133252.0,134855.0,1535,1441
2026-08-24,GOLDGUINEA,2027-01-29,135250.0,137032.0,134962.0,136352.0,521,400
2026-08-24,GOLDM,2026-09-04,160519.0,163394.0,159458.0,161985.0,54059,26332
2026-08-24,GOLDM,2026-10-05,162741.0,164678.0,159702.0,163201.0,28927,18521
2026-08-24,GOLDM,2026-11-05,162915.0,165946.0,162800.0,164519.0,6456,3852
2026-08-24,GOLDM,2026-12-04,165146.0,167125.0,165144.0,165723.0,4478,4118
2026-08-24,GOLDM,2027-01-05,166732.0,168540.0,166349.0,167043.0,1120,1130
2026-08-24,GOLDM,2027-02-05,167974.0,169849.0,167712.0,168402.0,591,490
2026-08-24,GOLDPETAL,2026-08-31,16133.0,16398.0,16113.0,16239.0,270203,87063
2026-08-24,GOLDPETAL,2026-09-30,16277.0,16546.0,16270.0,16390.0,218768,141823
2026-08-24,GOLDPETAL,2026-10-30,16472.0,16690.0,16472.0,16542.0,96789,60937
2026-08-24,GOLDPETAL,2026-11-30,16615.0,16828.0,16599.0,16690.0,42420,30878
2026-08-24,GOLDPETAL,2026-12-31,16749.0,16975.0,16749.0,16833.0,22816,19090
2026-08-24,GOLDPETAL,2027-01-29,16900.0,17119.0,16877.0,16975.0,18840,18214
2026-08-24,GOLDTEN,2026-08-31,160401.0,163334.0,159201.0,161894.0,22336,16304
2026-08-24,GOLDTEN,2026-09-30,162042.0,164854.0,159112.0,163285.0,27986,18366
2026-08-24,GOLDTEN,2026-10-30,164000.0,166272.0,163900.0,164759.0,11291,7172
2026-08-24,GOLDTEN,2026-11-30,165522.0,167555.0,165213.0,166117.0,5607,3418
2026-08-24,GOLDTEN,2026-12-31,166498.0,168750.0,166498.0,167263.0,2341,3330
2026-08-24,GOLDTEN,2027-01-29,168408.0,170259.0,168160.0,168873.0,1177,792
2026-08-25,GOLDGUINEA,2026-08-31,130471.0,130531.0,128580.0,129638.0,11419,4868
2026-08-25,GOLDGUINEA,2026-09-30,131235.0,131674.0,130000.0,130879.0,12940,8403
2026-08-25,GOLDGUINEA,2026-10-30,132400.0,132853.0,131125.0,132038.0,4297,3642
2026-08-25,GOLDGUINEA,2026-11-30,133536.0,133965.0,132280.0,133089.0,1753,2402
2026-08-25,GOLDGUINEA,2026-12-31,134854.0,135514.0,132855.0,134286.0,1680,1665
2026-08-25,GOLDGUINEA,2027-01-29,136340.0,136695.0,135000.0,135876.0,436,522
2026-08-25,GOLDM,2026-09-04,161612.0,162546.0,160600.0,161738.0,50630,24094
2026-08-25,GOLDM,2026-10-05,163200.0,163792.0,161722.0,162834.0,25386,19073
2026-08-25,GOLDM,2026-11-05,164349.0,165080.0,163000.0,164043.0,5186,4617
2026-08-25,GOLDM,2026-12-04,165724.0,166178.0,163956.0,165103.0,3543,4931
2026-08-25,GOLDM,2027-01-05,167211.0,167500.0,165362.0,166450.0,757,1244
2026-08-25,GOLDM,2027-02-05,168543.0,168840.0,166600.0,167604.0,454,560
2026-08-25,GOLDPETAL,2026-08-31,16212.0,16302.0,16078.0,16196.0,206753,71134
2026-08-25,GOLDPETAL,2026-09-30,16384.0,16460.0,16246.0,16355.0,221678,161733
2026-08-25,GOLDPETAL,2026-10-30,16538.0,16610.0,16400.0,16502.0,85492,68577
2026-08-25,GOLDPETAL,2026-11-30,16673.0,16744.0,16545.0,16637.0,33787,34277
2026-08-25,GOLDPETAL,2026-12-31,16815.0,16885.0,16696.0,16782.0,18381,19649
2026-08-25,GOLDPETAL,2027-01-29,16959.0,17025.0,16848.0,16931.0,12085,19891
2026-08-25,GOLDTEN,2026-08-31,161001.0,162497.0,160458.0,161563.0,17911,15507
2026-08-25,GOLDTEN,2026-09-30,163103.0,164300.0,161785.0,162961.0,32456,20063
2026-08-25,GOLDTEN,2026-10-30,165090.0,165348.0,163025.0,164293.0,10481,7308
2026-08-25,GOLDTEN,2026-11-30,165959.0,166618.0,164484.0,165552.0,3595,3872
2026-08-25,GOLDTEN,2026-12-31,167400.0,167850.0,165775.0,166634.0,1784,3333
2026-08-25,GOLDTEN,2027-01-29,168011.0,169402.0,167108.0,167939.0,727,976
2026-08-26,GOLDGUINEA,2026-08-31,129307.0,130143.0,126113.0,126960.0,8117,2652
2026-08-26,GOLDGUINEA,2026-09-30,131460.0,131460.0,127700.0,128360.0,16729,9627
2026-08-26,GOLDGUINEA,2026-10-30,132686.0,132686.0,128656.0,129528.0,3827,4063
2026-08-26,GOLDGUINEA,2026-11-30,133489.0,133639.0,129976.0,130566.0,1259,2405
2026-08-26,GOLDGUINEA,2026-12-31,134751.0,134983.0,131057.0,131675.0,664,1716
2026-08-26,GOLDGUINEA,2027-01-29,136244.0,136340.0,132485.0,132919.0,425,621
2026-08-26,GOLDM,2026-09-04,161950.0,162159.0,158068.0,158661.0,46644,21823
2026-08-26,GOLDM,2026-10-05,162994.0,163269.0,159001.0,159665.0,28836,19756
2026-08-26,GOLDM,2026-11-05,164491.0,164493.0,160071.0,160761.0,5145,5359
2026-08-26,GOLDM,2026-12-04,165483.0,165483.0,160800.0,161519.0,3487,5567
2026-08-26,GOLDM,2027-01-05,166872.0,166872.0,162000.0,162663.0,626,1365
2026-08-26,GOLDM,2027-02-05,167999.0,167999.0,163011.0,163649.0,574,684
2026-08-26,GOLDPETAL,2026-08-31,16161.0,16249.0,15801.0,15901.0,172895,29558
2026-08-26,GOLDPETAL,2026-09-30,16312.0,16404.0,15955.0,16041.0,276022,191381
2026-08-26,GOLDPETAL,2026-10-30,16425.0,16575.0,16101.0,16186.0,81808,76244
2026-08-26,GOLDPETAL,2026-11-30,16590.0,16705.0,16245.0,16308.0,37946,44086
2026-08-26,GOLDPETAL,2026-12-31,16751.0,16852.0,16385.0,16446.0,15903,20593
2026-08-26,GOLDPETAL,2027-01-29,16901.0,16996.0,16526.0,16612.0,15199,22118
2026-08-26,GOLDTEN,2026-08-31,161400.0,162077.0,157557.0,158368.0,20226,10242
2026-08-26,GOLDTEN,2026-09-30,163130.0,163377.0,159160.0,159918.0,35341,24458
2026-08-26,GOLDTEN,2026-10-30,164668.0,164844.0,160220.0,161117.0,10141,8567
2026-08-26,GOLDTEN,2026-11-30,165953.0,165967.0,161350.0,162013.0,3357,4560
2026-08-26,GOLDTEN,2026-12-31,166900.0,167065.0,162371.0,163094.0,1708,3129
2026-08-26,GOLDTEN,2027-01-29,168573.0,168576.0,163513.0,164300.0,889,1241
2026-08-27,GOLDGUINEA,2026-08-31,127790.0,127790.0,124380.0,126263.0,1834,2514
2026-08-27,GOLDGUINEA,2026-09-30,129002.0,129299.0,125802.0,127729.0,22218,10530
2026-08-27,GOLDGUINEA,2026-10-30,130400.0,130478.0,126798.0,128817.0,6784,4260
2026-08-27,GOLDGUINEA,2026-11-30,131190.0,131520.0,127732.0,129721.0,2513,2537
2026-08-27,GOLDGUINEA,2026-12-31,132710.0,132778.0,129067.0,130828.0,773,1767
2026-08-27,GOLDGUINEA,2027-01-29,133208.0,133880.0,130353.0,131926.0,446,710
2026-08-27,GOLDM,2026-09-04,159588.0,160136.0,155862.0,158230.0,61576,19501
2026-08-27,GOLDM,2026-10-05,160763.0,161038.0,156666.0,159030.0,42186,20690
2026-08-27,GOLDM,2026-11-05,161409.0,161939.0,157620.0,159784.0,7160,5912
2026-08-27,GOLDM,2026-12-04,162772.0,162864.0,158478.0,160611.0,3756,5682
2026-08-27,GOLDM,2027-01-05,164105.0,164105.0,159685.0,161740.0,762,1422
2026-08-27,GOLDM,2027-02-05,165072.0,165365.0,160785.0,162732.0,518,778
2026-08-27,GOLDPETAL,2026-08-31,16182.0,16182.0,15575.0,15844.0,24737,21878
2026-08-27,GOLDPETAL,2026-09-30,16055.0,16168.0,15658.0,15965.0,448372,209747
2026-08-27,GOLDPETAL,2026-10-30,16207.0,16312.0,15800.0,16100.0,168659,79161
2026-08-27,GOLDPETAL,2026-11-30,16393.0,16434.0,15992.0,16213.0,52498,54084
2026-08-27,GOLDPETAL,2026-12-31,16542.0,16581.0,16141.0,16336.0,22489,24011
2026-08-27,GOLDPETAL,2027-01-29,16684.0,16728.0,16284.0,16451.0,18795,24336
2026-08-27,GOLDTEN,2026-08-31,158880.0,159410.0,155402.0,158159.0,11194,10721
2026-08-27,GOLDTEN,2026-09-30,160699.0,161098.0,156601.0,159161.0,51822,24098
2026-08-27,GOLDTEN,2026-10-30,161949.0,162287.0,157968.0,160125.0,12916,9002
2026-08-27,GOLDTEN,2026-11-30,162699.0,163308.0,158870.0,161099.0,4754,5074
2026-08-27,GOLDTEN,2026-12-31,164223.0,164542.0,160023.0,162041.0,2163,3279
2026-08-27,GOLDTEN,2027-01-29,165734.0,165804.0,161504.0,163417.0,1290,1357
2026-08-28,GOLDGUINEA,2026-08-31,125904.0,128200.0,124511.0,125025.0,105,304
2026-08-28,GOLDGUINEA,2026-09-30,127433.0,128895.0,125688.0,125821.0,22074,10711
2026-08-28,GOLDGUINEA,2026-10-30,129054.0,131100.0,126818.0,126983.0,6775,4904
2026-08-28,GOLDGUINEA,2026-11-30,129431.0,130480.0,127777.0,127910.0,1971,2649
2026-08-28,GOLDGUINEA,2026-12-31,130625.0,131500.0,128881.0,129131.0,528,1829
2026-08-28,GOLDGUINEA,2027-01-29,131348.0,132549.0,130001.0,130294.0,337,754
2026-08-28,GOLDM,2026-09-04,156987.0,159706.0,155431.0,155946.0,63432,16268
2026-08-28,GOLDM,2026-10-05,158502.0,160331.0,156250.0,156431.0,50010,22865
2026-08-28,GOLDM,2026-11-05,159400.0,160945.0,157111.0,157401.0,8495,6267
2026-08-28,GOLDM,2026-12-04,160316.0,161611.0,157665.0,158229.0,4193,6244
2026-08-28,GOLDM,2027-01-05,161098.0,162545.0,159001.0,159380.0,591,1525
2026-08-28,GOLDM,2027-02-05,162016.0,163500.0,159945.0,160523.0,544,876
2026-08-28,GOLDPETAL,2026-08-31,15835.0,16178.0,15651.0,15715.0,10082,14274
2026-08-28,GOLDPETAL,2026-09-30,15951.0,16100.0,15703.0,15725.0,436379,202711
2026-08-28,GOLDPETAL,2026-10-30,16075.0,16211.0,15839.0,15859.0,126076,83890
2026-08-28,GOLDPETAL,2026-11-30,16182.0,16295.0,15950.0,15971.0,45029,63263
2026-08-28,GOLDPETAL,2026-12-31,16301.0,16400.0,16081.0,16112.0,18954,26341
2026-08-28,GOLDPETAL,2027-01-29,16393.0,16511.0,16211.0,16237.0,11766,25537
2026-08-28,GOLDTEN,2026-08-31,157350.0,159893.0,155365.0,156690.0,1505,2175
2026-08-28,GOLDTEN,2026-09-30,158400.0,160460.0,156488.0,156595.0,48699,25173
2026-08-28,GOLDTEN,2026-10-30,159519.0,161266.0,157500.0,157736.0,12539,8980
2026-08-28,GOLDTEN,2026-11-30,161208.0,162096.0,158351.0,158988.0,4546,5583
2026-08-28,GOLDTEN,2026-12-31,161590.0,163000.0,159423.0,159938.0,1939,3232
2026-08-28,GOLDTEN,2027-01-29,162557.0,164141.0,160603.0,161253.0,884,1477
2026-08-31,GOLDGUINEA,2026-08-31,124222.0,126250.0,123429.0,125861.0,27,239
2026-08-31,GOLDGUINEA,2026-09-30,125500.0,126451.0,122783.0,124342.0,14266,10919
2026-08-31,GOLDGUINEA,2026-10-30,126488.0,127526.0,123605.0,125187.0,4445,5157
2026-08-31,GOLDGUINEA,2026-11-30,127435.0,127666.0,125500.0,125883.0,1888,2858
2026-08-31,GOLDGUINEA,2026-12-31,127417.0,128789.0,126529.0,126993.0,798,1873
2026-08-31,GOLDGUINEA,2027-01-29,128487.0,129200.0,127891.0,128173.0,344,854
2026-08-31,GOLDM,2026-09-04,154990.0,155490.0,153550.0,154350.0,25258,12756
2026-08-31,GOLDM,2026-10-05,156101.0,156101.0,153806.0,154620.0,34290,25449
2026-08-31,GOLDM,2026-11-05,157200.0,157200.0,154543.0,155251.0,6135,6652
2026-08-31,GOLDM,2026-12-04,156586.0,157500.0,155296.0,155851.0,2920,6566
2026-08-31,GOLDM,2027-01-05,154612.0,157950.0,154612.0,156918.0,636,1622
2026-08-31,GOLDM,2027-02-05,158509.0,159002.0,157425.0,157985.0,379,976
2026-08-31,GOLDPETAL,2026-08-31,15560.0,15972.0,15470.0,15667.0,2390,13174
2026-08-31,GOLDPETAL,2026-09-30,15701.0,15701.0,15450.0,15535.0,299368,208901
2026-08-31,GOLDPETAL,2026-10-30,15802.0,15819.0,15570.0,15637.0,96089,91050
2026-08-31,GOLDPETAL,2026-11-30,15979.0,15979.0,15666.0,15716.0,47793,75863
2026-08-31,GOLDPETAL,2026-12-31,15962.0,16069.0,15800.0,15824.0,19924,30663
2026-08-31,GOLDPETAL,2027-01-29,16150.0,16150.0,15917.0,15962.0,9092,26649
2026-08-31,GOLDTEN,2026-08-31,160980.0,160980.0,152933.0,155688.0,904,1484
2026-08-31,GOLDTEN,2026-09-30,156224.0,156224.0,154000.0,154793.0,32872,25531
2026-08-31,GOLDTEN,2026-10-30,157001.0,157001.0,154937.0,155611.0,9927,9358
2026-08-31,GOLDTEN,2026-11-30,158251.0,158251.0,155886.0,156430.0,3807,6153
2026-08-31,GOLDTEN,2026-12-31,158932.0,158932.0,156895.0,157441.0,1931,3196
2026-08-31,GOLDTEN,2027-01-29,160001.0,160179.0,158217.0,158768.0,754,1634
2026-09-01,GOLDGUINEA,2026-09-30,124293.0,124714.0,121992.0,122216.0,17282,12060
2026-09-01,GOLDGUINEA,2026-10-30,125339.0,125599.0,123001.0,123266.0,4950,5445
2026-09-01,GOLDGUINEA,2026-11-30,125881.0,126294.0,123768.0,124064.0,2415,3047
2026-09-01,GOLDGUINEA,2026-12-31,126919.0,127386.0,125000.0,125186.0,775,1897
2026-09-01,GOLDGUINEA,2027-01-29,128434.0,128484.0,126126.0,126242.0,347,870
2026-09-01,GOLDGUINEA,2027-02-26,129065.0,129065.0,127004.0,127426.0,15,5
2026-09-01,GOLDM,2026-09-04,154102.0,154770.0,150500.0,151010.0,23383,8198
2026-09-01,GOLDM,2026-10-05,154688.0,155000.0,151600.0,151946.0,51243,30799
2026-09-01,GOLDM,2026-11-05,155351.0,155699.0,152506.0,152844.0,8293,7306
2026-09-01,GOLDM,2026-12-04,155966.0,156327.0,153222.0,153572.0,2685,6801
2026-09-01,GOLDM,2027-01-05,156784.0,157273.0,154236.0,154653.0,889,1686
2026-09-01,GOLDM,2027-02-05,157744.0,158249.0,155290.0,155717.0,502,1098
2026-09-01,GOLDPETAL,2026-09-30,15512.0,15585.0,15234.0,15274.0,348415,223398
2026-09-01,GOLDPETAL,2026-10-30,15630.0,15685.0,15360.0,15398.0,110665,93789
2026-09-01,GOLDPETAL,2026-11-30,15720.0,15765.0,15459.0,15492.0,53297,78598
2026-09-01,GOLDPETAL,2026-12-31,15870.0,15889.0,15586.0,15619.0,20055,32423
2026-09-01,GOLDPETAL,2027-01-29,15962.0,16016.0,15704.0,15739.0,13054,28794
2026-09-01,GOLDPETAL,2027-02-26,16101.0,16144.0,15800.0,15829.0,4130,1182
2026-09-01,GOLDTEN,2026-09-30,154998.0,155200.0,151850.0,152150.0,34499,26868
2026-09-01,GOLDTEN,2026-10-30,155571.0,155999.0,152800.0,153175.0,12312,10179
2026-09-01,GOLDTEN,2026-11-30,156293.0,156903.0,153685.0,154070.0,5417,7124
2026-09-01,GOLDTEN,2026-12-31,157441.0,157914.0,154679.0,155107.0,2125,3527
2026-09-01,GOLDTEN,2027-01-29,158487.0,159200.0,156000.0,156521.0,911,1782
2026-09-01,GOLDTEN,2027-02-26,159022.0,159756.0,157226.0,157804.0,103,40
2026-09-02,GOLDGUINEA,2026-09-30,121216.0,122998.0,120501.0,122650.0,20093,11612
2026-09-02,GOLDGUINEA,2026-10-30,122140.0,124019.0,121444.0,123728.0,6173,5374
2026-09-02,GOLDGUINEA,2026-11-30,122394.0,124938.0,121995.0,124601.0,3051,3179
2026-09-02,GOLDGUINEA,2026-12-31,123935.0,125899.0,123401.0,125737.0,845,1984
2026-09-02,GOLDGUINEA,2027-01-29,124797.0,127050.0,124600.0,126834.0,260,880
2026-09-02,GOLDGUINEA,2027-02-26,125711.0,127899.0,125711.0,127585.0,38,23
2026-09-02,GOLDM,2026-09-04,149501.0,152429.0,149201.0,151953.0,4394,6919
2026-09-02,GOLDM,2026-10-05,150522.0,152980.0,149900.0,152598.0,61746,32309
2026-09-02,GOLDM,2026-11-05,151800.0,153846.0,150650.0,153554.0,9131,7565
2026-09-02,GOLDM,2026-12-04,152624.0,154598.0,151403.0,154399.0,3302,6786
2026-09-02,GOLDM,2027-01-05,153000.0,155640.0,152252.0,155515.0,669,1767
2026-09-02,GOLDM,2027-02-05,154009.0,156805.0,153632.0,156687.0,468,1142
2026-09-02,GOLDPETAL,2026-09-30,15251.0,15370.0,15070.0,15329.0,346825,218467
2026-09-02,GOLDPETAL,2026-10-30,15378.0,15500.0,15186.0,15460.0,95025,93384
2026-09-02,GOLDPETAL,2026-11-30,15457.0,15591.0,15286.0,15562.0,54863,86373
2026-09-02,GOLDPETAL,2026-12-31,15600.0,15716.0,15411.0,15697.0,16898,34670
2026-09-02,GOLDPETAL,2027-01-29,15700.0,15839.0,15535.0,15810.0,9662,29307
2026-09-02,GOLDPETAL,2027-02-26,15687.0,15926.0,15627.0,15904.0,4258,2286
2026-09-02,GOLDTEN,2026-09-30,151501.0,153163.0,150100.0,152751.0,40145,26112
2026-09-02,GOLDTEN,2026-10-30,151580.0,154153.0,151000.0,153842.0,12531,10789
2026-09-02,GOLDTEN,2026-11-30,152304.0,155100.0,152000.0,154831.0,5733,7537
2026-09-02,GOLDTEN,2026-12-31,154198.0,156261.0,152989.0,155922.0,2198,3822
2026-09-02,GOLDTEN,2027-01-29,155779.0,157502.0,154318.0,157149.0,1024,1980
2026-09-02,GOLDTEN,2027-02-26,156411.0,158403.0,155408.0,157930.0,139,63
2026-09-03,GOLDGUINEA,2026-09-30,123501.0,125598.0,123336.0,125329.0,19129,10895
2026-09-03,GOLDGUINEA,2026-10-30,124523.0,126601.0,124404.0,126390.0,6282,5176
2026-09-03,GOLDGUINEA,2026-11-30,125433.0,127369.0,125271.0,127181.0,2550,3174
2026-09-03,GOLDGUINEA,2026-12-31,126593.0,128596.0,126454.0,128299.0,1088,1973
2026-09-03,GOLDGUINEA,2027-01-29,128103.0,129686.0,127431.0,129385.0,689,904
2026-09-03,GOLDGUINEA,2027-02-26,128607.0,130670.0,128607.0,130318.0,86,39
2026-09-03,GOLDM,2026-09-04,152776.0,155450.0,152776.0,155185.0,287,520
2026-09-03,GOLDM,2026-10-05,152850.0,156381.0,152850.0,155960.0,64375,31551
2026-09-03,GOLDM,2026-11-05,153962.0,157300.0,153962.0,156937.0,9739,7428
2026-09-03,GOLDM,2026-12-04,154764.0,158145.0,154764.0,157749.0,3344,6678
2026-09-03,GOLDM,2027-01-05,157015.0,159183.0,156419.0,158933.0,826,1714
2026-09-03,GOLDM,2027-02-05,158387.0,160266.0,157555.0,160151.0,428,1089
2026-09-03,GOLDPETAL,2026-09-30,15369.0,15694.0,15369.0,15664.0,390717,215189
2026-09-03,GOLDPETAL,2026-10-30,15503.0,15820.0,15503.0,15796.0,107449,95017
2026-09-03,GOLDPETAL,2026-11-30,15605.0,15915.0,15605.0,15894.0,52268,92631
2026-09-03,GOLDPETAL,2026-12-31,15745.0,16046.0,15721.0,16023.0,21260,36167
2026-09-03,GOLDPETAL,2027-01-29,15890.0,16171.0,15890.0,16154.0,12227,29745
2026-09-03,GOLDPETAL,2027-02-26,16067.0,16257.0,16000.0,16240.0,3083,2876
2026-09-03,GOLDTEN,2026-09-30,152999.0,156501.0,152999.0,156142.0,41115,24404
2026-09-03,GOLDTEN,2026-10-30,154201.0,157573.0,154201.0,157199.0,14079,10412
2026-09-03,GOLDTEN,2026-11-30,155783.0,158572.0,155783.0,158230.0,8195,6856
2026-09-03,GOLDTEN,2026-12-31,157045.0,159443.0,156676.0,159215.0,2936,3730
2026-09-03,GOLDTEN,2027-01-29,158499.0,160812.0,158200.0,160609.0,1566,1854
2026-09-03,GOLDTEN,2027-02-26,159231.0,161799.0,159231.0,161661.0,152,100
2026-09-04,GOLDGUINEA,2026-09-30,125498.0,125499.0,121763.0,122913.0,24374,11171
2026-09-04,GOLDGUINEA,2026-10-30,125500.0,126500.0,123020.0,123921.0,9411,5582
2026-09-04,GOLDGUINEA,2026-11-30,126805.0,127208.0,123880.0,124748.0,3594,3579
2026-09-04,GOLDGUINEA,2026-12-31,127700.0,128302.0,125087.0,126008.0,1267,2018
2026-09-04,GOLDGUINEA,2027-01-29,129599.0,129599.0,126170.0,127230.0,394,948
2026-09-04,GOLDGUINEA,2027-02-26,129679.0,130323.0,127417.0,128353.0,119,72
2026-09-04,GOLDM,2026-09-04,154336.0,155433.0,151000.0,151997.0,132,165
2026-09-04,GOLDM,2026-10-05,155266.0,155945.0,151519.0,152910.0,79220,31642
2026-09-04,GOLDM,2026-11-05,156103.0,156859.0,152477.0,153700.0,12758,8101
2026-09-04,GOLDM,2026-12-04,157001.0,157652.0,153232.0,154443.0,3968,6971
2026-09-04,GOLDM,2027-01-05,158142.0,158802.0,154507.0,155564.0,924,1846
2026-09-04,GOLDM,2027-02-05,159687.0,159750.0,155848.0,156656.0,581,1139
2026-09-04,GOLDPETAL,2026-09-30,15637.0,15660.0,15232.0,15357.0,458389,216160
2026-09-04,GOLDPETAL,2026-10-30,15752.0,15790.0,15364.0,15484.0,151126,98539
2026-09-04,GOLDPETAL,2026-11-30,15820.0,15879.0,15468.0,15577.0,73796,99387
2026-09-04,GOLDPETAL,2026-12-31,15939.0,16009.0,15611.0,15711.0,24585,36033
2026-09-04,GOLDPETAL,2027-01-29,16141.0,16141.0,15736.0,15856.0,13930,31250
2026-09-04,GOLDPETAL,2027-02-26,16262.0,16264.0,15857.0,15960.0,4020,2938
2026-09-04,GOLDTEN,2026-09-30,156150.0,156150.0,151621.0,153081.0,49956,24664
2026-09-04,GOLDTEN,2026-10-30,157189.0,157189.0,152832.0,154049.0,19739,11436
2026-09-04,GOLDTEN,2026-11-30,158399.0,158400.0,153879.0,155023.0,9591,7445
2026-09-04,GOLDTEN,2026-12-31,159399.0,159478.0,154915.0,156074.0,3082,3684
2026-09-04,GOLDTEN,2027-01-29,161144.0,161152.0,156375.0,157401.0,1165,2047
2026-09-04,GOLDTEN,2027-02-26,160849.0,161679.0,157766.0,158926.0,342,153
2026-09-07,GOLDGUINEA,2026-09-30,122923.0,123297.0,122160.0,122943.0,9420,11211
2026-09-07,GOLDGUINEA,2026-10-30,123853.0,124286.0,123206.0,123861.0,3470,5626
2026-09-07,GOLDGUINEA,2026-11-30,124501.0,125065.0,123951.0,124594.0,1377,3699
2026-09-07,GOLDGUINEA,2026-12-31,125301.0,126245.0,125300.0,125814.0,500,2074
2026-09-07,GOLDGUINEA,2027-01-29,127221.0,127354.0,126500.0,126956.0,133,980
2026-09-07,GOLDGUINEA,2027-02-26,127600.0,128349.0,127458.0,128090.0,29,82
2026-09-07,GOLDM,2026-10-05,152795.0,153436.0,152010.0,152960.0,32626,31423
2026-09-07,GOLDM,2026-11-05,153276.0,154251.0,152800.0,153720.0,4323,8175
2026-09-07,GOLDM,2026-12-04,154429.0,154998.0,153621.0,154426.0,1475,7058
2026-09-07,GOLDM,2027-01-05,155195.0,156089.0,154898.0,155576.0,358,1860
2026-09-07,GOLDM,2027-02-05,156399.0,157089.0,155844.0,156646.0,212,1171
2026-09-07,GOLDM,2027-03-05,157477.0,158008.0,157477.0,157743.0,2,1
2026-09-07,GOLDPETAL,2026-09-30,15357.0,15406.0,15263.0,15360.0,229958,221563
2026-09-07,GOLDPETAL,2026-10-30,15463.0,15534.0,15392.0,15482.0,71533,101226
2026-09-07,GOLDPETAL,2026-11-30,15554.0,15617.0,15488.0,15567.0,41398,106739
2026-09-07,GOLDPETAL,2026-12-31,15701.0,15750.0,15620.0,15697.0,9656,37069
2026-09-07,GOLDPETAL,2027-01-29,15845.0,15887.0,15759.0,15818.0,5144,31400
2026-09-07,GOLDPETAL,2027-02-26,15948.0,15990.0,15868.0,15926.0,2755,3257
2026-09-07,GOLDTEN,2026-09-30,153172.0,153595.0,152201.0,153149.0,24292,25019
2026-09-07,GOLDTEN,2026-10-30,153799.0,154500.0,153102.0,154049.0,7018,11445
2026-09-07,GOLDTEN,2026-11-30,154800.0,155449.0,154100.0,154952.0,3612,7735
2026-09-07,GOLDTEN,2026-12-31,155972.0,156550.0,155167.0,155993.0,1210,3605
2026-09-07,GOLDTEN,2027-01-29,157001.0,157816.0,156598.0,157257.0,370,2071
2026-09-07,GOLDTEN,2027-02-26,158586.0,158800.0,157757.0,158223.0,140,174
2026-09-08,GOLDGUINEA,2026-09-30,123500.0,123942.0,122500.0,122847.0,10752,11048
2026-09-08,GOLDGUINEA,2026-10-30,124286.0,124918.0,123551.0,123869.0,3935,6004
2026-09-08,GOLDGUINEA,2026-11-30,125486.0,125662.0,124400.0,124633.0,1621,3918
2026-09-08,GOLDGUINEA,2026-12-31,126199.0,126832.0,124626.0,125790.0,790,2129
2026-09-08,GOLDGUINEA,2027-01-29,127299.0,127899.0,126540.0,126958.0,326,1024
2026-09-08,GOLDGUINEA,2027-02-26,128299.0,128772.0,127908.0,128307.0,71,107
2026-09-08,GOLDM,2026-10-05,153333.0,154275.0,152550.0,152753.0,43079,31912
2026-09-08,GOLDM,2026-11-05,154227.0,155000.0,153434.0,153669.0,5317,8297
2026-09-08,GOLDM,2026-12-04,154984.0,155749.0,154250.0,154460.0,1592,7320
2026-09-08,GOLDM,2027-01-05,156165.0,156826.0,155365.0,155625.0,277,1890
2026-09-08,GOLDM,2027-02-05,157200.0,157891.0,156500.0,156805.0,122,1194
2026-09-08,GOLDM,2027-03-05,,,,157743.0,0,1
2026-09-08,GOLDPETAL,2026-09-30,15398.0,15490.0,15320.0,15348.0,255027,216261
2026-09-08,GOLDPETAL,2026-10-30,15529.0,15609.0,15454.0,15481.0,73594,103423
2026-09-08,GOLDPETAL,2026-11-30,15617.0,15695.0,15544.0,15570.0,35405,109688
2026-09-08,GOLDPETAL,2026-12-31,15743.0,15821.0,15684.0,15711.0,10536,38998
2026-09-08,GOLDPETAL,2027-01-29,15883.0,15948.0,15811.0,15846.0,5050,31909
2026-09-08,GOLDPETAL,2027-02-26,15976.0,16042.0,15920.0,15965.0,2185,3489
2026-09-08,GOLDTEN,2026-09-30,153555.0,154480.0,152647.0,152939.0,28537,25669
2026-09-08,GOLDTEN,2026-10-30,154449.0,155337.0,153735.0,154027.0,7263,11777
2026-09-08,GOLDTEN,2026-11-30,155621.0,156211.0,154757.0,155005.0,3631,7940
2026-09-08,GOLDTEN,2026-12-31,156777.0,157215.0,155800.0,156135.0,1173,3733
2026-09-08,GOLDTEN,2027-01-29,157827.0,158500.0,157093.0,157482.0,359,2115
2026-09-08,GOLDTEN,2027-02-26,158882.0,159599.0,158213.0,158611.0,149,224
2026-09-09,GOLDGUINEA,2026-09-30,122500.0,123964.0,122327.0,123612.0,13809,11093
2026-09-09,GOLDGUINEA,2026-10-30,123467.0,124900.0,123401.0,124536.0,5825,5759
2026-09-09,GOLDGUINEA,2026-11-30,124635.0,125607.0,124400.0,125239.0,1773,4033
2026-09-09,GOLDGUINEA,2026-12-31,125689.0,126700.0,125504.0,126387.0,534,2141
2026-09-09,GOLDGUINEA,2027-01-29,126803.0,127902.0,126803.0,127682.0,167,1067
2026-09-09,GOLDGUINEA,2027-02-26,127785.0,128999.0,127785.0,128781.0,42,123
2026-09-09,GOLDM,2026-10-05,152634.0,154389.0,152210.0,153916.0,51654,31257
2026-09-09,GOLDM,2026-11-05,153269.0,155110.0,153104.0,154667.0,7453,8317
2026-09-09,GOLDM,2026-12-04,154198.0,155800.0,153843.0,155436.0,2563,7380
2026-09-09,GOLDM,2027-01-05,155261.0,156859.0,155257.0,156538.0,348,1845
2026-09-09,GOLDM,2027-02-05,156378.0,158031.0,156378.0,157693.0,326,1171
2026-09-09,GOLDM,2027-03-05,158385.0,159006.0,158385.0,158796.0,6,6
2026-09-09,GOLDPETAL,2026-09-30,15389.0,15492.0,15300.0,15441.0,319359,219201
2026-09-09,GOLDPETAL,2026-10-30,15497.0,15608.0,15424.0,15565.0,90936,101276
2026-09-09,GOLDPETAL,2026-11-30,15561.0,15690.0,15520.0,15647.0,38507,113443
2026-09-09,GOLDPETAL,2026-12-31,15708.0,15820.0,15654.0,15774.0,15036,38392
2026-09-09,GOLDPETAL,2027-01-29,15820.0,15950.0,15774.0,15903.0,6975,31573
2026-09-09,GOLDPETAL,2027-02-26,15951.0,16250.0,15896.0,16025.0,2552,3812
2026-09-09,GOLDTEN,2026-09-30,152602.0,154500.0,152413.0,154058.0,28806,24717
2026-09-09,GOLDTEN,2026-10-30,154000.0,155438.0,153486.0,154953.0,9631,11319
2026-09-09,GOLDTEN,2026-11-30,154501.0,156284.0,154333.0,155906.0,5395,7608
2026-09-09,GOLDTEN,2026-12-31,155813.0,157252.0,155784.0,156793.0,1375,3699
2026-09-09,GOLDTEN,2027-01-29,157241.0,158550.0,157124.0,157980.0,472,2077
2026-09-09,GOLDTEN,2027-02-26,158102.0,159422.0,158102.0,158952.0,134,231
2026-09-10,GOLDGUINEA,2026-09-30,123501.0,124167.0,121748.0,122464.0,14398,10859
2026-09-10,GOLDGUINEA,2026-10-30,124380.0,125117.0,122760.0,123526.0,4727,5903
2026-09-10,GOLDGUINEA,2026-11-30,125251.0,125877.0,123750.0,124432.0,1983,4176
2026-09-10,GOLDGUINEA,2026-12-31,126555.0,127068.0,124922.0,125528.0,673,2232
2026-09-10,GOLDGUINEA,2027-01-29,127546.0,128318.0,126126.0,126923.0,237,1136
2026-09-10,GOLDGUINEA,2027-02-26,128700.0,129232.0,127357.0,127797.0,68,125
2026-09-10,GOLDM,2026-10-05,153889.0,154607.0,151500.0,152519.0,53293,31193
2026-09-10,GOLDM,2026-11-05,155161.0,155398.0,152420.0,153419.0,8056,8348
2026-09-10,GOLDM,2026-12-04,155436.0,156159.0,153183.0,154202.0,2366,7290
2026-09-10,GOLDM,2027-01-05,156438.0,157153.0,154300.0,155321.0,533,1882
2026-09-10,GOLDM,2027-02-05,157502.0,158245.0,155548.0,156646.0,188,1168
2026-09-10,GOLDM,2027-03-05,157409.0,157409.0,157409.0,157409.0,1,5
2026-09-10,GOLDPETAL,2026-09-30,15439.0,15514.0,15211.0,15313.0,320645,216045
2026-09-10,GOLDPETAL,2026-10-30,15543.0,15635.0,15351.0,15444.0,101046,106038
2026-09-10,GOLDPETAL,2026-11-30,15643.0,15715.0,15441.0,15531.0,41409,112903
2026-09-10,GOLDPETAL,2026-12-31,15776.0,15849.0,15580.0,15663.0,15586,38777
2026-09-10,GOLDPETAL,2027-01-29,15905.0,15977.0,15722.0,15799.0,7588,32432
2026-09-10,GOLDPETAL,2027-02-26,16022.0,16082.0,15843.0,15934.0,3151,3837
2026-09-10,GOLDTEN,2026-09-30,153579.0,154770.0,151666.0,152714.0,29957,24043
2026-09-10,GOLDTEN,2026-10-30,154892.0,155681.0,152705.0,153731.0,9766,11733
2026-09-10,GOLDTEN,2026-11-30,155670.0,156592.0,153751.0,154734.0,4866,8110
2026-09-10,GOLDTEN,2026-12-31,156458.0,157469.0,154795.0,155640.0,1745,3912
2026-09-10,GOLDTEN,2027-01-29,158181.0,158750.0,156184.0,157124.0,493,2135
2026-09-10,GOLDTEN,2027-02-26,159164.0,159947.0,157277.0,158293.0,191,249
2026-09-11,GOLDGUINEA,2026-09-30,121702.0,123599.0,121201.0,122879.0,18338,10532
2026-09-11,GOLDGUINEA,2026-10-30,122886.0,124612.0,122262.0,123931.0,6409,5949
2026-09-11,GOLDGUINEA,2026-11-30,123840.0,125348.0,123143.0,124591.0,2523,4263
2026-09-11,GOLDGUINEA,2026-12-31,125139.0,126456.0,124055.0,125752.0,1400,2125
2026-09-11,GOLDGUINEA,2027-01-29,126000.0,127681.0,125474.0,126870.0,498,1081
2026-09-11,GOLDGUINEA,2027-02-26,127011.0,128612.0,126700.0,127945.0,139,152
2026-09-11,GOLDM,2026-10-05,151500.0,154000.0,150744.0,152978.0,70563,30300
2026-09-11,GOLDM,2026-11-05,152058.0,154780.0,151704.0,153734.0,10769,8169
2026-09-11,GOLDM,2026-12-04,152701.0,155516.0,152473.0,154383.0,4534,7295
2026-09-11,GOLDM,2027-01-05,154492.0,156550.0,153640.0,155522.0,792,1847
2026-09-11,GOLDM,2027-02-05,156001.0,157700.0,154900.0,156797.0,259,1177
2026-09-11,GOLDM,2027-03-05,156859.0,157271.0,156859.0,157065.0,2,5
2026-09-11,GOLDPETAL,2026-09-30,15289.0,15445.0,14922.0,15353.0,386845,206246
2026-09-11,GOLDPETAL,2026-10-30,15376.0,15571.0,15289.0,15478.0,136626,104214
2026-09-11,GOLDPETAL,2026-11-30,15459.0,15648.0,15375.0,15564.0,55059,112500
2026-09-11,GOLDPETAL,2026-12-31,15581.0,15782.0,15520.0,15697.0,23955,39112
2026-09-11,GOLDPETAL,2027-01-29,15702.0,15908.0,15653.0,15789.0,13255,31808
2026-09-11,GOLDPETAL,2027-02-26,15824.0,16026.0,15740.0,15937.0,6405,3805
2026-09-11,GOLDTEN,2026-09-30,151720.0,154148.0,150500.0,153133.0,38642,23341
2026-09-11,GOLDTEN,2026-10-30,153001.0,155101.0,151849.0,154060.0,14981,11885
2026-09-11,GOLDTEN,2026-11-30,154236.0,155950.0,152506.0,154913.0,8443,8107
2026-09-11,GOLDTEN,2026-12-31,154503.0,156900.0,154151.0,155842.0,2498,4142
2026-09-11,GOLDTEN,2027-01-29,156111.0,158204.0,155593.0,157339.0,689,2119
2026-09-11,GOLDTEN,2027-02-26,156750.0,159295.0,156703.0,158405.0,210,269
2026-09-14,GOLDGUINEA,2026-09-30,121411.0,122199.0,120600.0,121569.0,8367,10890
2026-09-14,GOLDGUINEA,2026-10-30,122301.0,123034.0,121701.0,122584.0,3171,6305
2026-09-14,GOLDGUINEA,2026-11-30,124500.0,124500.0,122400.0,123379.0,1525,4441
2026-09-14,GOLDGUINEA,2026-12-31,124499.0,124859.0,123626.0,124694.0,707,2205
2026-09-14,GOLDGUINEA,2027-01-29,125602.0,125989.0,124900.0,125682.0,217,1105
2026-09-14,GOLDGUINEA,2027-02-26,127000.0,127100.0,125506.0,126675.0,102,176
2026-09-14,GOLDM,2026-10-05,152811.0,152812.0,150005.0,151385.0,28820,31485
2026-09-14,GOLDM,2026-11-05,153062.0,153150.0,150811.0,152191.0,5630,8751
2026-09-14,GOLDM,2026-12-04,153457.0,153457.0,151445.0,152861.0,3029,7576
2026-09-14,GOLDM,2027-01-05,154162.0,154226.0,152647.0,153945.0,536,1939
2026-09-14,GOLDM,2027-02-05,155000.0,155282.0,153947.0,155063.0,223,1227
2026-09-14,GOLDM,2027-03-05,156657.0,156657.0,155291.0,155882.0,5,8
2026-09-14,GOLDPETAL,2026-09-30,15355.0,15355.0,14902.0,15191.0,166065,206359
2026-09-14,GOLDPETAL,2026-10-30,15361.0,15361.0,15104.0,15320.0,62217,109975
2026-09-14,GOLDPETAL,2026-11-30,15422.0,15486.0,15286.0,15403.0,27998,112483
2026-09-14,GOLDPETAL,2026-12-31,15600.0,15600.0,15427.0,15535.0,12167,39724
2026-09-14,GOLDPETAL,2027-01-29,15647.0,15726.0,15569.0,15663.0,5192,32107
2026-09-14,GOLDPETAL,2027-02-26,15800.0,15861.0,15700.0,15805.0,2879,3999
2026-09-14,GOLDTEN,2026-09-30,152402.0,152402.0,150110.0,151568.0,18540,23926
2026-09-14,GOLDTEN,2026-10-30,152723.0,152820.0,151212.0,152556.0,7653,12538
2026-09-14,GOLDTEN,2026-11-30,152886.0,153583.0,151999.0,153331.0,3697,8702
2026-09-14,GOLDTEN,2026-12-31,153370.0,154810.0,153152.0,154351.0,1121,4205
2026-09-14,GOLDTEN,2027-01-29,156105.0,156105.0,154627.0,155714.0,645,2268
2026-09-14,GOLDTEN,2027-02-26,157429.0,157659.0,155800.0,156789.0,277,342
2026-09-15,GOLDGUINEA,2026-09-30,121420.0,121877.0,120711.0,121195.0,9247,10948
2026-09-15,GOLDGUINEA,2026-10-30,122702.0,122950.0,121808.0,122255.0,3247,6411
2026-09-15,GOLDGUINEA,2026-11-30,123389.0,123644.0,122559.0,122980.0,1578,4628
2026-09-15,GOLDGUINEA,2026-12-31,124794.0,124880.0,123842.0,124123.0,500,2266
2026-09-15,GOLDGUINEA,2027-01-29,125993.0,125998.0,124813.0,125322.0,312,1078
2026-09-15,GOLDGUINEA,2027-02-26,126999.0,127469.0,126125.0,126476.0,111,184
2026-09-15,GOLDM,2026-10-05,151544.0,151773.0,150213.0,150956.0,34463,31301
2026-09-15,GOLDM,2026-11-05,152497.0,152571.0,151100.0,151714.0,6149,8991
2026-09-15,GOLDM,2026-12-04,152695.0,153327.0,151758.0,152377.0,2195,7760
2026-09-15,GOLDM,2027-01-05,153965.0,154280.0,152925.0,153483.0,414,1960
2026-09-15,GOLDM,2027-02-05,155282.0,155484.0,154165.0,154610.0,105,1232
2026-09-15,GOLDM,2027-03-05,156331.0,156331.0,155144.0,155589.0,5,10
2026-09-15,GOLDPETAL,2026-09-30,15219.0,15230.0,15081.0,15147.0,223809,207296
2026-09-15,GOLDPETAL,2026-10-30,15341.0,15362.0,15218.0,15276.0,77392,113360
2026-09-15,GOLDPETAL,2026-11-30,15442.0,15444.0,15306.0,15357.0,32198,114710
2026-09-15,GOLDPETAL,2026-12-31,15552.0,15575.0,15437.0,15491.0,11271,39306
2026-09-15,GOLDPETAL,2027-01-29,15687.0,15703.0,15575.0,15630.0,4790,32196
2026-09-15,GOLDPETAL,2027-02-26,15805.0,15831.0,15699.0,15756.0,2780,4076
2026-09-15,GOLDTEN,2026-09-30,151932.0,151932.0,150411.0,151119.0,20063,23977
2026-09-15,GOLDTEN,2026-10-30,152600.0,152923.0,151436.0,152135.0,7897,12785
2026-09-15,GOLDTEN,2026-11-30,153500.0,153809.0,152236.0,152863.0,3392,8828
2026-09-15,GOLDTEN,2026-12-31,154659.0,154700.0,153330.0,153993.0,983,4265
2026-09-15,GOLDTEN,2027-01-29,156000.0,156000.0,154645.0,155485.0,557,2275
2026-09-15,GOLDTEN,2027-02-26,157137.0,157138.0,156000.0,156543.0,182,351
2026-09-16,GOLDGUINEA,2026-09-30,121980.0,122963.0,121644.0,122524.0,9927,10349
2026-09-16,GOLDGUINEA,2026-10-30,123123.0,123855.0,122700.0,123461.0,3674,6147
2026-09-16,GOLDGUINEA,2026-11-30,123928.0,124500.0,123437.0,124174.0,1465,4478
2026-09-16,GOLDGUINEA,2026-12-31,124200.0,125658.0,124200.0,125290.0,585,2106
2026-09-16,GOLDGUINEA,2027-01-29,125681.0,126660.0,125681.0,126355.0,167,1070
2026-09-16,GOLDGUINEA,2027-02-26,127000.0,127500.0,126660.0,127296.0,61,186
2026-09-16,GOLDM,2026-10-05,151560.0,153133.0,151560.0,152632.0,36356,29371
2026-09-16,GOLDM,2026-11-05,152152.0,153799.0,152152.0,153443.0,5900,8726
2026-09-16,GOLDM,2026-12-04,152969.0,154613.0,152969.0,154220.0,2983,7271
2026-09-16,GOLDM,2027-01-05,154353.0,155757.0,154110.0,155349.0,430,1877
2026-09-16,GOLDM,2027-02-05,155470.0,156871.0,155305.0,156559.0,412,1173
2026-09-16,GOLDM,2027-03-05,156414.0,157300.0,156414.0,156840.0,8,15
2026-09-16,GOLDPETAL,2026-09-30,15204.0,15435.0,15204.0,15299.0,199729,204341
2026-09-16,GOLDPETAL,2026-10-30,15349.0,15476.0,15333.0,15431.0,70741,110953
2026-09-16,GOLDPETAL,2026-11-30,15448.0,15543.0,15402.0,15505.0,34549,115690
2026-09-16,GOLDPETAL,2026-12-31,15500.0,15675.0,15500.0,15629.0,10837,38782
2026-09-16,GOLDPETAL,2027-01-29,15685.0,15798.0,15684.0,15762.0,4921,32311
2026-09-16,GOLDPETAL,2027-02-26,15854.0,15917.0,15731.0,15869.0,3051,4353
2026-09-16,GOLDTEN,2026-09-30,151249.0,153180.0,151249.0,152756.0,20336,21921
2026-09-16,GOLDTEN,2026-10-30,152382.0,154240.0,152382.0,153773.0,8194,12178
2026-09-16,GOLDTEN,2026-11-30,152899.0,154999.0,152899.0,154642.0,4250,8077
2026-09-16,GOLDTEN,2026-12-31,154106.0,156000.0,154106.0,155496.0,1310,4336
2026-09-16,GOLDTEN,2027-01-29,156342.0,157433.0,155966.0,156986.0,844,2150
2026-09-16,GOLDTEN,2027-02-26,157591.0,158208.0,157100.0,157926.0,173,338
2026-09-17,GOLDGUINEA,2026-09-30,121212.0,123320.0,120400.0,122959.0,11413,10218
2026-09-17,GOLDGUINEA,2026-10-30,122332.0,124240.0,121800.0,123974.0,5430,6518
2026-09-17,GOLDGUINEA,2026-11-30,123243.0,124835.0,122769.0,124668.0,2366,4621
2026-09-17,GOLDGUINEA,2026-12-31,124556.0,126017.0,123849.0,125870.0,536,2106
2026-09-17,GOLDGUINEA,2027-01-29,124989.0,127111.0,124989.0,126846.0,177,1083
2026-09-17,GOLDGUINEA,2027-02-26,125779.0,128200.0,125779.0,127930.0,62,199
2026-09-17,GOLDM,2026-10-05,150868.0,153590.0,150443.0,153114.0,50917,31052
2026-09-17,GOLDM,2026-11-05,152100.0,154350.0,151257.0,153898.0,10097,9500
2026-09-17,GOLDM,2026-12-04,152747.0,155000.0,152110.0,154658.0,4674,8006
2026-09-17,GOLDM,2027-01-05,153757.0,156081.0,153450.0,155714.0,689,1973
2026-09-17,GOLDM,2027-02-05,154889.0,157340.0,154750.0,156918.0,321,1203
2026-09-17,GOLDM,2027-03-05,156210.0,158300.0,155840.0,157993.0,25,18
2026-09-17,GOLDPETAL,2026-09-30,15299.0,15393.0,15100.0,15360.0,261967,194763
2026-09-17,GOLDPETAL,2026-10-30,15355.0,15520.0,15237.0,15482.0,96695,112654
2026-09-17,GOLDPETAL,2026-11-30,15462.0,15597.0,15340.0,15566.0,58364,119328
2026-09-17,GOLDPETAL,2026-12-31,15495.0,15734.0,15457.0,15696.0,17790,39435
2026-09-17,GOLDPETAL,2027-01-29,15611.0,15869.0,15508.0,15826.0,6747,32317
2026-09-17,GOLDPETAL,2027-02-26,15750.0,15989.0,15699.0,15958.0,3649,5058
2026-09-17,GOLDTEN,2026-09-30,151750.0,153749.0,150555.0,153318.0,28203,22072
2026-09-17,GOLDTEN,2026-10-30,153221.0,154711.0,151570.0,154246.0,12803,12693
2026-09-17,GOLDTEN,2026-11-30,152880.0,155415.0,152190.0,155020.0,6394,8742
2026-09-17,GOLDTEN,2026-12-31,154877.0,156355.0,153131.0,156054.0,1758,4346
2026-09-17,GOLDTEN,2027-01-29,155512.0,157835.0,155424.0,157427.0,803,2176
2026-09-17,GOLDTEN,2027-02-26,156500.0,158874.0,156342.0,158514.0,253,385
2026-09-18,GOLDGUINEA,2026-09-30,122625.0,124150.0,122321.0,123861.0,10595,9737
2026-09-18,GOLDGUINEA,2026-10-30,123282.0,125189.0,123282.0,124977.0,6078,6568
2026-09-18,GOLDGUINEA,2026-11-30,124737.0,125800.0,124161.0,125712.0,2928,4735
2026-09-18,GOLDGUINEA,2026-12-31,125500.0,127049.0,125500.0,126877.0,758,2111
2026-09-18,GOLDGUINEA,2027-01-29,126439.0,128077.0,126439.0,127973.0,291,1052
2026-09-18,GOLDGUINEA,2027-02-26,128066.0,129177.0,127888.0,128866.0,87,196
2026-09-18,GOLDM,2026-10-05,152434.0,154696.0,152304.0,154467.0,52608,31588
2026-09-18,GOLDM,2026-11-05,154100.0,155596.0,153204.0,155397.0,12020,10326
2026-09-18,GOLDM,2026-12-04,154351.0,156300.0,153855.0,156159.0,6064,8161
2026-09-18,GOLDM,2027-01-05,155077.0,157440.0,155075.0,157254.0,681,1987
2026-09-18,GOLDM,2027-02-05,156323.0,158680.0,156323.0,158574.0,372,1233
2026-09-18,GOLDM,2027-03-05,158100.0,159600.0,158100.0,159136.0,20,28
2026-09-18,GOLDPETAL,2026-09-30,15360.0,15514.0,15273.0,15480.0,258446,184129
2026-09-18,GOLDPETAL,2026-10-30,15483.0,15637.0,15400.0,15612.0,113376,116731
2026-09-18,GOLDPETAL,2026-11-30,15560.0,15716.0,15493.0,15695.0,65996,124025
2026-09-18,GOLDPETAL,2026-12-31,15649.0,15850.0,15632.0,15826.0,19239,40237
2026-09-18,GOLDPETAL,2027-01-29,15801.0,15989.0,15775.0,15962.0,9227,32291
2026-09-18,GOLDPETAL,2027-02-26,15935.0,16098.0,15900.0,16072.0,4381,5207
2026-09-18,GOLDTEN,2026-09-30,152960.0,154974.0,152460.0,154617.0,28177,20605
2026-09-18,GOLDTEN,2026-10-30,154000.0,155931.0,153568.0,155731.0,16584,14953
2026-09-18,GOLDTEN,2026-11-30,154453.0,156651.0,154327.0,156501.0,6923,8946
2026-09-18,GOLDTEN,2026-12-31,155591.0,157744.0,155333.0,157571.0,1682,4434
2026-09-18,GOLDTEN,2027-01-29,157001.0,159155.0,156620.0,159039.0,1008,2139
2026-09-18,GOLDTEN,2027-02-26,158316.0,160202.0,158316.0,159997.0,333,405
2026-09-21,GOLDGUINEA,2026-09-30,123389.0,123828.0,122880.0,123071.0,7565,9694
2026-09-21,GOLDGUINEA,2026-10-30,124468.0,124880.0,124039.0,124258.0,5091,7369
2026-09-21,GOLDGUINEA,2026-11-30,125200.0,125660.0,124805.0,125155.0,2132,4917
2026-09-21,GOLDGUINEA,2026-12-31,126308.0,126935.0,126140.0,126441.0,547,2195
2026-09-21,GOLDGUINEA,2027-01-29,127215.0,128176.0,127215.0,127647.0,281,1103
2026-09-21,GOLDGUINEA,2027-02-26,128890.0,129111.0,128387.0,128750.0,44,205
2026-09-21,GOLDM,2026-10-05,153355.0,154233.0,152767.0,153176.0,45475,37638
2026-09-21,GOLDM,2026-11-05,154105.0,155178.0,154001.0,154238.0,9751,12395
2026-09-21,GOLDM,2026-12-04,155574.0,155999.0,154760.0,155128.0,4398,9069
2026-09-21,GOLDM,2027-01-05,156699.0,157186.0,156038.0,156432.0,574,2192
2026-09-21,GOLDM,2027-02-05,157811.0,158543.0,157338.0,157707.0,332,1315
2026-09-21,GOLDM,2027-03-05,159113.0,159500.0,158619.0,158894.0,19,39
2026-09-21,GOLDPETAL,2026-09-30,15426.0,15466.0,15350.0,15373.0,202166,173815
2026-09-21,GOLDPETAL,2026-10-30,15572.0,15603.0,15490.0,15516.0,95888,124922
2026-09-21,GOLDPETAL,2026-11-30,15649.0,15693.0,15590.0,15621.0,42513,118695
2026-09-21,GOLDPETAL,2026-12-31,15759.0,15829.0,15730.0,15765.0,11079,41363
2026-09-21,GOLDPETAL,2027-01-29,15912.0,15970.0,15876.0,15906.0,6081,33268
2026-09-21,GOLDPETAL,2027-02-26,16018.0,16099.0,16000.0,16042.0,2801,5200
2026-09-21,GOLDTEN,2026-09-30,153789.0,154409.0,153156.0,153420.0,22460,20914
2026-09-21,GOLDTEN,2026-10-30,155000.0,155497.0,154300.0,154555.0,13909,17264
2026-09-21,GOLDTEN,2026-11-30,155824.0,156336.0,155186.0,155570.0,4853,9826
2026-09-21,GOLDTEN,2026-12-31,156933.0,157537.0,156421.0,156842.0,1324,4514
2026-09-21,GOLDTEN,2027-01-29,158206.0,158950.0,157951.0,158348.0,684,2297
2026-09-21,GOLDTEN,2027-02-26,159597.0,160000.0,159000.0,159458.0,331,401
2026-09-22,GOLDGUINEA,2026-09-30,123392.0,123471.0,121950.0,122616.0,8681,9312
2026-09-22,GOLDGUINEA,2026-10-30,124172.0,124482.0,123075.0,123762.0,6787,8294
2026-09-22,GOLDGUINEA,2026-11-30,125235.0,125286.0,124119.0,124898.0,2454,5323
2026-09-22,GOLDGUINEA,2026-12-31,126567.0,126636.0,125501.0,126212.0,808,2359
2026-09-22,GOLDGUINEA,2027-01-29,127647.0,127721.0,126814.0,127353.0,256,1158
2026-09-22,GOLDGUINEA,2027-02-26,128750.0,128750.0,127802.0,128532.0,82,232
2026-09-22,GOLDM,2026-10-05,153101.0,153490.0,151575.0,152697.0,46209,37554
2026-09-22,GOLDM,2026-11-05,154240.0,154576.0,152781.0,153870.0,12161,13661
2026-09-22,GOLDM,2026-12-04,155339.0,155410.0,153801.0,154889.0,3854,9349
2026-09-22,GOLDM,2027-01-05,156607.0,156646.0,155029.0,156112.0,891,2365
2026-09-22,GOLDM,2027-02-05,157700.0,157889.0,156485.0,157428.0,278,1369
2026-09-22,GOLDM,2027-03-05,158810.0,158895.0,157800.0,158159.0,18,44
2026-09-22,GOLDPETAL,2026-09-30,15361.0,15400.0,15228.0,15314.0,199719,159751
2026-09-22,GOLDPETAL,2026-10-30,15503.0,15549.0,15375.0,15466.0,126094,141458
2026-09-22,GOLDPETAL,2026-11-30,15635.0,15654.0,15494.0,15581.0,40997,119616
2026-09-22,GOLDPETAL,2026-12-31,15770.0,15790.0,15645.0,15721.0,13686,42719
2026-09-22,GOLDPETAL,2027-01-29,15912.0,15930.0,15794.0,15875.0,6583,34476
2026-09-22,GOLDPETAL,2027-02-26,16007.0,16064.0,15930.0,16006.0,2082,5222
2026-09-22,GOLDTEN,2026-09-30,153585.0,153765.0,151904.0,152967.0,23524,19764
2026-09-22,GOLDTEN,2026-10-30,154735.0,154889.0,153061.0,154183.0,15712,17162
2026-09-22,GOLDTEN,2026-11-30,155499.0,155848.0,154241.0,155256.0,4484,10290
2026-09-22,GOLDTEN,2026-12-31,156996.0,157125.0,155552.0,156485.0,1777,4816
2026-09-22,GOLDTEN,2027-01-29,158531.0,158610.0,157199.0,158041.0,502,2406
2026-09-22,GOLDTEN,2027-02-26,159711.0,159712.0,158335.0,159167.0,209,438
2026-09-23,GOLDGUINEA,2026-09-30,122578.0,122890.0,121603.0,121720.0,6598,9095
2026-09-23,GOLDGUINEA,2026-10-30,123551.0,123999.0,122622.0,122720.0,7611,9479
2026-09-23,GOLDGUINEA,2026-11-30,124799.0,125073.0,123200.0,123760.0,2708,5800
2026-09-23,GOLDGUINEA,2026-12-31,126036.0,126462.0,125001.0,125129.0,1063,2567
2026-09-23,GOLDGUINEA,2027-01-29,127373.0,127591.0,126500.0,126544.0,317,1315
2026-09-23,GOLDGUINEA,2027-02-26,128267.0,128688.0,127487.0,127968.0,69,243
2026-09-23,GOLDM,2026-10-05,152527.0,152967.0,151100.0,151292.0,32597,37440
2026-09-23,GOLDM,2026-11-05,153912.0,154103.0,152321.0,152502.0,11408,16374
2026-09-23,GOLDM,2026-12-04,155076.0,155076.0,153300.0,153580.0,3272,9446
2026-09-23,GOLDM,2027-01-05,155961.0,156269.0,154601.0,154926.0,974,2582
2026-09-23,GOLDM,2027-02-05,157566.0,157671.0,156100.0,156367.0,276,1473
2026-09-23,GOLDM,2027-03-05,158950.0,158950.0,157600.0,158148.0,8,46
2026-09-23,GOLDPETAL,2026-09-30,15299.0,15351.0,15190.0,15200.0,141684,148065
2026-09-23,GOLDPETAL,2026-10-30,15451.0,15495.0,15330.0,15343.0,107673,143863
2026-09-23,GOLDPETAL,2026-11-30,15570.0,15609.0,15457.0,15468.0,49402,121900
2026-09-23,GOLDPETAL,2026-12-31,15715.0,15755.0,15606.0,15623.0,15719,44258
2026-09-23,GOLDPETAL,2027-01-29,15868.0,15914.0,15761.0,15772.0,5806,36363
2026-09-23,GOLDPETAL,2027-02-26,15994.0,16044.0,15903.0,15911.0,2709,5814
2026-09-23,GOLDTEN,2026-09-30,152465.0,153249.0,151482.0,151684.0,15099,19387
2026-09-23,GOLDTEN,2026-10-30,154141.0,154396.0,152669.0,152895.0,13879,19755
2026-09-23,GOLDTEN,2026-11-30,155134.0,155511.0,153700.0,153930.0,5007,11079
2026-09-23,GOLDTEN,2026-12-31,156434.0,156700.0,155138.0,155399.0,1706,5083
2026-09-23,GOLDTEN,2027-01-29,158050.0,158285.0,156700.0,157083.0,549,2541
2026-09-23,GOLDTEN,2027-02-26,159213.0,159399.0,158001.0,158325.0,205,465
2026-09-24,GOLDGUINEA,2026-09-30,121447.0,121867.0,120765.0,121094.0,7073,7692
2026-09-24,GOLDGUINEA,2026-10-30,122451.0,123272.0,121745.0,122188.0,9727,10848
2026-09-24,GOLDGUINEA,2026-11-30,123786.0,124070.0,123000.0,123399.0,2665,5580
2026-09-24,GOLDGUINEA,2026-12-31,125085.0,125293.0,124300.0,124662.0,996,2627
2026-09-24,GOLDGUINEA,2027-01-29,126401.0,126584.0,124979.0,125971.0,659,1325
2026-09-24,GOLDGUINEA,2027-02-26,127800.0,127949.0,126763.0,127217.0,233,306
2026-09-24,GOLDM,2026-10-05,151190.0,151481.0,150100.0,150617.0,37021,32243
2026-09-24,GOLDM,2026-11-05,152501.0,152557.0,151378.0,151885.0,13221,18656
2026-09-24,GOLDM,2026-12-04,153699.0,153699.0,152433.0,152994.0,4771,9601
2026-09-24,GOLDM,2027-01-05,155000.0,155000.0,153575.0,154239.0,1288,2902
2026-09-24,GOLDM,2027-02-05,156377.0,156377.0,154975.0,155628.0,438,1551
2026-09-24,GOLDM,2027-03-05,157435.0,157435.0,156499.0,156601.0,31,50
2026-09-24,GOLDPETAL,2026-09-30,15182.0,15209.0,15087.0,15126.0,169541,127054
2026-09-24,GOLDPETAL,2026-10-30,15326.0,15358.0,15233.0,15275.0,109146,150702
2026-09-24,GOLDPETAL,2026-11-30,15451.0,15485.0,15369.0,15412.0,47590,122009
2026-09-24,GOLDPETAL,2026-12-31,15600.0,15627.0,15518.0,15561.0,16405,46466
2026-09-24,GOLDPETAL,2027-01-29,15764.0,15776.0,15665.0,15713.0,6811,36519
2026-09-24,GOLDPETAL,2027-02-26,15908.0,15922.0,15820.0,15851.0,4689,7584
2026-09-24,GOLDTEN,2026-09-30,151302.0,151697.0,150475.0,150973.0,16226,15921
2026-09-24,GOLDTEN,2026-10-30,152769.0,152934.0,151703.0,152152.0,18146,22065
2026-09-24,GOLDTEN,2026-11-30,153947.0,154080.0,152915.0,153442.0,5488,11825
2026-09-24,GOLDTEN,2026-12-31,154827.0,155400.0,154180.0,154773.0,1813,5386
2026-09-24,GOLDTEN,2027-01-29,156999.0,157036.0,155698.0,156302.0,664,2642
2026-09-24,GOLDTEN,2027-02-26,157908.0,158300.0,157056.0,157682.0,169,492
2026-09-25,GOLDGUINEA,2026-09-30,121260.0,121949.0,120843.0,121139.0,12025,3164
2026-09-25,GOLDGUINEA,2026-10-30,122454.0,123176.0,122014.0,122383.0,14538,13175
2026-09-25,GOLDGUINEA,2026-11-30,123445.0,124307.0,123196.0,123584.0,3528,6091
2026-09-25,GOLDGUINEA,2026-12-31,124739.0,125589.0,124430.0,124972.0,964,2840
2026-09-25,GOLDGUINEA,2027-01-29,126317.0,127300.0,125900.0,126382.0,431,1425
2026-09-25,GOLDGUINEA,2027-02-26,127145.0,128100.0,127053.0,127364.0,69,307
2026-09-25,GOLDM,2026-10-05,151005.0,151940.0,150405.0,150893.0,48406,29109
2026-09-25,GOLDM,2026-11-05,152477.0,153200.0,151642.0,152262.0,18560,22454
2026-09-25,GOLDM,2026-12-04,153300.0,154499.0,152770.0,153358.0,7344,9575
2026-09-25,GOLDM,2027-01-05,154495.0,155606.0,153990.0,154576.0,1225,3025
2026-09-25,GOLDM,2027-02-05,156085.0,156983.0,155320.0,156019.0,248,1543
2026-09-25,GOLDM,2027-03-05,157142.0,158186.0,156865.0,157394.0,47,72
2026-09-25,GOLDPETAL,2026-09-30,15134.0,15246.0,15102.0,15142.0,253660,41072
2026-09-25,GOLDPETAL,2026-10-30,15324.0,15399.0,15252.0,15302.0,247006,182926
2026-09-25,GOLDPETAL,2026-11-30,15489.0,15537.0,15391.0,15443.0,83161,124476
2026-09-25,GOLDPETAL,2026-12-31,15602.0,15680.0,15540.0,15598.0,19677,48634
2026-09-25,GOLDPETAL,2027-01-29,15769.0,15829.0,15687.0,15752.0,7941,37155
2026-09-25,GOLDPETAL,2027-02-26,15888.0,15969.0,15838.0,15895.0,4188,8214
2026-09-25,GOLDTEN,2026-09-30,151049.0,152249.0,150700.0,151271.0,22111,6451
2026-09-25,GOLDTEN,2026-10-30,152699.0,153550.0,151975.0,152600.0,25166,25189
2026-09-25,GOLDTEN,2026-11-30,153815.0,154875.0,153221.0,153787.0,8110,12662
2026-09-25,GOLDTEN,2026-12-31,155156.0,156041.0,154550.0,155031.0,1850,5522
2026-09-25,GOLDTEN,2027-01-29,156488.0,157442.0,155901.0,156461.0,1060,2706
2026-09-25,GOLDTEN,2027-02-26,157846.0,158638.0,157400.0,157749.0,236,554
2026-09-28,GOLDGUINEA,2026-09-30,119789.0,119789.0,117500.0,118070.0,3937,1428
2026-09-28,GOLDGUINEA,2026-10-30,121900.0,121900.0,118518.0,119226.0,18457,14343
2026-09-28,GOLDGUINEA,2026-11-30,122940.0,122940.0,119500.0,120159.0,6571,7384
2026-09-28,GOLDGUINEA,2026-12-31,124147.0,124147.0,120515.0,121196.0,2494,3192
2026-09-28,GOLDGUINEA,2027-01-29,124378.0,124687.0,121654.0,122072.0,1861,1759
2026-09-28,GOLDGUINEA,2027-02-26,126421.0,126421.0,122702.0,123041.0,741,382
2026-09-28,GOLDM,2026-10-05,150000.0,150000.0,145920.0,146840.0,39709,22642
2026-09-28,GOLDM,2026-11-05,151700.0,151700.0,147162.0,148069.0,37222,30937
2026-09-28,GOLDM,2026-12-04,152724.0,152724.0,148179.0,149010.0,11686,12205
2026-09-28,GOLDM,2027-01-05,152500.0,152500.0,149412.0,150132.0,1748,3472
2026-09-28,GOLDM,2027-02-05,153553.0,153562.0,150772.0,151496.0,955,1672
2026-09-28,GOLDM,2027-03-05,154301.0,154960.0,152208.0,152732.0,212,133
2026-09-28,GOLDPETAL,2026-09-30,15132.0,15132.0,14672.0,14829.0,64476,6376
2026-09-28,GOLDPETAL,2026-10-30,15231.0,15277.0,14819.0,14905.0,355614,208412
2026-09-28,GOLDPETAL,2026-11-30,15416.0,15416.0,14917.0,15010.0,132350,151926
2026-09-28,GOLDPETAL,2026-12-31,15596.0,15596.0,15062.0,15143.0,54343,51483
2026-09-28,GOLDPETAL,2027-01-29,15707.0,15712.0,15200.0,15279.0,28490,38091
2026-09-28,GOLDPETAL,2027-02-26,15842.0,15842.0,15352.0,15418.0,12984,10457
2026-09-28,GOLDTEN,2026-09-30,150101.0,150101.0,145675.0,147109.0,9469,2997
2026-09-28,GOLDTEN,2026-10-30,152251.0,152251.0,146514.0,148471.0,41253,31640
2026-09-28,GOLDTEN,2026-11-30,152332.0,152332.0,148609.0,149498.0,13441,15656
2026-09-28,GOLDTEN,2026-12-31,153000.0,153041.0,149895.0,150703.0,5027,6802
2026-09-28,GOLDTEN,2027-01-29,155001.0,155001.0,151300.0,152041.0,2255,2930
2026-09-28,GOLDTEN,2027-02-26,155517.0,155736.0,152602.0,153268.0,1070,802
2026-09-29,GOLDGUINEA,2026-09-30,118153.0,119010.0,117710.0,118635.0,244,1259
2026-09-29,GOLDGUINEA,2026-10-30,119106.0,119950.0,118427.0,119159.0,10392,14287
2026-09-29,GOLDGUINEA,2026-11-30,119827.0,121058.0,119481.0,120247.0,3471,7355
2026-09-29,GOLDGUINEA,2026-12-31,121200.0,122081.0,120522.0,121217.0,1461,3255
2026-09-29,GOLDGUINEA,2027-01-29,121716.0,123000.0,121513.0,122173.0,437,1767
2026-09-29,GOLDGUINEA,2027-02-26,123042.0,123850.0,122652.0,123117.0,315,443
2026-09-29,GOLDM,2026-10-05,146894.0,147500.0,145667.0,146291.0,30511,12198
2026-09-29,GOLDM,2026-11-05,148863.0,149030.0,147116.0,147919.0,39236,38909
2026-09-29,GOLDM,2026-12-04,149799.0,150299.0,148244.0,148962.0,12477,12653
2026-09-29,GOLDM,2027-01-05,152121.0,152121.0,149484.0,150257.0,1284,3341
2026-09-29,GOLDM,2027-02-05,151801.0,152803.0,150772.0,151559.0,474,1732
2026-09-29,GOLDM,2027-03-05,152733.0,154023.0,152200.0,153078.0,105,142
2026-09-29,GOLDPETAL,2026-09-30,14829.0,15200.0,14700.0,14835.0,2748,6094
2026-09-29,GOLDPETAL,2026-10-30,14905.0,14998.0,14807.0,14891.0,228753,205153
2026-09-29,GOLDPETAL,2026-11-30,14960.0,15124.0,14929.0,15014.0,72121,148487
2026-09-29,GOLDPETAL,2026-12-31,15131.0,15265.0,15061.0,15149.0,22405,50509
2026-09-29,GOLDPETAL,2027-01-29,15268.0,15400.0,15201.0,15285.0,11341,36877
2026-09-29,GOLDPETAL,2027-02-26,15416.0,15534.0,15343.0,15435.0,6679,10969
2026-09-29,GOLDTEN,2026-09-30,148875.0,148875.0,146311.0,147161.0,747,734
2026-09-29,GOLDTEN,2026-10-30,148523.0,149437.0,147500.0,148290.0,25062,31674
2026-09-29,GOLDTEN,2026-11-30,149505.0,150862.0,148722.0,149482.0,8962,16036
2026-09-29,GOLDTEN,2026-12-31,150855.0,152066.0,150009.0,150903.0,2681,6895
2026-09-29,GOLDTEN,2027-01-29,151849.0,153299.0,151283.0,152127.0,822,2908
2026-09-29,GOLDTEN,2027-02-26,153527.0,154500.0,152621.0,153409.0,558,851
2026-09-30,GOLDGUINEA,2026-09-30,118887.0,119512.0,118786.0,119374.0,20,439
2026-09-30,GOLDGUINEA,2026-10-30,119987.0,120635.0,119090.0,119207.0,12607,14377
2026-09-30,GOLDGUINEA,2026-11-30,120684.0,121750.0,120297.0,120417.0,3954,7535
2026-09-30,GOLDGUINEA,2026-12-31,121522.0,122639.0,121243.0,121434.0,1336,3288
2026-09-30,GOLDGUINEA,2027-01-29,123190.0,123706.0,122281.0,122447.0,472,1778
2026-09-30,GOLDGUINEA,2027-02-26,123555.0,124600.0,123420.0,123543.0,137,458
2026-09-30,GOLDM,2026-10-05,147019.0,148170.0,146070.0,146151.0,12725,7745
2026-09-30,GOLDM,2026-11-05,148499.0,149802.0,147806.0,147908.0,52749,44601
2026-09-30,GOLDM,2026-12-04,149555.0,151123.0,149002.0,149125.0,16610,14158
2026-09-30,GOLDM,2027-01-05,150980.0,152465.0,150300.0,150453.0,1561,3479
2026-09-30,GOLDM,2027-02-05,152502.0,153780.0,151513.0,151731.0,441,1801
2026-09-30,GOLDM,2027-03-05,154035.0,155009.0,153000.0,153153.0,160,186
2026-09-30,GOLDPETAL,2026-09-30,14885.0,14997.0,14802.0,14884.0,172,905
2026-09-30,GOLDPETAL,2026-10-30,14947.0,15075.0,14875.0,14893.0,300838,207175
2026-09-30,GOLDPETAL,2026-11-30,15060.0,15210.0,15020.0,15033.0,122210,131520
2026-09-30,GOLDPETAL,2026-12-31,15202.0,15347.0,15165.0,15179.0,31644,51375
2026-09-30,GOLDPETAL,2027-01-29,15338.0,15489.0,15309.0,15318.0,12180,36523
2026-09-30,GOLDPETAL,2027-02-26,15466.0,15644.0,15450.0,15464.0,5030,11521
2026-09-30,GOLDTEN,2026-09-30,149489.0,149818.0,147951.0,148248.0,295,568
2026-09-30,GOLDTEN,2026-10-30,148499.0,150185.0,148182.0,148322.0,30456,31599
2026-09-30,GOLDTEN,2026-11-30,149802.0,151547.0,149522.0,149643.0,12521,16002
2026-09-30,GOLDTEN,2026-12-31,151399.0,152900.0,150804.0,151057.0,3578,6871
2026-09-30,GOLDTEN,2027-01-29,152899.0,154268.0,152230.0,152402.0,1262,2997
2026-09-30,GOLDTEN,2027-02-26,154001.0,155515.0,153573.0,153804.0,480,854
2026-10-01,GOLDGUINEA,2026-10-30,119589.0,120295.0,119221.0,119993.0,11305,13525
2026-10-01,GOLDGUINEA,2026-11-30,120747.0,121484.0,120407.0,121147.0,3323,7551
2026-10-01,GOLDGUINEA,2026-12-31,121759.0,122451.0,121434.0,122171.0,928,3301
2026-10-01,GOLDGUINEA,2027-01-29,122544.0,123443.0,122536.0,123222.0,256,1753
2026-10-01,GOLDGUINEA,2027-02-26,123903.0,124450.0,123543.0,124072.0,109,452
2026-10-01,GOLDGUINEA,2027-03-31,,,,124050.0,0,0
2026-10-01,GOLDM,2026-10-05,146875.0,148295.0,146550.0,147729.0,1722,1589
2026-10-01,GOLDM,2026-11-05,148287.0,149371.0,148075.0,149055.0,41017,42632
2026-10-01,GOLDM,2026-12-04,149085.0,150800.0,149085.0,150374.0,14954,14420
2026-10-01,GOLDM,2027-01-05,150930.0,152036.0,150628.0,151629.0,1293,3687
2026-10-01,GOLDM,2027-02-05,152319.0,153375.0,151889.0,153150.0,368,1815
2026-10-01,GOLDM,2027-03-05,153729.0,154740.0,153505.0,154617.0,152,239
2026-10-01,GOLDPETAL,2026-10-30,14911.0,15035.0,14910.0,15002.0,239269,198482
2026-10-01,GOLDPETAL,2026-11-30,15049.0,15180.0,15033.0,15138.0,85108,124644
2026-10-01,GOLDPETAL,2026-12-31,15208.0,15309.0,15191.0,15278.0,26538,52214
2026-10-01,GOLDPETAL,2027-01-29,15351.0,15455.0,15331.0,15423.0,7973,36316
2026-10-01,GOLDPETAL,2027-02-26,15511.0,15586.0,15468.0,15561.0,4126,11492
2026-10-01,GOLDPETAL,2027-03-31,15688.0,15750.0,15627.0,15693.0,727,282
2026-10-01,GOLDTEN,2026-10-30,148788.0,149750.0,148495.0,149436.0,22286,29866
2026-10-01,GOLDTEN,2026-11-30,149743.0,151230.0,149733.0,150834.0,11846,15703
2026-10-01,GOLDTEN,2026-12-31,151483.0,152518.0,151164.0,152128.0,2601,6801
2026-10-01,GOLDTEN,2027-01-29,152714.0,153818.0,152500.0,153611.0,657,2923
2026-10-01,GOLDTEN,2027-02-26,154302.0,155118.0,153953.0,154910.0,358,823
2026-10-01,GOLDTEN,2027-03-31,155990.0,156112.0,155295.0,155662.0,25,21
